# Blender v2.79 (sub 0) OBJ File: ''
# www.blender.org
mtllib KidOmniman.mtl
o Kidomniman
v 0.009858 1.046227 0.056113
v 0.010712 1.038422 0.048910
v 0.006366 1.046808 0.058921
v 0.011377 1.047418 0.054043
v 0.010712 1.038422 0.048910
v 0.009858 1.046227 0.056113
v -0.010712 1.038422 0.048910
v -0.009858 1.046227 0.056113
v -0.006366 1.046808 0.058921
v -0.010712 1.038422 0.048910
v -0.011377 1.047418 0.054043
v -0.009858 1.046227 0.056113
v -0.063298 1.136584 0.048534
v -0.065975 1.132762 0.044756
v -0.066177 1.135510 0.044852
v -0.061279 1.132848 0.047437
v -0.059232 1.141156 0.055419
v -0.058238 1.141620 0.054726
v 0.082829 1.134108 0.034752
v 0.078666 1.134545 0.033685
v 0.085634 1.126324 0.024857
v 0.082829 1.134108 0.034752
v 0.083640 1.125120 0.027217
v 0.078666 1.134545 0.033685
v 0.082674 1.122513 0.041213
v 0.082192 1.125659 0.044590
v 0.079801 1.125304 0.043167
v 0.082192 1.125659 0.044590
v 0.082363 1.122338 0.043366
v 0.079801 1.125304 0.043167
v 0.018799 1.052039 0.026973
v 0.025687 1.053668 0.028118
v 0.021250 1.049741 0.044543
v 0.016521 1.049008 0.043437
v 0.015048 1.047658 0.055231
v 0.017778 1.059196 0.057598
v 0.012737 1.047661 0.052702
v 0.009792 1.057472 0.064283
v 0.007712 1.046571 0.060533
v 0.000000 1.057465 0.066243
v 0.006400 1.046545 0.057418
v 0.000000 1.045902 0.062540
v 0.000000 1.046110 0.058713
v 0.012737 1.047661 0.052702
v 0.016401 1.061151 0.045802
v 0.016521 1.049008 0.043437
v 0.018799 1.052039 0.026973
v 0.017318 1.063890 0.028240
v 0.015353 1.046750 0.023293
v 0.013434 1.040316 0.040073
v 0.017473 1.057444 0.025439
v 0.014346 1.050906 0.043323
v 0.011377 1.047418 0.054043
v 0.010712 1.038422 0.048910
v 0.089263 0.003823 0.087957
v 0.126857 0.003052 0.076263
v 0.107325 0.004722 0.088748
v 0.076564 0.002132 0.075504
v 0.126287 -0.000578 -0.004620
v 0.056949 -0.000927 0.019228
v 0.055652 -0.000662 -0.014402
v 0.114509 -0.000441 -0.030902
v 0.105955 -0.000591 -0.053391
v 0.046904 -0.000251 -0.036323
v 0.093000 0.000815 -0.077264
v 0.043764 0.000828 -0.056779
v 0.053581 0.003978 -0.080574
v 0.075411 0.002903 -0.087814
v 0.012187 1.019023 0.052110
v 0.010622 1.025323 0.056863
v 0.000000 1.017036 0.055839
v 0.000000 1.013667 0.048266
v 0.010424 1.015510 0.044733
v 0.000000 1.015789 0.018762
v 0.021847 1.024383 0.043488
v 0.020273 1.029165 0.049907
v 0.019970 1.020523 0.035008
v 0.030654 1.030273 0.035536
v 0.029509 1.035180 0.045209
v 0.027156 1.025746 0.025220
v 0.017294 1.019109 0.015787
v 0.030010 1.026443 0.008054
v 0.039604 1.037104 0.029636
v 0.039781 1.041530 0.039970
v 0.059728 1.081763 -0.037378
v 0.076881 1.078376 -0.035729
v 0.067659 1.066886 -0.022003
v 0.069248 1.098913 -0.041739
v 0.067680 1.075043 -0.018096
v 0.065640 1.077166 -0.010079
v 0.058471 1.065981 -0.013562
v 0.072218 1.081674 -0.027242
v 0.082548 1.094771 -0.042974
v 0.078413 1.117032 -0.042109
v 0.071315 1.086243 -0.019107
v 0.077787 1.097788 -0.027799
v 0.084770 1.110816 -0.037325
v 0.083297 1.114876 -0.027303
v 0.080492 1.117892 -0.025999
v 0.077751 1.117958 -0.003681
v 0.076150 1.106025 -0.014489
v 0.068407 1.086575 -0.003166
v 0.063262 1.076334 0.007862
v 0.068613 1.099954 0.002461
v 0.068709 1.112656 0.008941
v 0.062469 1.085131 0.018415
v 0.065740 1.100722 0.013272
v 0.063816 1.111422 0.018523
v 0.068807 1.126305 0.019190
v 0.061315 1.101965 0.025467
v 0.057591 1.113340 0.032116
v 0.060253 1.120617 0.026314
v 0.060326 1.131931 0.028713
v 0.052614 1.130178 0.042799
v 0.055099 1.142051 0.039925
v 0.044747 1.144576 0.052946
v 0.047345 1.157919 0.048303
v 0.034824 1.164094 0.056070
v 0.000000 1.065175 0.073284
v 0.004123 1.066701 0.074358
v 0.000000 1.068083 0.080405
v 0.005498 1.069117 0.079129
v 0.000000 1.073054 0.083428
v 0.005945 1.073564 0.081671
v 0.000000 1.077020 0.084100
v 0.005706 1.077264 0.081856
v 0.000000 1.080775 0.081203
v 0.000000 1.084657 0.077314
v 0.004217 1.081149 0.079043
v 0.003545 1.084453 0.075704
v 0.000000 1.091312 0.070429
v 0.000000 1.155278 0.068162
v 0.000000 1.140239 0.070396
v 0.011967 1.142121 0.069140
v 0.013220 1.159751 0.065630
v 0.029652 1.145750 0.063285
v 0.034108 1.127977 0.060841
v 0.044958 1.129531 0.053260
v 0.418074 0.665734 0.101018
v 0.418185 0.661933 0.090856
v 0.423879 0.650334 0.103080
v 0.429372 0.649889 0.090960
v 0.424586 0.648280 0.095044
v 0.428148 0.652183 0.055561
v 0.421879 0.665925 0.054679
v 0.419863 0.659904 0.048439
v 0.425350 0.650292 0.050494
v 0.429260 0.650398 0.045395
v 0.431145 0.648908 0.051025
v 0.432588 0.653173 0.053979
v 0.433535 0.651967 0.046965
v 0.423333 0.664587 0.040832
v 0.432253 0.658895 0.044875
v 0.433535 0.651967 0.046965
v 0.432588 0.653173 0.053979
v 0.430866 0.660801 0.053818
v 0.430310 0.667515 0.043738
v 0.428148 0.652183 0.055561
v 0.421879 0.665925 0.054679
v 0.428935 0.669271 0.052876
v 0.340097 0.666983 0.105043
v 0.338296 0.668799 0.112891
v 0.336714 0.676099 0.110357
v 0.342240 0.659383 0.109474
v 0.342435 0.657797 0.116614
v 0.341437 0.677967 0.115926
v 0.350016 0.669830 0.117492
v 0.350060 0.659397 0.119168
v 0.353469 0.660674 0.113112
v 0.354228 0.670164 0.110192
v 0.349150 0.680421 0.114519
v 0.352505 0.678799 0.107469
v 0.385829 0.702041 0.107037
v 0.380307 0.697290 0.104569
v 0.382743 0.694641 0.105999
v 0.386819 0.710632 0.103285
v 0.376826 0.707245 0.102409
v 0.394201 0.704421 0.103298
v 0.401047 0.684868 0.117009
v 0.396467 0.705359 0.095804
v 0.395064 0.712171 0.090904
v 0.392045 0.711985 0.098569
v 0.408337 0.657531 0.110803
v 0.406352 0.662375 0.109641
v 0.415602 0.659789 0.107949
v 0.417040 0.653332 0.110155
v 0.406093 0.658871 0.119485
v 0.404058 0.666278 0.119821
v 0.415602 0.659789 0.107949
v 0.414863 0.666227 0.107387
v 0.418014 0.665890 0.114435
v 0.413551 0.659964 0.123029
v 0.411514 0.665696 0.122194
v 0.420297 0.659485 0.115258
v 0.417040 0.653332 0.110155
v 0.421978 0.651053 0.115850
v 0.417546 0.651430 0.123440
v 0.409842 0.651536 0.119756
v 0.416610 0.647846 0.116725
v 0.417546 0.651430 0.123440
v 0.421978 0.651053 0.115850
v 0.340097 0.666983 0.105043
v 0.338768 0.676691 0.102031
v 0.346465 0.677647 0.100657
v 0.348729 0.667154 0.103706
v 0.352505 0.678799 0.107469
v 0.354228 0.670164 0.110192
v 0.342240 0.659383 0.109474
v 0.348797 0.659229 0.109070
v 0.353469 0.660674 0.113112
v 0.347891 0.655601 0.114353
v 0.342435 0.657797 0.116614
v 0.350060 0.659397 0.119168
v 0.000000 1.106700 -0.107713
v 0.000000 1.134622 -0.130808
v 0.018583 1.121976 -0.113658
v 0.015420 1.104382 -0.104266
v 0.044958 1.120323 -0.100459
v 0.000000 1.081528 -0.088707
v 0.036617 1.100947 -0.094009
v 0.025255 1.082027 -0.084053
v 0.054020 1.098708 -0.076216
v 0.066451 1.116880 -0.080148
v 0.013690 1.065046 -0.067455
v 0.000000 1.065712 -0.069516
v 0.030212 1.064376 -0.059771
v 0.018994 1.048749 -0.057651
v 0.042259 1.081186 -0.068740
v 0.041822 1.063856 -0.047201
v 0.032528 1.047083 -0.045425
v 0.062982 1.098406 -0.057323
v 0.078413 1.117032 -0.042109
v 0.069248 1.098913 -0.041739
v 0.059728 1.081763 -0.037378
v 0.052158 1.080818 -0.053049
v 0.050158 1.063232 -0.033118
v 0.043521 1.044313 -0.031579
v 0.070917 0.462177 0.035296
v 0.073163 0.534875 0.046408
v 0.043770 0.534580 0.042729
v 0.071566 0.417224 0.024196
v 0.095788 0.464757 0.020892
v 0.091996 0.417652 0.012748
v 0.108117 0.467117 -0.007186
v 0.103342 0.467579 -0.036561
v 0.108963 0.535986 -0.032546
v 0.102775 0.417336 -0.010061
v 0.084364 0.468020 -0.058580
v 0.086646 0.536309 -0.060085
v 0.099160 0.417190 -0.037923
v 0.098416 0.380857 -0.012259
v 0.054742 0.465412 -0.065354
v 0.054712 0.534781 -0.066367
v 0.081198 0.416236 -0.057013
v 0.055286 0.416590 -0.062183
v 0.026784 0.462823 -0.052746
v 0.080199 0.384395 -0.056337
v 0.054892 0.384758 -0.059288
v 0.098437 0.381977 -0.037787
v 0.097487 0.362058 -0.041418
v 0.097113 0.358433 -0.014061
v 0.079520 0.364552 -0.056628
v 0.057093 0.364105 -0.057770
v 0.049722 0.199351 -0.032641
v 0.048053 0.232790 -0.028812
v 0.033393 0.235338 -0.054696
v 0.039286 0.201769 -0.062167
v 0.051147 0.152353 -0.059955
v 0.072803 0.200463 -0.019704
v 0.073263 0.234105 -0.015092
v 0.094666 0.237288 -0.023262
v 0.108528 0.245400 -0.043805
v 0.095537 0.282982 -0.017233
v 0.092968 0.202441 -0.027245
v 0.103866 0.203950 -0.046120
v 0.102566 0.203603 -0.067958
v 0.107044 0.252685 -0.070819
v 0.039286 0.201769 -0.062167
v 0.033393 0.235338 -0.054696
v 0.041493 0.236830 -0.078664
v 0.051147 0.152353 -0.059955
v 0.056981 0.202272 -0.083509
v 0.081471 0.201941 -0.083705
v 0.087085 0.249938 -0.088491
v 0.063921 0.152829 -0.073657
v 0.049747 0.151276 -0.060701
v 0.094355 0.154518 -0.063847
v 0.080224 0.154006 -0.074393
v 0.063657 0.152098 -0.076169
v 0.097632 0.154326 -0.046380
v 0.063932 0.095074 -0.074974
v 0.080758 0.153138 -0.077196
v 0.080551 0.095033 -0.075164
v 0.095413 0.153412 -0.064347
v 0.098979 0.153277 -0.046189
v 0.090290 0.153965 -0.030857
v 0.092394 0.152249 -0.028658
v 0.090416 0.096175 -0.028341
v 0.073157 0.153770 -0.023600
v 0.072741 0.152377 -0.019054
v 0.052523 0.151797 -0.034010
v 0.055157 0.153420 -0.035354
v 0.049747 0.151276 -0.060701
v 0.048473 0.036934 -0.034753
v 0.051703 0.066984 -0.034700
v 0.049337 0.066585 -0.058184
v 0.046877 0.036329 -0.058029
v 0.046904 -0.000251 -0.036323
v 0.043764 0.000828 -0.056779
v 0.053581 0.003978 -0.080574
v 0.057662 0.036138 -0.079935
v 0.075411 0.002903 -0.087814
v 0.080171 0.035801 -0.084819
v 0.061020 0.066537 -0.077645
v 0.093000 0.000815 -0.077264
v 0.080915 0.065690 -0.079546
v 0.097100 0.035580 -0.071942
v 0.105955 -0.000591 -0.053391
v 0.109984 0.034396 -0.049706
v 0.096661 0.064972 -0.065673
v 0.118580 0.016186 -0.028443
v 0.114509 -0.000441 -0.030902
v 0.126287 -0.000578 -0.004620
v 0.129197 0.014425 0.000684
v 0.134671 -0.001071 0.022937
v 0.055652 -0.000662 -0.014402
v 0.056190 0.022672 -0.012058
v 0.046904 -0.000251 -0.036323
v 0.089263 0.003823 0.087957
v 0.088457 0.011680 0.088224
v 0.076564 0.002132 0.075504
v 0.107837 0.013494 0.088853
v 0.106386 0.026253 0.084588
v 0.091879 0.026802 0.084943
v 0.107325 0.004722 0.088748
v 0.126857 0.003052 0.076263
v 0.125969 0.013925 0.077152
v 0.000000 1.155278 0.068162
v 0.013220 1.159751 0.065630
v 0.000000 1.165823 0.069003
v 0.019222 1.178512 0.070391
v 0.000000 1.186423 0.052965
v 0.034824 1.164094 0.056070
v 0.016740 1.196724 0.057069
v 0.000000 1.202060 0.034774
v 0.037113 1.185862 0.069249
v 0.047345 1.157919 0.048303
v 0.016459 1.208512 0.037085
v 0.000000 1.212383 0.006117
v 0.034154 1.202275 0.055772
v 0.056358 1.174037 0.053601
v 0.068945 1.151111 0.043814
v 0.013813 1.221081 0.000830
v 0.000000 1.220247 -0.027023
v 0.038773 1.211206 0.039083
v 0.056768 1.190157 0.046908
v 0.011984 1.226218 -0.029058
v 0.000000 1.223629 -0.052495
v 0.029630 1.225104 -0.006247
v 0.018865 1.223400 -0.052942
v 0.000000 1.216154 -0.077290
v 0.073506 1.173258 0.037014
v 0.067377 1.192379 0.006876
v 0.056709 1.202424 0.029126
v 0.028796 1.226662 -0.035805
v 0.046728 1.219838 -0.013867
v 0.043562 1.217473 -0.050153
v 0.023253 1.214892 -0.072570
v 0.063832 1.203829 -0.027527
v 0.028169 1.201770 -0.087185
v 0.000000 1.202747 -0.093488
v 0.053149 1.205246 -0.059610
v 0.024697 1.183315 -0.103416
v 0.000000 1.185265 -0.107050
v 0.073640 1.190831 -0.039702
v 0.043974 1.187789 -0.092138
v 0.016232 1.166201 -0.116764
v 0.000000 1.169569 -0.117841
v 0.000000 1.153017 -0.125059
v 0.019343 1.141724 -0.124645
v 0.000000 1.134622 -0.130808
v 0.018583 1.121976 -0.113658
v 0.040992 1.156044 -0.116722
v 0.027266 1.130783 -0.116050
v 0.044958 1.120323 -0.100459
v 0.045545 1.143613 -0.116088
v 0.056078 1.169155 -0.098651
v 0.063310 1.191182 -0.069420
v 0.068165 1.154133 -0.097922
v 0.071282 1.173368 -0.081567
v 0.039942 1.128394 -0.115688
v 0.061662 1.137350 -0.101754
v 0.083027 1.144124 -0.081010
v 0.066451 1.116880 -0.080148
v 0.085335 1.172631 -0.055888
v 0.088760 1.159287 -0.067240
v 0.076392 1.130247 -0.072755
v 0.078413 1.117032 -0.042109
v 0.084488 1.137151 -0.058672
v 0.094984 1.152457 -0.038802
v 0.093487 1.166683 -0.026470
v 0.092847 1.147813 -0.007411
v 0.086367 1.135678 -0.038782
v 0.082285 1.179786 -0.009722
v 0.087622 1.168306 0.008216
v 0.084985 1.158901 0.021668
v 0.081196 1.144111 0.019861
v 0.072829 1.138855 0.030135
v 0.081578 1.128007 -0.029154
v 0.080492 1.117892 -0.025999
v 0.084861 1.136858 -0.011432
v 0.079612 1.132594 0.013047
v 0.068807 1.126305 0.019190
v 0.080277 1.125912 -0.005076
v 0.077751 1.117958 -0.003681
v 0.068709 1.112656 0.008941
v 0.055099 1.142051 0.039925
v 0.068945 1.151111 0.043814
v 0.047345 1.157919 0.048303
v 0.072829 1.138855 0.030135
v 0.060326 1.131931 0.028713
v 0.068807 1.126305 0.019190
v 0.000000 1.033348 0.051392
v 0.000000 1.048543 0.065668
v 0.005161 1.048726 0.065086
v 0.009524 1.035258 0.047755
v 0.000000 1.038820 0.012760
v 0.019495 1.037554 0.042093
v 0.014458 1.048815 0.060595
v 0.018330 1.049814 0.057408
v 0.020956 1.050300 0.055821
v 0.022624 1.050616 0.054812
v 0.016408 1.040855 0.017854
v 0.026125 1.041295 0.034567
v 0.028993 1.056813 0.041534
v 0.028115 1.050251 0.044450
v 0.026628 1.043770 0.023283
v 0.028305 1.059070 0.025148
v 0.016758 1.065259 0.019863
v 0.021919 1.059238 0.050284
v 0.000000 1.068858 0.014680
v 0.028993 1.056813 0.041534
v 0.011544 1.062189 0.056114
v 0.000000 1.061572 0.060332
v 0.022624 1.050616 0.054812
v 0.014458 1.048822 0.060595
v 0.005161 1.048752 0.065081
v 0.010065 1.048589 0.063500
v -0.025688 1.053668 0.028118
v -0.018799 1.052039 0.026973
v -0.021250 1.049741 0.044543
v -0.016521 1.049008 0.043437
v -0.015048 1.047658 0.055231
v -0.017778 1.059196 0.057598
v -0.012737 1.047661 0.052702
v -0.009792 1.057472 0.064283
v -0.007712 1.046571 0.060533
v -0.006400 1.046545 0.057418
v -0.016401 1.061151 0.045802
v -0.012737 1.047661 0.052702
v -0.016521 1.049008 0.043437
v -0.018799 1.052039 0.026973
v -0.017318 1.063890 0.028239
v -0.013434 1.040316 0.040073
v -0.015353 1.046750 0.023293
v -0.017473 1.057444 0.025439
v -0.014346 1.050906 0.043323
v -0.011377 1.047418 0.054043
v -0.010712 1.038422 0.048910
v -0.126287 -0.000578 -0.004620
v -0.056949 -0.000927 0.019228
v -0.134671 -0.001071 0.022937
v -0.055652 -0.000662 -0.014402
v -0.114509 -0.000441 -0.030902
v -0.105955 -0.000591 -0.053391
v -0.046904 -0.000251 -0.036323
v -0.093000 0.000815 -0.077264
v -0.043764 0.000828 -0.056779
v -0.053581 0.003978 -0.080574
v -0.075411 0.002903 -0.087814
v 0.000000 1.017036 0.055839
v 0.000000 1.024649 0.060210
v -0.010622 1.025323 0.056863
v -0.012187 1.019023 0.052110
v 0.000000 1.013667 0.048266
v -0.020273 1.029165 0.049907
v -0.010424 1.015510 0.044733
v 0.000000 1.015789 0.018762
v -0.021847 1.024383 0.043488
v -0.019970 1.020523 0.035008
v -0.017294 1.019109 0.015787
v -0.027156 1.025746 0.025220
v -0.030654 1.030273 0.035536
v -0.035985 1.032349 0.017076
v -0.030010 1.026443 0.008054
v -0.029509 1.035180 0.045210
v -0.039781 1.041530 0.039970
v -0.039604 1.037104 0.029636
v -0.059728 1.081763 -0.037378
v -0.055464 1.069033 -0.022377
v -0.067659 1.066886 -0.022003
v -0.065640 1.077166 -0.010079
v -0.061619 1.068673 -0.002061
v -0.063262 1.076334 0.007862
v -0.058471 1.065981 -0.013562
v -0.076881 1.078376 -0.035729
v -0.069248 1.098913 -0.041739
v -0.067680 1.075043 -0.018096
v -0.072218 1.081674 -0.027242
v -0.082548 1.094771 -0.042974
v -0.078413 1.117032 -0.042109
v -0.071315 1.086243 -0.019107
v -0.077787 1.097788 -0.027799
v -0.068407 1.086575 -0.003166
v -0.084770 1.110816 -0.037325
v -0.083297 1.114876 -0.027303
v -0.080492 1.117892 -0.025999
v -0.077751 1.117958 -0.003681
v -0.076150 1.106025 -0.014489
v -0.068613 1.099954 0.002461
v -0.068709 1.112656 0.008941
v -0.062469 1.085131 0.018415
v -0.065740 1.100722 0.013272
v -0.063816 1.111422 0.018523
v -0.068807 1.126305 0.019190
v -0.061315 1.101965 0.025466
v -0.057591 1.113340 0.032116
v -0.060253 1.120617 0.026314
v -0.052614 1.130178 0.042799
v -0.055099 1.142051 0.039924
v -0.060326 1.131931 0.028713
v -0.057981 1.091428 0.030579
v -0.055430 1.101843 0.036434
v -0.044747 1.144576 0.052946
v -0.047345 1.157919 0.048303
v -0.034823 1.164094 0.056070
v -0.029652 1.145750 0.063285
v -0.013220 1.159751 0.065630
v 0.000000 1.155278 0.068162
v -0.011967 1.142121 0.069140
v -0.044958 1.129531 0.053260
v -0.034108 1.127977 0.060841
v 0.000000 1.084657 0.077314
v 0.000000 1.091312 0.070429
v -0.003545 1.084453 0.075704
v -0.004217 1.081149 0.079043
v 0.000000 1.080775 0.081203
v -0.005706 1.077264 0.081856
v 0.000000 1.077020 0.084100
v -0.005945 1.073564 0.081671
v 0.000000 1.073054 0.083428
v -0.052851 1.118371 0.043746
v -0.044970 1.120984 0.055325
v 0.000000 1.068083 0.080405
v -0.005498 1.069117 0.079129
v -0.004123 1.066701 0.074358
v 0.000000 1.065175 0.073284
v -0.005425 1.064316 0.070399
v -0.430765 0.650780 0.080390
v -0.428417 0.648764 0.073724
v -0.421465 0.661554 0.069981
v -0.433427 0.648267 0.069945
v -0.429365 0.663098 0.063975
v -0.418074 0.665734 0.101018
v -0.418185 0.661933 0.090856
v -0.410493 0.672949 0.087387
v -0.423879 0.650334 0.103080
v -0.424586 0.648280 0.095044
v -0.425350 0.650292 0.050494
v -0.419863 0.659904 0.048439
v -0.428148 0.652183 0.055561
v -0.429260 0.650398 0.045395
v -0.423333 0.664587 0.040832
v -0.431145 0.648908 0.051025
v -0.432588 0.653173 0.053979
v -0.433535 0.651967 0.046965
v -0.433535 0.651967 0.046965
v -0.432253 0.658895 0.044875
v -0.432588 0.653173 0.053979
v -0.430866 0.660801 0.053818
v -0.428148 0.652183 0.055561
v -0.340097 0.666983 0.105043
v -0.338296 0.668799 0.112891
v -0.342240 0.659383 0.109474
v -0.342435 0.657797 0.116614
v -0.350016 0.669830 0.117492
v -0.350060 0.659397 0.119168
v -0.353469 0.660674 0.113112
v -0.354228 0.670164 0.110192
v -0.349150 0.680421 0.114519
v -0.385829 0.702041 0.107037
v -0.380307 0.697290 0.104569
v -0.376826 0.707245 0.102409
v -0.394201 0.704421 0.103298
v -0.386819 0.710632 0.103285
v -0.401047 0.684868 0.117009
v -0.382743 0.694641 0.105999
v -0.392045 0.711985 0.098569
v -0.396467 0.705359 0.095804
v -0.417040 0.653332 0.110155
v -0.415602 0.659789 0.107949
v -0.408337 0.657531 0.110803
v -0.406093 0.658871 0.119485
v -0.406352 0.662375 0.109641
v -0.410254 0.684864 0.106264
v -0.395064 0.712171 0.090904
v -0.397087 0.690752 0.091932
v -0.415602 0.659789 0.107949
v -0.420297 0.659485 0.115258
v -0.418014 0.665890 0.114435
v -0.417040 0.653332 0.110155
v -0.421978 0.651053 0.115850
v -0.413551 0.659964 0.123029
v -0.417546 0.651430 0.123440
v -0.409842 0.651536 0.119756
v -0.412015 0.651900 0.113111
v -0.416610 0.647846 0.116725
v -0.417546 0.651430 0.123440
v -0.421978 0.651053 0.115850
v -0.348729 0.667154 0.103706
v -0.346465 0.677647 0.100657
v -0.340097 0.666983 0.105043
v -0.354228 0.670164 0.110192
v -0.352505 0.678799 0.107469
v -0.342240 0.659383 0.109474
v -0.348797 0.659229 0.109070
v -0.353469 0.660674 0.113112
v -0.347891 0.655601 0.114353
v -0.342435 0.657797 0.116614
v -0.350060 0.659397 0.119168
v 0.000000 1.134622 -0.130808
v 0.000000 1.106700 -0.107713
v -0.018583 1.121976 -0.113658
v -0.015420 1.104382 -0.104266
v -0.044958 1.120323 -0.100459
v 0.000000 1.081528 -0.088707
v -0.036617 1.100947 -0.094009
v -0.025255 1.082027 -0.084053
v -0.054020 1.098708 -0.076216
v -0.066451 1.116880 -0.080148
v -0.013690 1.065046 -0.067455
v 0.000000 1.065712 -0.069516
v 0.000000 1.046979 -0.061306
v -0.030212 1.064376 -0.059771
v -0.042260 1.081186 -0.068740
v -0.041822 1.063856 -0.047201
v -0.062983 1.098406 -0.057323
v -0.078413 1.117032 -0.042109
v -0.069248 1.098913 -0.041739
v -0.059728 1.081763 -0.037378
v -0.052158 1.080818 -0.053049
v -0.050158 1.063232 -0.033118
v -0.070917 0.462177 0.035296
v -0.073163 0.534875 0.046408
v -0.095788 0.464757 0.020892
v -0.071566 0.417224 0.024196
v -0.091996 0.417652 0.012748
v -0.108117 0.467117 -0.007186
v -0.100230 0.536295 0.026662
v -0.110574 0.537039 -0.002080
v -0.108963 0.535986 -0.032546
v -0.102775 0.417336 -0.010061
v -0.103342 0.467579 -0.036561
v -0.086646 0.536309 -0.060085
v -0.084364 0.468020 -0.058580
v -0.054712 0.534781 -0.066367
v -0.099160 0.417190 -0.037922
v -0.098416 0.380857 -0.012259
v -0.054742 0.465412 -0.065354
v -0.019611 0.530382 -0.049651
v -0.081198 0.416236 -0.057013
v -0.055286 0.416590 -0.062183
v -0.080199 0.384395 -0.056337
v -0.054892 0.384758 -0.059288
v -0.098437 0.381977 -0.037787
v -0.097487 0.362058 -0.041418
v -0.097113 0.358433 -0.014061
v -0.073263 0.234105 -0.015092
v -0.048053 0.232790 -0.028812
v -0.050005 0.280319 -0.021418
v -0.039286 0.201769 -0.062167
v -0.033393 0.235338 -0.054696
v -0.049722 0.199351 -0.032641
v -0.051147 0.152353 -0.059955
v -0.075428 0.280483 -0.007686
v -0.094666 0.237288 -0.023262
v -0.072803 0.200463 -0.019704
v -0.095537 0.282982 -0.017233
v -0.108528 0.245400 -0.043805
v -0.092968 0.202441 -0.027245
v -0.103866 0.203950 -0.046120
v -0.102566 0.203603 -0.067958
v -0.107044 0.252685 -0.070819
v -0.087085 0.249938 -0.088491
v -0.081471 0.201941 -0.083705
v -0.062140 0.241561 -0.089388
v -0.056981 0.202272 -0.083509
v -0.063921 0.152829 -0.073657
v -0.051147 0.152353 -0.059955
v -0.049747 0.151276 -0.060701
v -0.094355 0.154518 -0.063847
v -0.080224 0.154006 -0.074393
v -0.063657 0.152098 -0.076169
v -0.097632 0.154326 -0.046380
v -0.080758 0.153138 -0.077196
v -0.095413 0.153412 -0.064347
v -0.080551 0.095033 -0.075164
v -0.093852 0.094284 -0.062027
v -0.098979 0.153277 -0.046189
v -0.090290 0.153965 -0.030857
v -0.092394 0.152249 -0.028658
v -0.073157 0.153770 -0.023600
v -0.072741 0.152377 -0.019054
v -0.090416 0.096175 -0.028341
v -0.052523 0.151797 -0.034009
v -0.071961 0.096273 -0.021114
v -0.055157 0.153420 -0.035354
v -0.049747 0.151276 -0.060701
v -0.056856 0.096690 -0.036120
v -0.046877 0.036329 -0.058029
v -0.049337 0.066585 -0.058184
v -0.048473 0.036934 -0.034753
v -0.046904 -0.000251 -0.036323
v -0.043764 0.000828 -0.056779
v -0.053581 0.003978 -0.080574
v -0.057662 0.036138 -0.079935
v -0.075411 0.002903 -0.087814
v -0.080171 0.035801 -0.084818
v -0.061020 0.066537 -0.077645
v -0.093000 0.000815 -0.077264
v -0.080915 0.065690 -0.079546
v -0.097100 0.035580 -0.071942
v -0.105955 -0.000591 -0.053391
v -0.109984 0.034396 -0.049706
v -0.096661 0.064972 -0.065673
v -0.106222 0.065249 -0.042753
v -0.118580 0.016186 -0.028443
v -0.114509 -0.000441 -0.030902
v -0.126287 -0.000578 -0.004620
v -0.116649 0.042468 -0.024966
v -0.048473 0.036934 -0.034753
v -0.051703 0.066984 -0.034700
v -0.064708 0.055258 -0.003350
v -0.056190 0.022672 -0.012058
v -0.046904 -0.000251 -0.036323
v -0.055652 -0.000662 -0.014402
v -0.057087 0.017301 0.016458
v -0.089263 0.003823 0.087957
v -0.076564 0.002132 0.075504
v -0.088457 0.011680 0.088224
v -0.107325 0.004722 0.088748
v -0.107837 0.013494 0.088853
v -0.106386 0.026253 0.084588
v -0.120765 0.027054 0.073244
v -0.125969 0.013925 0.077152
v 0.000000 1.155278 0.068162
v 0.000000 1.165823 0.069003
v -0.013220 1.159751 0.065630
v -0.019222 1.178512 0.070391
v -0.034823 1.164094 0.056070
v 0.000000 1.186423 0.052965
v -0.037113 1.185862 0.069249
v -0.047345 1.157919 0.048303
v -0.016740 1.196724 0.057069
v 0.000000 1.202060 0.034774
v -0.016459 1.208512 0.037085
v 0.000000 1.212383 0.006117
v -0.056358 1.174037 0.053601
v -0.068945 1.151111 0.043814
v -0.034154 1.202275 0.055773
v -0.013813 1.221081 0.000830
v 0.000000 1.220247 -0.027023
v -0.056768 1.190157 0.046908
v -0.038773 1.211206 0.039083
v -0.011984 1.226218 -0.029058
v 0.000000 1.223629 -0.052495
v -0.029630 1.225104 -0.006247
v -0.018866 1.223400 -0.052941
v 0.000000 1.216154 -0.077290
v -0.073506 1.173258 0.037014
v -0.067378 1.192379 0.006876
v -0.056709 1.202424 0.029126
v -0.028796 1.226662 -0.035805
v -0.046728 1.219838 -0.013867
v -0.043562 1.217473 -0.050153
v -0.023253 1.214892 -0.072570
v -0.063832 1.203829 -0.027527
v -0.028169 1.201770 -0.087186
v 0.000000 1.202747 -0.093488
v -0.053149 1.205246 -0.059610
v -0.024697 1.183315 -0.103416
v 0.000000 1.185265 -0.107050
v -0.073640 1.190831 -0.039702
v -0.043974 1.187789 -0.092138
v -0.016232 1.166201 -0.116764
v 0.000000 1.169569 -0.117841
v 0.000000 1.153017 -0.125059
v -0.019343 1.141724 -0.124645
v 0.000000 1.134622 -0.130808
v -0.018583 1.121976 -0.113658
v -0.040992 1.156044 -0.116722
v -0.027266 1.130783 -0.116050
v -0.044958 1.120323 -0.100459
v -0.045545 1.143613 -0.116088
v -0.056078 1.169155 -0.098651
v -0.063310 1.191182 -0.069420
v -0.068165 1.154133 -0.097922
v -0.071282 1.173368 -0.081567
v -0.039942 1.128394 -0.115688
v -0.061662 1.137350 -0.101755
v -0.083027 1.144124 -0.081010
v -0.066451 1.116880 -0.080148
v -0.085335 1.172631 -0.055888
v -0.088760 1.159287 -0.067239
v -0.076392 1.130247 -0.072755
v -0.078413 1.117032 -0.042109
v -0.084488 1.137151 -0.058672
v -0.094984 1.152457 -0.038802
v -0.093487 1.166683 -0.026470
v -0.092847 1.147813 -0.007411
v -0.086367 1.135678 -0.038782
v -0.082285 1.179786 -0.009722
v -0.087622 1.168306 0.008216
v -0.084985 1.158901 0.021668
v -0.081196 1.144111 0.019861
v -0.072829 1.138855 0.030135
v -0.081578 1.128007 -0.029154
v -0.080492 1.117892 -0.025999
v -0.084861 1.136858 -0.011432
v -0.079612 1.132594 0.013048
v -0.068807 1.126305 0.019190
v -0.080277 1.125912 -0.005076
v -0.077751 1.117958 -0.003681
v -0.068709 1.112656 0.008941
v -0.068945 1.151111 0.043814
v -0.055099 1.142051 0.039924
v -0.047345 1.157919 0.048303
v -0.072829 1.138855 0.030135
v -0.060326 1.131931 0.028713
v -0.068807 1.126305 0.019190
v -0.029638 1.103074 0.039350
v -0.042214 1.104337 0.045931
v -0.043667 1.102123 0.043042
v -0.040304 1.106507 0.048923
v -0.035707 1.109085 0.053248
v -0.029694 1.109734 0.055405
v -0.024523 1.108760 0.055549
v -0.019699 1.105776 0.054094
v -0.016724 1.102155 0.051808
v -0.015882 1.099467 0.050025
v -0.029638 1.103074 0.039350
v -0.020190 1.098896 0.051365
v -0.015882 1.099467 0.050025
v -0.026425 1.098253 0.051743
v -0.033293 1.098260 0.050202
v -0.038539 1.099510 0.047277
v -0.041283 1.100713 0.044979
v -0.043667 1.102123 0.043042
v -0.009524 1.035258 0.047755
v -0.005161 1.048726 0.065086
v -0.010065 1.048582 0.063506
v -0.019495 1.037554 0.042093
v -0.014458 1.048815 0.060595
v -0.020956 1.050300 0.055821
v -0.018330 1.049814 0.057408
v -0.016408 1.040855 0.017854
v -0.026125 1.041295 0.034567
v -0.022624 1.050616 0.054812
v -0.028115 1.050251 0.044450
v -0.028993 1.056813 0.041534
v -0.026628 1.043770 0.023283
v -0.028305 1.059070 0.025148
v -0.016759 1.065259 0.019863
v -0.021919 1.059238 0.050284
v -0.028993 1.056813 0.041534
v -0.011544 1.062189 0.056114
v -0.014458 1.048822 0.060595
v -0.018330 1.049821 0.057408
v -0.010065 1.048589 0.063500
v 0.000000 1.048550 0.065663
v -0.005161 1.048752 0.065081
v 0.040438 1.174818 0.071230
v 0.030174 1.165304 0.058937
v 0.040781 1.175181 0.061197
v 0.055620 1.171554 0.059069
v 0.040781 1.175181 0.061197
v 0.052070 1.177666 0.036393
v 0.051380 1.167658 0.061615
v 0.063577 1.167271 0.033697
v 0.061136 1.153243 0.063491
v 0.066055 1.156547 0.051576
v 0.072776 1.134867 0.050725
v 0.068109 1.138200 0.065490
v 0.073521 1.129497 0.058753
v 0.069768 1.156576 0.033133
v 0.077641 1.125140 0.053064
v 0.079801 1.125304 0.043167
v 0.078666 1.134545 0.033685
v 0.081400 1.122366 0.046859
v 0.082363 1.122338 0.043366
v 0.082674 1.122513 0.041213
v 0.083640 1.125120 0.027217
v 0.081391 1.136723 0.024225
v 0.085634 1.126324 0.024857
v 0.086564 1.127091 0.020232
v 0.085692 1.128469 0.014093
v 0.040781 1.175181 0.061197
v 0.030174 1.165304 0.058937
v 0.015545 1.178938 0.041785
v 0.051380 1.167658 0.061615
v 0.040438 1.174818 0.071230
v 0.040781 1.175181 0.061197
v 0.047973 1.170084 0.071990
v 0.042657 1.173980 0.083089
v 0.051653 1.158005 0.078948
v 0.053695 1.160423 0.069709
v 0.061136 1.153243 0.063491
v 0.056453 1.146646 0.076087
v 0.063121 1.142134 0.065176
v 0.068109 1.138200 0.065490
v 0.059290 1.139477 0.072759
v 0.061436 1.132585 0.068371
v 0.064964 1.129913 0.062151
v 0.062614 1.128648 0.065179
v 0.067046 1.129596 0.061664
v 0.063717 1.123553 0.061563
v 0.065108 1.124489 0.059909
v 0.066452 1.124480 0.059147
v 0.064462 1.118956 0.056140
v 0.065435 1.118822 0.055316
v 0.081391 1.136723 0.024225
v 0.084482 1.139181 0.022505
v 0.085692 1.128469 0.014093
v 0.069768 1.156576 0.033133
v 0.063577 1.167271 0.033697
v 0.078411 1.159133 0.033750
v 0.070695 1.172483 0.039415
v 0.052070 1.177666 0.036393
v 0.057717 1.186964 0.041714
v 0.050444 1.194660 0.041832
v 0.030929 1.185558 0.036930
v 0.086564 1.127091 0.020232
v 0.085692 1.128469 0.014093
v 0.084482 1.139181 0.022505
v 0.085634 1.137257 0.027899
v 0.085634 1.126324 0.024857
v 0.081979 1.148937 0.028062
v 0.082829 1.134108 0.034752
v 0.083569 1.146613 0.037602
v 0.077507 1.159902 0.055244
v 0.078411 1.159133 0.033750
v 0.070695 1.172483 0.039415
v 0.076830 1.151170 0.056551
v 0.081285 1.138162 0.043817
v 0.070782 1.168962 0.059400
v 0.065867 1.151805 0.071979
v 0.063085 1.182015 0.054013
v 0.057717 1.186964 0.041714
v 0.052604 1.191701 0.056544
v 0.050444 1.194660 0.041832
v 0.061889 1.176280 0.067006
v 0.057829 1.161521 0.077814
v 0.038678 1.201540 0.049682
v 0.034711 1.201494 0.042279
v -0.003542 1.179434 0.052042
v -0.005727 1.174097 0.068624
v 0.005192 1.189488 0.065217
v 0.050585 1.185998 0.071674
v 0.041064 1.193206 0.071665
v 0.051988 1.171852 0.079742
v 0.045126 1.179826 0.081614
v 0.001992 1.167453 0.076527
v -0.004974 1.167908 0.071195
v -0.002100 1.157116 0.067640
v 0.013321 1.165739 0.078576
v 0.006327 1.157486 0.066898
v 0.018856 1.162728 0.063590
v 0.042657 1.173980 0.083089
v 0.051653 1.158005 0.078948
v 0.061330 1.149359 0.075840
v 0.056453 1.146646 0.076087
v 0.064126 1.140825 0.072841
v 0.059290 1.139477 0.072759
v 0.061436 1.132585 0.068371
v 0.067804 1.144859 0.069327
v 0.063995 1.131458 0.068546
v 0.062614 1.128648 0.065179
v 0.068209 1.146378 0.068427
v 0.068130 1.138559 0.067047
v 0.064027 1.127766 0.065834
v 0.063717 1.123553 0.061563
v 0.068109 1.138200 0.065490
v 0.067623 1.129515 0.063018
v 0.066774 1.124173 0.059965
v 0.064462 1.118956 0.056140
v 0.065435 1.118822 0.055316
v 0.066452 1.124480 0.059147
v 0.067046 1.129596 0.061664
v 0.069337 1.139317 0.065486
v 0.073521 1.129497 0.058753
v 0.073549 1.141702 0.062592
v 0.078413 1.132908 0.055039
v 0.077641 1.125140 0.053064
v 0.082192 1.125659 0.044590
v 0.081400 1.122366 0.046859
v 0.082363 1.122338 0.043366
v 0.082674 1.122513 0.041213
v 0.083640 1.125120 0.027217
v -0.059232 1.141156 0.055419
v -0.055905 1.148515 0.066510
v -0.060966 1.142840 0.058774
v -0.064766 1.137566 0.049815
v -0.063795 1.136700 0.049980
v -0.065975 1.132762 0.044756
v -0.065975 1.132762 0.044756
v -0.064766 1.137566 0.049815
v -0.066177 1.135510 0.044852
v -0.065839 1.141916 0.048111
v -0.060966 1.142840 0.058774
v -0.064388 1.153466 0.057699
v -0.046268 1.190155 0.063075
v -0.050510 1.187325 0.057774
v -0.054705 1.187145 0.060012
v -0.046140 1.188629 0.059889
v -0.049410 1.188202 0.067499
v -0.041425 1.188422 0.074448
v -0.042875 1.180215 0.074517
v -0.032589 1.177022 0.081164
v -0.024315 1.173813 0.080670
v -0.034005 1.172842 0.081817
v -0.028446 1.184556 0.081266
v -0.037855 1.191703 0.071278
v -0.044023 1.193638 0.063841
v -0.047084 1.193863 0.059972
v -0.045972 1.195217 0.060451
v -0.047756 1.197094 0.057118
v -0.034841 1.168109 0.079887
v -0.029436 1.169205 0.076548
v -0.055298 1.139234 0.061357
v -0.046646 1.135942 0.061785
v -0.043826 1.142178 0.068014
v -0.053724 1.133427 0.054779
v -0.059232 1.141156 0.055419
v -0.061279 1.132848 0.047437
v -0.022673 1.165489 0.069475
v -0.033899 1.167237 0.071208
v -0.025650 1.163661 0.060384
v -0.018607 1.161551 0.063410
v -0.013967 1.164576 0.071354
v -0.008918 1.158266 0.064327
v -0.008118 1.165753 0.075334
v -0.002100 1.157116 0.067640
v -0.004974 1.167908 0.071195
v -0.020622 1.179573 0.082311
v -0.005727 1.174097 0.068624
v -0.017741 1.187132 0.072465
v -0.025466 1.190944 0.072899
v -0.013924 1.188740 0.065150
v -0.003542 1.179434 0.052042
v -0.014245 1.188111 0.055067
v -0.022592 1.191368 0.055806
v -0.020808 1.193082 0.065390
v -0.028749 1.194882 0.066737
v -0.033141 1.192792 0.058311
v -0.035515 1.194197 0.065845
v -0.038386 1.192976 0.060570
v -0.040352 1.194250 0.061692
v -0.042641 1.194075 0.057900
v -0.044824 1.196025 0.059163
v -0.045522 1.195708 0.057124
v -0.046913 1.197362 0.057433
v -0.047681 1.197634 0.056152
v -0.047931 1.197018 0.056484
v -0.047931 1.197018 0.056484
v -0.047681 1.197634 0.056152
v -0.045522 1.195708 0.057124
v -0.047094 1.193328 0.057918
v -0.042641 1.194075 0.057900
v -0.047756 1.197094 0.057118
v -0.046140 1.188629 0.059889
v -0.047084 1.193863 0.059972
v -0.046268 1.190155 0.063075
v -0.046140 1.188629 0.059889
v -0.040837 1.189701 0.057540
v -0.048224 1.184991 0.058910
v -0.042641 1.194075 0.057900
v -0.038386 1.192976 0.060570
v -0.033141 1.192792 0.058311
v -0.058238 1.141620 0.054726
v -0.065839 1.141916 0.048111
v -0.063971 1.156418 0.052958
v -0.046646 1.135942 0.061785
v -0.053724 1.133427 0.054779
v -0.061279 1.132848 0.047437
v -0.033141 1.192792 0.058311
v -0.035826 1.169191 0.058485
v -0.040837 1.189701 0.057540
v -0.051367 1.181508 0.054919
v -0.063298 1.136584 0.048534
v -0.066177 1.135510 0.044852
v -0.065839 1.141916 0.048111
v -0.058238 1.141620 0.054726
v -0.059232 1.141156 0.055419
v -0.063795 1.136700 0.049980
v -0.058238 1.141620 0.054726
v -0.063298 1.136584 0.048534
v -0.065975 1.132762 0.044756
v -0.433427 0.648267 0.069945
v -0.437886 0.650409 0.071537
v -0.435360 0.661190 0.069485
v -0.431730 0.662704 0.078878
v -0.435536 0.651780 0.079692
v -0.430765 0.650780 0.080390
v -0.425908 0.665528 0.079537
v -0.434701 0.647744 0.076545
v -0.437886 0.650409 0.071537
v -0.428417 0.648764 0.073724
v -0.433427 0.648267 0.069945
v -0.418074 0.665734 0.101018
v -0.426579 0.664354 0.101743
v -0.423879 0.650334 0.103080
v -0.429372 0.649889 0.090960
v -0.434655 0.649125 0.095791
v -0.430760 0.663284 0.091714
v -0.431450 0.650256 0.103829
v -0.429387 0.645451 0.099399
v -0.424586 0.648280 0.095044
v -0.434655 0.649125 0.095791
v -0.429372 0.649889 0.090960
v 0.000000 1.046513 0.059650
v -0.006366 1.046808 0.058921
v -0.007585 1.046399 0.060820
v 0.000000 1.046097 0.062289
v 0.000000 1.034409 0.058789
v -0.011400 1.034490 0.055720
v -0.010871 1.045866 0.057853
v -0.009858 1.046227 0.056113
v -0.017571 1.035710 0.050981
v -0.011377 1.047418 0.054043
v -0.013499 1.048360 0.057344
v -0.015020 1.048253 0.053322
v -0.019572 1.051423 0.044311
v -0.021854 1.040642 0.040775
v -0.014346 1.050906 0.043323
v -0.023834 1.058268 0.026018
v -0.017473 1.057444 0.025439
v 0.437886 0.650409 0.071537
v 0.433427 0.648267 0.069945
v 0.435360 0.661190 0.069485
v 0.429365 0.663098 0.063975
v 0.435536 0.651780 0.079692
v 0.431730 0.662704 0.078878
v 0.430765 0.650780 0.080390
v 0.430860 0.667704 0.077468
v 0.425908 0.665528 0.079537
v 0.434701 0.647744 0.076545
v 0.437886 0.650409 0.071537
v 0.428417 0.648764 0.073724
v 0.433427 0.648267 0.069945
v 0.418074 0.665734 0.101018
v 0.426579 0.664354 0.101743
v 0.424774 0.668090 0.101165
v 0.429372 0.649889 0.090960
v 0.426315 0.663679 0.086684
v 0.430760 0.663284 0.091714
v 0.434655 0.649125 0.095791
v 0.431450 0.650256 0.103829
v 0.423879 0.650334 0.103080
v 0.429387 0.645451 0.099399
v 0.424586 0.648280 0.095044
v 0.434655 0.649125 0.095791
v 0.429372 0.649889 0.090960
v -0.046345 1.105605 0.039944
v -0.043580 1.098136 0.043129
v -0.043500 1.104788 0.047654
v -0.043752 1.112263 0.044691
v -0.042022 1.098505 0.047082
v -0.035189 1.092080 0.046961
v -0.042176 1.111079 0.048472
v -0.035502 1.117537 0.049775
v -0.036923 1.107723 0.053782
v -0.033218 1.111306 0.054505
v -0.023545 1.117568 0.050823
v -0.036838 1.100745 0.053011
v -0.037657 1.104232 0.053328
v -0.029973 1.104047 0.055844
v -0.026584 1.111323 0.055087
v -0.034627 1.097952 0.052892
v -0.022791 1.107760 0.055020
v -0.031464 1.096407 0.052996
v -0.027972 1.096416 0.053301
v -0.023234 1.092111 0.048007
v -0.024847 1.097977 0.053749
v -0.015955 1.098110 0.049946
v -0.013587 1.097847 0.046207
v -0.022706 1.100782 0.054248
v -0.021972 1.104271 0.054703
v -0.014386 1.104787 0.050885
v -0.010132 1.105641 0.043623
v -0.013768 1.112597 0.047838
v -0.016119 1.111467 0.051423
v 0.007585 1.046399 0.060820
v 0.006366 1.046808 0.058921
v 0.011400 1.034490 0.055720
v 0.010871 1.045866 0.057853
v 0.009858 1.046227 0.056113
v 0.017571 1.035710 0.050981
v 0.011377 1.047418 0.054043
v 0.013499 1.048360 0.057344
v 0.015020 1.048253 0.053323
v 0.019572 1.051423 0.044311
v 0.021854 1.040642 0.040775
v 0.014346 1.050906 0.043323
v 0.023834 1.058268 0.026018
v 0.017473 1.057444 0.025439
v 0.043580 1.098136 0.043129
v 0.046345 1.105605 0.039944
v 0.043500 1.104788 0.047654
v 0.043752 1.112263 0.044691
v 0.042022 1.098505 0.047082
v 0.035189 1.092080 0.046961
v 0.042176 1.111079 0.048472
v 0.035502 1.117537 0.049775
v 0.036923 1.107723 0.053782
v 0.033218 1.111306 0.054504
v 0.023545 1.117568 0.050823
v 0.036838 1.100745 0.053011
v 0.037657 1.104232 0.053328
v 0.029973 1.104047 0.055844
v 0.026584 1.111323 0.055087
v 0.034627 1.097952 0.052892
v 0.022791 1.107760 0.055020
v 0.031464 1.096407 0.052996
v 0.027972 1.096416 0.053301
v 0.023234 1.092111 0.048007
v 0.024847 1.097977 0.053749
v 0.015955 1.098110 0.049946
v 0.013587 1.097847 0.046207
v 0.022706 1.100782 0.054248
v 0.021972 1.104271 0.054703
v 0.014386 1.104787 0.050885
v 0.010132 1.105641 0.043623
v 0.013768 1.112597 0.047838
v 0.016119 1.111467 0.051423
v -0.034212 1.166058 0.075866
v -0.033899 1.167237 0.071208
v -0.029436 1.169205 0.076548
v 0.134145 0.000551 0.057590
v 0.060853 0.000020 0.048271
v 0.134671 -0.001071 0.022937
v 0.092010 0.888757 0.008555
v 0.097698 0.899262 0.004094
v 0.081640 0.911418 0.012461
v 0.085135 0.876861 0.015640
v 0.095301 0.870520 -0.009816
v 0.098583 0.834878 -0.032295
v 0.101420 0.854705 -0.032651
v 0.090768 0.850667 0.001207
v 0.085030 0.823931 -0.065270
v 0.098101 0.845468 -0.060876
v 0.095125 0.811301 -0.030741
v 0.080353 0.844091 -0.079704
v 0.101252 0.865415 -0.071215
v 0.072268 0.859641 -0.091771
v 0.000000 1.048543 0.065668
v 0.000000 1.041679 0.066747
v 0.005161 1.048726 0.065086
v 0.007184 1.042150 0.065257
v 0.000000 1.034128 0.060369
v 0.007973 1.033160 0.058088
v 0.013606 1.043507 0.061990
v 0.000000 1.024649 0.060210
v 0.017748 1.035088 0.053916
v 0.020956 1.050300 0.055821
v 0.023660 1.049969 0.054372
v 0.022624 1.050616 0.054812
v 0.029401 1.045206 0.051721
v 0.022245 1.048864 0.055376
v 0.024726 1.040331 0.051620
v 0.035985 1.032349 0.017076
v 0.039160 1.035526 -0.002726
v 0.041660 1.049999 0.045751
v 0.049458 1.046499 0.018185
v 0.050766 1.053396 0.031573
v 0.044672 1.040578 0.005968
v 0.050999 1.050862 -0.005970
v 0.046068 1.046843 -0.014943
v 0.052919 1.062107 -0.021298
v 0.056621 1.057051 0.007618
v 0.055464 1.069033 -0.022377
v 0.031149 1.048920 0.053218
v 0.057471 1.063856 0.021476
v 0.061619 1.068673 -0.002061
v 0.055430 1.101843 0.036434
v 0.050790 1.109950 0.046617
v 0.041124 1.056591 0.050458
v 0.028760 1.054874 0.057683
v 0.030373 1.052091 0.055342
v 0.037511 1.061982 0.055402
v 0.023803 1.051576 0.057100
v 0.024495 1.050874 0.054896
v 0.020956 1.050306 0.055821
v 0.020353 1.050915 0.060322
v 0.025500 1.056958 0.060455
v 0.015769 1.051708 0.064926
v 0.014458 1.048822 0.060595
v 0.031796 1.065023 0.059645
v 0.005161 1.048752 0.065081
v 0.004668 1.053918 0.070662
v 0.000000 1.052604 0.070973
v 0.000000 1.048550 0.065663
v 0.000000 1.058568 0.070238
v 0.011016 1.052901 0.068192
v 0.005387 1.059573 0.070000
v 0.000000 1.062029 0.070590
v 0.016322 1.068173 0.064103
v 0.012339 1.065687 0.067100
v 0.012724 1.060141 0.067254
v 0.005425 1.064316 0.070399
v 0.000000 1.102861 0.067632
v 0.005508 1.091028 0.068822
v 0.008762 1.079847 0.073759
v 0.009742 1.075309 0.078133
v 0.008150 1.070938 0.078437
v 0.005664 1.072280 0.070913
v 0.000000 1.110021 0.070728
v 0.007387 1.102220 0.065850
v 0.010989 1.070197 0.074902
v 0.006466 1.066690 0.070976
v 0.010289 1.066923 0.070208
v 0.014458 1.068788 0.069561
v 0.014015 1.073520 0.072866
v 0.015698 1.071855 0.068320
v 0.012787 1.077514 0.068948
v 0.015353 1.074718 0.064245
v 0.026000 1.073909 0.061676
v 0.012361 1.079273 0.065600
v 0.018889 1.086676 0.060654
v 0.027504 1.093110 0.054225
v 0.028087 1.084706 0.058170
v 0.038583 1.083915 0.054384
v 0.038674 1.093076 0.050420
v 0.047566 1.087996 0.047246
v 0.018101 1.095796 0.053998
v 0.046787 1.096842 0.044566
v 0.052217 1.095163 0.040834
v 0.047234 1.100760 0.043887
v 0.045077 1.100885 0.045769
v 0.045477 1.103414 0.047292
v 0.040125 1.098314 0.049905
v 0.034703 1.097022 0.052929
v 0.043555 1.099884 0.046940
v 0.038539 1.099510 0.047277
v 0.041283 1.100713 0.044979
v 0.033293 1.098260 0.050202
v 0.043667 1.102123 0.043042
v 0.042214 1.104337 0.045931
v 0.026981 1.097014 0.054661
v 0.026425 1.098253 0.051743
v 0.043849 1.102754 0.048208
v 0.040304 1.106507 0.048923
v 0.020505 1.097788 0.053976
v 0.020190 1.098896 0.051365
v 0.015882 1.099467 0.050025
v 0.017292 1.098229 0.052752
v 0.042484 1.106487 0.051783
v 0.019699 1.105776 0.054094
v 0.020496 1.104140 0.056622
v 0.018134 1.100917 0.054535
v 0.024523 1.108760 0.055549
v 0.025223 1.107388 0.058295
v 0.023279 1.107666 0.061875
v 0.029694 1.109734 0.055404
v 0.030552 1.108555 0.058329
v 0.035707 1.109085 0.053248
v 0.031062 1.109351 0.059181
v 0.037117 1.107847 0.055974
v 0.041277 1.105323 0.051853
v 0.038073 1.108585 0.056209
v 0.023215 1.108562 0.064473
v 0.011748 1.105671 0.064675
v 0.042936 1.113228 0.057023
v 0.034278 1.112862 0.062753
v 0.033883 1.116497 0.064873
v 0.021829 1.112110 0.069030
v 0.044970 1.120984 0.055325
v 0.000000 1.120802 0.071401
v 0.008560 1.110906 0.069700
v 0.010812 1.122355 0.070210
v 0.052851 1.118371 0.043746
v 0.421465 0.661554 0.069981
v 0.425908 0.665528 0.079537
v 0.414349 0.673377 0.066576
v 0.429365 0.663098 0.063975
v 0.428417 0.648764 0.073724
v 0.430765 0.650780 0.080390
v 0.397690 0.693238 0.034039
v 0.396702 0.687611 0.040178
v 0.390566 0.689163 0.042849
v 0.383836 0.694066 0.038797
v 0.374635 0.699360 0.100805
v 0.365476 0.702544 0.095673
v 0.374847 0.694018 0.093588
v 0.382904 0.687412 0.096105
v 0.380307 0.697290 0.104569
v 0.382743 0.694641 0.105999
v 0.410493 0.672949 0.087387
v 0.426315 0.663679 0.086684
v 0.418530 0.680907 0.037324
v 0.420035 0.676227 0.038091
v 0.412213 0.676101 0.044700
v 0.397690 0.693238 0.034039
v 0.408242 0.693252 0.035016
v 0.396702 0.687611 0.040178
v 0.418422 0.664073 0.047685
v 0.414128 0.672027 0.045762
v 0.423512 0.684412 0.040600
v 0.425495 0.679380 0.041079
v 0.412655 0.700072 0.041050
v 0.424799 0.685448 0.046663
v 0.426787 0.680480 0.047842
v 0.424599 0.679967 0.052418
v 0.422728 0.684874 0.051715
v 0.404128 0.703259 0.034921
v 0.403613 0.710962 0.040523
v 0.407805 0.707474 0.041921
v 0.353791 0.739680 0.078113
v 0.346702 0.748971 0.068740
v 0.334637 0.740050 0.071763
v 0.372565 0.731965 0.082542
v 0.370598 0.741260 0.060659
v 0.336378 0.733765 0.080274
v 0.359846 0.726253 0.090888
v 0.330617 0.704614 0.093904
v 0.335535 0.709441 0.099907
v 0.329632 0.711986 0.087678
v 0.340230 0.720852 0.093145
v 0.332832 0.697201 0.098398
v 0.333303 0.693540 0.091060
v 0.337262 0.681580 0.099812
v 0.335725 0.682752 0.107776
v 0.338768 0.676691 0.102031
v 0.337723 0.699459 0.104544
v 0.344146 0.711017 0.103083
v 0.339761 0.686238 0.112549
v 0.348415 0.685651 0.112332
v 0.352185 0.682964 0.105209
v 0.352722 0.692410 0.099411
v 0.346659 0.699233 0.105301
v 0.357384 0.700965 0.094375
v 0.350128 0.712362 0.099247
v 0.373643 0.718506 0.097215
v 0.359951 0.714298 0.096527
v 0.385767 0.721864 0.088248
v 0.368784 0.711375 0.098310
v 0.374635 0.699360 0.100805
v 0.380590 0.714695 0.100191
v 0.388078 0.716857 0.094143
v 0.414863 0.666227 0.107387
v 0.407563 0.685996 0.113828
v 0.403457 0.680259 0.118582
v 0.410254 0.684864 0.106264
v 0.409536 0.681138 0.115269
v 0.411987 0.680416 0.107534
v 0.416504 0.670739 0.113242
v 0.409831 0.670437 0.121400
v 0.412015 0.651900 0.113111
v 0.337262 0.681580 0.099812
v 0.346338 0.679951 0.098731
v 0.352185 0.682964 0.105209
v 0.055464 1.069033 -0.022377
v 0.052919 1.062107 -0.021298
v 0.046068 1.046843 -0.014943
v 0.046068 1.046843 -0.014943
v 0.039160 1.035526 -0.002726
v 0.039933 1.030906 -0.015676
v 0.097869 0.654831 -0.000277
v 0.091723 0.695278 0.000069
v 0.082691 0.693012 0.022471
v 0.099855 0.655031 -0.031581
v 0.091197 0.695945 -0.028351
v 0.103598 0.620039 0.000298
v 0.086740 0.653799 0.023637
v 0.091765 0.618656 0.026270
v 0.067607 0.650853 0.041617
v 0.069651 0.615399 0.043614
v 0.044113 0.606282 0.047553
v 0.105411 0.618802 -0.032120
v 0.108567 0.586574 -0.000512
v 0.095801 0.584967 0.028334
v 0.071709 0.583787 0.045358
v 0.043987 0.579756 0.044716
v 0.088376 0.614682 -0.062919
v 0.060632 0.608341 -0.087376
v 0.060260 0.653488 -0.082291
v 0.100230 0.536295 0.026662
v 0.090121 0.581841 -0.057680
v 0.063738 0.574492 -0.072497
v 0.034473 0.377576 -0.002710
v 0.029324 0.413493 0.004670
v 0.024623 0.412792 -0.021376
v 0.030626 0.380412 -0.024192
v 0.044833 0.461533 0.031949
v 0.050030 0.378255 0.012688
v 0.047236 0.415703 0.021346
v 0.038571 0.354853 -0.009255
v 0.033860 0.357510 -0.026700
v 0.036926 0.337271 -0.031645
v 0.070499 0.379941 0.016748
v 0.072367 0.356461 0.013469
v 0.054872 0.353724 0.008700
v 0.043992 0.333232 -0.014897
v 0.042898 0.316887 -0.037946
v 0.061782 0.328792 0.006856
v 0.089182 0.380078 0.007175
v 0.110574 0.537039 -0.002080
v 0.108563 0.585470 -0.032103
v 0.032300 0.415764 -0.047601
v 0.036782 0.384021 -0.046689
v 0.030626 0.380412 -0.024192
v 0.024623 0.412792 -0.021376
v 0.039307 0.361942 -0.047690
v 0.033860 0.357510 -0.026700
v 0.043535 0.344531 -0.047825
v 0.036926 0.337271 -0.031645
v 0.042898 0.316887 -0.037946
v 0.047750 0.322249 -0.055007
v 0.038481 0.283817 -0.047312
v 0.058986 0.349884 -0.058386
v 0.060419 0.330248 -0.065867
v 0.096833 0.348206 -0.045640
v 0.078839 0.352080 -0.059418
v 0.079502 0.333806 -0.066019
v 0.089108 0.357964 0.005321
v 0.097193 0.338752 -0.017174
v 0.089660 0.332406 0.003415
v 0.076146 0.328098 0.010467
v 0.089482 0.313295 -0.005245
v 0.099517 0.321493 -0.026542
v 0.077232 0.308547 0.000524
v 0.061464 0.310582 -0.003814
v 0.075428 0.280483 -0.007686
v 0.046922 0.312776 -0.019597
v 0.050005 0.280319 -0.021418
v 0.038481 0.283817 -0.047312
v 0.098294 0.330234 -0.051387
v 0.102493 0.297796 -0.061490
v 0.082606 0.299160 -0.079056
v 0.104787 0.290922 -0.037183
v 0.063456 0.296204 -0.078938
v 0.045649 0.288888 -0.069732
v 0.062140 0.241561 -0.089388
v 0.052954 0.095998 -0.059187
v 0.093852 0.094284 -0.062027
v 0.098167 0.094695 -0.045744
v 0.071961 0.096273 -0.021114
v 0.056856 0.096690 -0.036121
v 0.052954 0.095998 -0.059187
v 0.056856 0.096690 -0.036121
v 0.052954 0.095998 -0.059187
v 0.063932 0.095074 -0.074974
v 0.080551 0.095033 -0.075164
v 0.093852 0.094284 -0.062027
v 0.098167 0.094695 -0.045744
v 0.106222 0.065249 -0.042753
v 0.098311 0.072304 -0.023378
v 0.090416 0.096175 -0.028341
v 0.116649 0.042468 -0.024966
v 0.125589 0.031671 0.003494
v 0.133333 0.013322 0.027848
v 0.134145 0.000551 0.057590
v 0.132258 0.013375 0.056022
v 0.083859 0.075183 -0.013081
v 0.071961 0.096273 -0.021114
v 0.127376 0.030861 0.030778
v 0.089828 0.061730 0.002435
v 0.116516 0.044692 0.009603
v 0.063642 0.069399 -0.017080
v 0.056856 0.096690 -0.036121
v 0.051703 0.066984 -0.034700
v 0.064708 0.055258 -0.003350
v 0.048473 0.036934 -0.034753
v 0.061476 0.014620 0.046530
v 0.057087 0.017301 0.016458
v 0.056949 -0.000927 0.019228
v 0.060853 0.000020 0.048271
v 0.100038 0.040476 0.044031
v 0.092938 0.050855 0.022473
v 0.066850 0.030674 0.043540
v 0.076521 0.012968 0.074801
v 0.082057 0.029688 0.071582
v 0.126316 0.029392 0.054396
v 0.103657 0.035591 0.062714
v 0.120765 0.027054 0.073244
v 0.042214 1.104337 0.045931
v 0.029638 1.103074 0.039350
v 0.043667 1.102123 0.043042
v 0.040304 1.106507 0.048923
v 0.035707 1.109085 0.053248
v 0.029694 1.109734 0.055404
v 0.024523 1.108760 0.055549
v 0.019699 1.105776 0.054094
v 0.020190 1.098896 0.051365
v 0.029638 1.103074 0.039350
v 0.015882 1.099467 0.050025
v 0.026425 1.098253 0.051743
v 0.033293 1.098260 0.050202
v 0.038539 1.099510 0.047277
v 0.041283 1.100713 0.044979
v 0.043667 1.102123 0.043042
v 0.028115 1.050251 0.044450
v 0.020956 1.050306 0.055821
v 0.018330 1.049821 0.057408
v -0.126857 0.003052 0.076263
v -0.089263 0.003823 0.087957
v -0.107325 0.004722 0.088748
v -0.076564 0.002132 0.075504
v -0.134145 0.000551 0.057590
v -0.060853 0.000020 0.048272
v -0.092010 0.888757 0.008555
v -0.085135 0.876861 0.015640
v -0.073649 0.896166 0.021641
v -0.098101 0.845468 -0.060876
v -0.101420 0.854705 -0.032651
v -0.105280 0.864156 -0.054299
v -0.098583 0.834878 -0.032295
v -0.080353 0.844091 -0.079704
v -0.085030 0.823931 -0.065270
v -0.101252 0.865415 -0.071215
v -0.034969 0.876722 -0.098663
v -0.038872 0.851229 -0.091966
v -0.066344 0.880378 -0.097511
v -0.062506 0.906934 -0.099096
v -0.031519 0.904744 -0.101387
v 0.000000 0.902859 -0.097724
v 0.000000 1.041679 0.066747
v 0.000000 1.048543 0.065668
v -0.005161 1.048726 0.065086
v -0.007184 1.042150 0.065258
v -0.010065 1.048582 0.063506
v 0.000000 1.034128 0.060369
v -0.007973 1.033160 0.058088
v -0.013606 1.043507 0.061990
v -0.017748 1.035088 0.053917
v -0.029401 1.045206 0.051721
v -0.041660 1.049999 0.045751
v -0.031149 1.048920 0.053218
v -0.050766 1.053396 0.031573
v -0.049458 1.046499 0.018184
v -0.044672 1.040578 0.005968
v -0.039160 1.035526 -0.002726
v -0.050999 1.050862 -0.005970
v -0.046068 1.046843 -0.014943
v -0.052919 1.062107 -0.021298
v -0.056621 1.057051 0.007618
v -0.057471 1.063856 0.021476
v -0.050790 1.109950 0.046617
v -0.041124 1.056591 0.050458
v -0.048831 1.062736 0.043178
v -0.047234 1.100760 0.043887
v -0.052217 1.095163 0.040834
v 0.000000 1.140239 0.070396
v -0.010812 1.122355 0.070210
v -0.021591 1.124934 0.067465
v 0.000000 1.110021 0.070728
v -0.008560 1.110906 0.069700
v -0.007387 1.102220 0.065850
v 0.000000 1.102861 0.067632
v -0.005509 1.091028 0.068822
v -0.008761 1.079847 0.073759
v -0.042936 1.113228 0.057023
v -0.033883 1.116497 0.064873
v -0.009742 1.075309 0.078133
v -0.045477 1.103414 0.047292
v -0.042484 1.106487 0.051783
v -0.008150 1.070938 0.078437
v -0.005664 1.072280 0.070913
v -0.043849 1.102754 0.048208
v -0.010989 1.070197 0.074902
v -0.006466 1.066690 0.070976
v -0.010289 1.066923 0.070208
v 0.000000 1.058568 0.070238
v 0.000000 1.062029 0.070590
v -0.005387 1.059573 0.070001
v -0.004668 1.053918 0.070662
v 0.000000 1.052604 0.070973
v -0.005161 1.048752 0.065081
v 0.000000 1.048550 0.065663
v -0.011016 1.052901 0.068192
v -0.012339 1.065687 0.067101
v -0.012724 1.060141 0.067254
v -0.014458 1.068788 0.069561
v -0.016322 1.068173 0.064103
v -0.020353 1.050915 0.060322
v -0.018330 1.049821 0.057408
v -0.014458 1.048822 0.060595
v -0.014015 1.073520 0.072867
v -0.023803 1.051576 0.057100
v -0.020956 1.050306 0.055821
v -0.015698 1.071855 0.068320
v -0.012787 1.077514 0.068948
v -0.023660 1.049969 0.054372
v -0.024495 1.050874 0.054896
v -0.015353 1.074718 0.064245
v -0.026000 1.073909 0.061676
v -0.012361 1.079273 0.065600
v -0.028760 1.054874 0.057683
v -0.025500 1.056958 0.060455
v -0.030373 1.052091 0.055342
v -0.037511 1.061982 0.055401
v -0.031796 1.065023 0.059645
v -0.023818 1.066777 0.062610
v -0.038674 1.093076 0.050420
v -0.038583 1.083915 0.054385
v -0.027504 1.093110 0.054225
v -0.046787 1.096842 0.044566
v -0.040125 1.098314 0.049905
v -0.034703 1.097022 0.052929
v -0.043555 1.099884 0.046940
v -0.045077 1.100885 0.045769
v -0.038539 1.099510 0.047277
v -0.041283 1.100713 0.044979
v -0.043667 1.102123 0.043042
v -0.042214 1.104337 0.045931
v -0.033293 1.098260 0.050202
v -0.040304 1.106507 0.048923
v -0.026981 1.097014 0.054661
v -0.026425 1.098253 0.051743
v -0.041277 1.105323 0.051853
v -0.035707 1.109085 0.053248
v -0.020505 1.097788 0.053976
v -0.018101 1.095796 0.053998
v -0.020190 1.098896 0.051365
v -0.017292 1.098229 0.052752
v -0.020496 1.104140 0.056622
v -0.018134 1.100917 0.054535
v -0.014368 1.102313 0.058036
v -0.019699 1.105776 0.054094
v -0.024523 1.108760 0.055549
v -0.023279 1.107666 0.061876
v -0.011748 1.105671 0.064675
v -0.025223 1.107388 0.058295
v -0.029694 1.109734 0.055405
v -0.023215 1.108562 0.064473
v -0.021829 1.112110 0.069030
v -0.030552 1.108555 0.058329
v -0.031062 1.109351 0.059181
v -0.034278 1.112862 0.062753
v -0.037116 1.107847 0.055974
v -0.038073 1.108585 0.056209
v -0.414349 0.673377 0.066576
v -0.397690 0.693238 0.034039
v -0.390291 0.700633 0.030986
v -0.383836 0.694066 0.038797
v -0.374635 0.699360 0.100805
v -0.380307 0.697290 0.104569
v -0.382904 0.687412 0.096105
v -0.382743 0.694641 0.105999
v -0.426315 0.663679 0.086684
v -0.418804 0.679380 0.081851
v -0.429372 0.649889 0.090960
v -0.418530 0.680907 0.037324
v -0.412213 0.676101 0.044700
v -0.420035 0.676227 0.038091
v -0.397690 0.693238 0.034039
v -0.408242 0.693252 0.035016
v -0.404128 0.703259 0.034921
v -0.390291 0.700633 0.030986
v -0.418422 0.664073 0.047685
v -0.421879 0.665925 0.054679
v -0.425495 0.679380 0.041079
v -0.423512 0.684412 0.040600
v -0.412655 0.700072 0.041050
v -0.424799 0.685448 0.046663
v -0.426787 0.680480 0.047842
v -0.430310 0.667515 0.043738
v -0.428935 0.669271 0.052876
v -0.421879 0.665925 0.054679
v -0.417682 0.678180 0.053997
v -0.424599 0.679967 0.052418
v -0.422728 0.684874 0.051715
v -0.411089 0.700452 0.050177
v -0.403613 0.710962 0.040523
v -0.398146 0.713363 0.036190
v -0.353791 0.739680 0.078113
v -0.346702 0.748971 0.068740
v -0.360064 0.750650 0.055613
v -0.370598 0.741260 0.060659
v -0.372565 0.731965 0.082542
v -0.336378 0.733765 0.080274
v -0.334637 0.740050 0.071763
v -0.359846 0.726253 0.090888
v -0.335535 0.709441 0.099907
v -0.330617 0.704614 0.093904
v -0.329632 0.711986 0.087678
v -0.332832 0.697201 0.098398
v -0.333303 0.693540 0.091060
v -0.337262 0.681580 0.099812
v -0.335725 0.682752 0.107776
v -0.338768 0.676691 0.102031
v -0.337723 0.699459 0.104544
v -0.344146 0.711017 0.103083
v -0.336714 0.676099 0.110357
v -0.339761 0.686238 0.112549
v -0.341437 0.677967 0.115926
v -0.352505 0.678799 0.107469
v -0.348415 0.685651 0.112332
v -0.352185 0.682964 0.105209
v -0.346659 0.699233 0.105301
v -0.350128 0.712362 0.099247
v -0.357384 0.700965 0.094375
v -0.373643 0.718506 0.097215
v -0.374635 0.699360 0.100805
v -0.368784 0.711375 0.098310
v -0.380590 0.714695 0.100191
v -0.385767 0.721864 0.088248
v -0.388078 0.716857 0.094143
v -0.395593 0.679648 0.114569
v -0.403457 0.680259 0.118582
v -0.397087 0.677079 0.115607
v -0.407563 0.685996 0.113828
v -0.409831 0.670437 0.121400
v -0.404058 0.666278 0.119821
v -0.411514 0.665696 0.122194
v -0.416504 0.670739 0.113242
v -0.414863 0.666227 0.107387
v -0.346338 0.679951 0.098731
v -0.346557 0.691106 0.088826
v -0.337262 0.681580 0.099812
v -0.352185 0.682964 0.105209
v -0.352722 0.692410 0.099411
v -0.338768 0.676691 0.102031
v -0.055464 1.069033 -0.022377
v -0.052919 1.062107 -0.021298
v -0.043521 1.044313 -0.031579
v -0.046068 1.046843 -0.014943
v -0.046068 1.046843 -0.014943
v -0.043521 1.044313 -0.031579
v -0.039933 1.030906 -0.015676
v -0.097869 0.654831 -0.000277
v -0.086740 0.653799 0.023637
v -0.082691 0.693012 0.022471
v -0.099855 0.655031 -0.031581
v -0.103598 0.620039 0.000298
v -0.091765 0.618656 0.026270
v -0.069651 0.615399 0.043614
v -0.067607 0.650853 0.041617
v -0.088376 0.614682 -0.062919
v -0.084108 0.655391 -0.063176
v -0.060260 0.653488 -0.082291
v -0.105411 0.618802 -0.032120
v -0.108567 0.586574 -0.000512
v -0.095801 0.584967 0.028334
v -0.071709 0.583787 0.045358
v -0.044113 0.606282 0.047553
v -0.043987 0.579756 0.044716
v -0.090121 0.581841 -0.057680
v -0.060632 0.608341 -0.087376
v -0.034473 0.377576 -0.002710
v -0.030626 0.380412 -0.024192
v -0.024623 0.412792 -0.021376
v -0.050030 0.378255 0.012688
v -0.029324 0.413493 0.004670
v -0.038571 0.354853 -0.009255
v -0.033860 0.357510 -0.026700
v -0.036926 0.337271 -0.031645
v -0.047236 0.415703 0.021347
v -0.070499 0.379941 0.016748
v -0.072367 0.356461 0.013469
v -0.054872 0.353724 0.008700
v -0.043992 0.333232 -0.014897
v -0.042898 0.316887 -0.037946
v -0.061782 0.328792 0.006856
v -0.089182 0.380078 0.007175
v -0.108563 0.585470 -0.032103
v -0.063738 0.574492 -0.072497
v -0.026784 0.462823 -0.052746
v -0.036782 0.384021 -0.046689
v -0.032300 0.415764 -0.047600
v -0.024623 0.412792 -0.021376
v -0.030626 0.380412 -0.024192
v -0.039307 0.361942 -0.047690
v -0.033860 0.357510 -0.026700
v -0.057093 0.364105 -0.057770
v -0.043535 0.344531 -0.047825
v -0.036926 0.337271 -0.031645
v -0.042898 0.316887 -0.037946
v -0.058986 0.349884 -0.058386
v -0.047750 0.322249 -0.055007
v -0.038481 0.283817 -0.047312
v -0.060419 0.330248 -0.065867
v -0.096833 0.348206 -0.045640
v -0.079520 0.364552 -0.056628
v -0.078839 0.352080 -0.059418
v -0.079502 0.333806 -0.066019
v -0.089108 0.357964 0.005321
v -0.097193 0.338752 -0.017174
v -0.089660 0.332406 0.003415
v -0.076146 0.328098 0.010467
v -0.089482 0.313295 -0.005245
v -0.099517 0.321493 -0.026542
v -0.077232 0.308547 0.000524
v -0.061464 0.310582 -0.003814
v -0.046922 0.312776 -0.019597
v -0.038481 0.283817 -0.047312
v -0.098294 0.330234 -0.051387
v -0.102493 0.297796 -0.061490
v -0.082606 0.299160 -0.079056
v -0.104787 0.290922 -0.037183
v -0.063456 0.296204 -0.078938
v -0.045649 0.288888 -0.069732
v -0.041493 0.236830 -0.078664
v -0.033393 0.235338 -0.054696
v -0.039286 0.201769 -0.062167
v -0.063932 0.095074 -0.074974
v -0.052954 0.095998 -0.059187
v -0.098167 0.094695 -0.045744
v -0.052954 0.095998 -0.059187
v -0.052954 0.095998 -0.059187
v -0.056856 0.096690 -0.036120
v -0.051703 0.066984 -0.034700
v -0.063932 0.095074 -0.074974
v -0.080551 0.095033 -0.075164
v -0.093852 0.094284 -0.062027
v -0.098167 0.094695 -0.045744
v -0.098311 0.072304 -0.023378
v -0.090416 0.096175 -0.028341
v -0.129197 0.014425 0.000684
v -0.134671 -0.001071 0.022937
v -0.125589 0.031671 0.003494
v -0.133333 0.013322 0.027848
v -0.134145 0.000551 0.057590
v -0.132258 0.013375 0.056022
v -0.126857 0.003052 0.076263
v -0.083859 0.075183 -0.013081
v -0.071961 0.096273 -0.021114
v -0.109499 0.057268 -0.007982
v -0.127376 0.030861 0.030778
v -0.063642 0.069399 -0.017080
v -0.056856 0.096690 -0.036120
v -0.089828 0.061730 0.002435
v -0.061476 0.014620 0.046530
v -0.066850 0.030674 0.043540
v -0.060853 0.000020 0.048272
v -0.056949 -0.000927 0.019228
v -0.082057 0.029688 0.071582
v -0.076521 0.012968 0.074801
v -0.126316 0.029392 0.054396
v -0.100038 0.040476 0.044031
v -0.103657 0.035591 0.062714
v -0.091879 0.026802 0.084943
v -0.020956 1.050306 0.055821
v -0.022624 1.050616 0.054812
v 0.018856 1.162728 0.063590
v 0.023864 1.162489 0.061088
v 0.024396 1.171581 0.077488
v 0.035653 1.176256 0.075852
v 0.029721 1.175859 0.079756
v 0.037230 1.176923 0.082556
v 0.042657 1.173980 0.083089
v 0.030929 1.185558 0.036930
v 0.030929 1.185558 0.036930
v 0.081979 1.148937 0.028062
v 0.074099 1.145166 0.031392
v 0.034711 1.201494 0.042279
v 0.024107 1.203720 0.046216
v 0.013887 1.200011 0.050276
v 0.015545 1.178938 0.041785
v 0.003064 1.189412 0.049483
v -0.003542 1.179434 0.052042
v 0.028679 1.203786 0.052945
v 0.024107 1.203720 0.046216
v 0.013887 1.200011 0.050276
v 0.031947 1.200197 0.062198
v 0.015809 1.197467 0.061003
v 0.003064 1.189412 0.049483
v 0.023160 1.192840 0.072346
v 0.041033 1.198539 0.062488
v 0.008168 1.180610 0.076549
v 0.030414 1.181018 0.082770
v 0.024396 1.171581 0.077488
v 0.020176 1.174102 0.081472
v 0.029721 1.175859 0.079756
v 0.037230 1.176923 0.082556
v 0.037313 1.181338 0.083808
v -0.063971 1.156418 0.052958
v -0.057848 1.170315 0.064804
v -0.055905 1.148515 0.066510
v -0.059176 1.159700 0.067557
v -0.058611 1.172814 0.058697
v -0.057963 1.171313 0.055053
v -0.051367 1.181508 0.054919
v -0.052430 1.181628 0.060983
v -0.051186 1.182773 0.058466
v -0.049407 1.181557 0.066616
v -0.054669 1.183471 0.060166
v -0.057370 1.184787 0.056024
v -0.057330 1.186321 0.055746
v -0.057892 1.185482 0.054314
v -0.055904 1.185099 0.054015
v -0.045463 1.173642 0.077034
v -0.052000 1.166432 0.073916
v -0.050788 1.158044 0.074951
v -0.042701 1.167351 0.079493
v -0.041262 1.161916 0.078671
v -0.034212 1.166058 0.075866
v -0.038883 1.159130 0.075428
v -0.041786 1.152144 0.074203
v -0.053125 1.146860 0.068908
v -0.048224 1.184991 0.058910
v -0.050510 1.187325 0.057774
v -0.046140 1.188629 0.059889
v -0.051186 1.182773 0.058466
v -0.054135 1.183806 0.056123
v -0.055904 1.185099 0.054015
v -0.054669 1.183471 0.060166
v -0.052430 1.181628 0.060983
v -0.057370 1.184787 0.056024
v -0.057892 1.185482 0.054314
v -0.048224 1.184991 0.058910
v -0.040837 1.189701 0.057540
v -0.051367 1.181508 0.054919
v -0.051186 1.182773 0.058466
v -0.038883 1.159130 0.075428
v -0.041786 1.152144 0.074203
v -0.047286 1.165483 0.064841
v -0.051314 1.152933 0.063791
v -0.057963 1.171313 0.055053
v -0.043826 1.142178 0.068014
v -0.048183 1.171232 0.058168
v -0.057963 1.171313 0.055053
v -0.035826 1.169191 0.058485
v -0.025650 1.163661 0.060384
v -0.033899 1.167237 0.071208
v -0.047286 1.165483 0.064841
v -0.048183 1.171232 0.058168
v -0.057963 1.171313 0.055053
v -0.038883 1.159130 0.075428
v -0.034212 1.166058 0.075866
v -0.433852 0.666460 0.069173
v -0.429387 0.680033 0.065166
v -0.429365 0.663098 0.063975
v -0.427270 0.686327 0.070116
v -0.427715 0.684264 0.064363
v -0.429175 0.681323 0.070918
v -0.423906 0.685246 0.074940
v -0.411580 0.703116 0.069050
v -0.410240 0.709184 0.060607
v -0.414221 0.702440 0.059478
v -0.405750 0.714350 0.057666
v -0.407119 0.706634 0.052935
v -0.408721 0.709497 0.065556
v -0.420908 0.687885 0.092866
v -0.415725 0.686135 0.097571
v -0.403011 0.706336 0.089043
v -0.422524 0.685969 0.085512
v -0.423196 0.683337 0.093446
v -0.417419 0.681940 0.098627
v -0.429329 0.667115 0.090704
v -0.424123 0.681402 0.085942
v -0.426315 0.663679 0.086684
v -0.424774 0.668090 0.101165
v 0.433852 0.666460 0.069173
v 0.429175 0.681323 0.070918
v 0.427270 0.686327 0.070116
v 0.427715 0.684264 0.064363
v 0.414221 0.702440 0.059478
v 0.411580 0.703116 0.069050
v 0.410240 0.709184 0.060607
v 0.407119 0.706634 0.052935
v 0.408721 0.709497 0.065556
v 0.405750 0.714350 0.057666
v 0.400997 0.717650 0.051013
v 0.403215 0.714860 0.066206
v 0.420908 0.687885 0.092866
v 0.408938 0.705961 0.079136
v 0.403011 0.706336 0.089043
v 0.423196 0.683337 0.093446
v 0.422524 0.685969 0.085512
v 0.417419 0.681940 0.098627
v 0.429329 0.667115 0.090704
v 0.023999 0.893787 0.037625
v 0.026119 0.919766 0.025068
v 0.000000 0.920849 0.025801
v 0.000000 0.894406 0.038266
v 0.000000 0.863049 0.049132
v 0.049525 0.890279 0.033974
v 0.057297 0.917424 0.019809
v 0.024237 0.862271 0.048858
v 0.000000 0.840684 0.054433
v 0.044319 0.860553 0.045078
v 0.035036 0.836901 0.051857
v 0.073649 0.896166 0.021641
v 0.097952 0.884172 -0.017305
v 0.103174 0.872402 -0.035596
v 0.100714 0.891320 -0.022079
v 0.104932 0.883512 -0.044532
v 0.066373 0.881734 0.029907
v 0.105280 0.864156 -0.054299
v 0.063854 0.860700 0.035754
v 0.076458 0.867064 0.024780
v 0.063119 0.837345 0.038389
v 0.080323 0.845118 0.018814
v 0.092502 0.816910 -0.003111
v 0.082756 0.815308 0.021783
v 0.064889 0.812905 0.042607
v 0.069399 0.780492 0.041732
v 0.037928 0.811909 0.059034
v 0.036954 0.778874 0.061919
v 0.000000 0.779008 0.067026
v 0.036773 0.739403 0.059817
v 0.086204 0.775968 0.010130
v 0.065998 0.736502 0.039358
v 0.086638 0.736172 0.010696
v 0.086734 0.737738 -0.023573
v 0.086199 0.774735 -0.023706
v 0.067839 0.771766 -0.048632
v 0.076859 0.804113 -0.061258
v 0.065774 0.738184 -0.045276
v 0.037307 0.769020 -0.061338
v 0.000000 0.735993 -0.062138
v 0.000000 0.768545 -0.061457
v 0.035872 0.737517 -0.058866
v 0.000000 0.800912 -0.072527
v 0.039255 0.801366 -0.074836
v 0.044707 0.829458 -0.084937
v 0.000000 0.824691 -0.079993
v 0.038872 0.851229 -0.091966
v 0.000000 0.849687 -0.087240
v 0.000000 0.874812 -0.094248
v 0.108932 0.883890 -0.079697
v 0.034969 0.876722 -0.098663
v 0.000000 0.902859 -0.097724
v 0.095640 0.876255 -0.085223
v 0.066344 0.880378 -0.097511
v 0.107054 0.921524 -0.091350
v 0.089218 0.929319 -0.093078
v 0.110620 0.941099 -0.083448
v 0.010065 1.048582 0.063506
v 0.014458 1.048815 0.060595
v 0.018299 1.046156 0.058304
v 0.018330 1.049814 0.057408
v 0.056711 1.071898 0.032357
v 0.057981 1.091428 0.030579
v 0.048831 1.062736 0.043178
v 0.052159 1.080876 0.041322
v 0.045715 1.071679 0.049185
v 0.018330 1.049821 0.057408
v 0.010065 1.048589 0.063500
v 0.037214 1.073345 0.056272
v 0.019750 1.059287 0.063895
v 0.023818 1.066777 0.062610
v 0.014526 1.096560 0.056403
v 0.011562 1.099140 0.061166
v 0.012716 1.088865 0.063691
v 0.016724 1.102155 0.051808
v 0.014368 1.102313 0.058036
v 0.021591 1.124934 0.067465
v 0.402560 0.685279 0.042860
v 0.403924 0.684732 0.061639
v 0.390291 0.700633 0.030986
v 0.379033 0.706541 0.028059
v 0.328305 0.730098 0.067541
v 0.336897 0.718658 0.046437
v 0.328936 0.716044 0.065049
v 0.396601 0.685090 0.080760
v 0.418804 0.679380 0.081851
v 0.416871 0.681787 0.053873
v 0.402560 0.685279 0.042860
v 0.417682 0.678180 0.053997
v 0.390291 0.700633 0.030986
v 0.369335 0.722079 0.024519
v 0.379033 0.706541 0.028059
v 0.364742 0.711848 0.024639
v 0.377497 0.728136 0.030115
v 0.388286 0.719784 0.033229
v 0.368968 0.734105 0.028023
v 0.378342 0.735743 0.041965
v 0.369301 0.744162 0.038049
v 0.383707 0.732497 0.065839
v 0.328305 0.730098 0.067541
v 0.328956 0.721160 0.081750
v 0.328936 0.716044 0.065049
v 0.329485 0.706989 0.072809
v 0.331626 0.699640 0.081854
v 0.395593 0.679648 0.114569
v 0.385896 0.686050 0.097728
v 0.397105 0.676350 0.103657
v 0.397087 0.690752 0.091932
v 0.397087 0.677079 0.115607
v 0.406459 0.679648 0.100913
v 0.399641 0.672719 0.105553
v 0.409047 0.674817 0.102817
v 0.333303 0.693540 0.091060
v 0.331626 0.699640 0.081854
v 0.345952 0.693391 0.077722
v 0.346557 0.691106 0.088826
v 0.352722 0.692410 0.099411
v 0.000000 1.046979 -0.061306
v 0.016271 1.013542 0.009131
v 0.000000 1.011029 0.012780
v 0.000000 1.002318 0.008860
v 0.000000 1.015789 0.018762
v 0.017294 1.019109 0.015787
v 0.030010 1.026443 0.008054
v 0.030586 1.020793 -0.003475
v 0.017493 1.004511 0.003430
v 0.031843 1.009304 -0.008509
v 0.040029 1.014757 -0.023935
v 0.043521 1.044313 -0.031579
v 0.032528 1.047083 -0.045425
v 0.038057 1.019542 -0.038219
v 0.018994 1.048749 -0.057651
v 0.030600 1.023271 -0.050603
v 0.000000 1.046979 -0.061306
v 0.019641 1.025925 -0.060605
v 0.328305 0.730098 0.067541
v 0.334637 0.740050 0.071763
v 0.322591 0.731347 0.069630
v 0.332111 0.744194 0.074055
v 0.346702 0.748971 0.068740
v 0.289268 0.755346 -0.000231
v 0.306407 0.747690 0.021004
v 0.282542 0.769347 0.017921
v 0.253724 0.780268 -0.003770
v 0.291845 0.784250 0.030563
v 0.258346 0.795378 0.007870
v 0.331518 0.779429 0.024641
v 0.317226 0.778562 0.041631
v 0.343923 0.764757 0.037632
v 0.125399 0.932443 -0.081484
v 0.110620 0.941099 -0.083448
v 0.117606 0.954290 -0.068284
v 0.107054 0.921524 -0.091350
v 0.201485 0.884713 -0.043227
v 0.196956 0.879088 -0.025867
v 0.210942 0.866834 -0.027947
v 0.182175 0.901463 -0.042353
v 0.134423 0.944101 -0.067262
v 0.149730 0.926408 -0.067865
v 0.138769 0.916839 -0.080422
v 0.117738 0.916410 -0.089201
v 0.214990 0.873028 -0.043409
v 0.215223 0.871607 -0.062570
v 0.336857 0.774038 0.009131
v 0.313051 0.800124 0.004383
v 0.289268 0.755346 -0.000231
v 0.259106 0.773259 -0.024339
v 0.305644 0.761465 -0.018630
v 0.368968 0.734105 0.028023
v 0.372097 0.735039 0.022241
v 0.372575 0.747259 0.035673
v 0.353250 0.717035 0.025845
v 0.350973 0.716695 0.021834
v 0.000000 0.574065 -0.007852
v 0.002101 0.573337 -0.007796
v 0.000000 0.575632 0.027274
v 0.018318 0.577429 0.029942
v 0.019036 0.597287 0.050321
v 0.000000 0.592891 0.050395
v 0.046346 0.649816 0.051800
v 0.021770 0.645522 0.058895
v 0.066962 0.695571 0.042081
v 0.018318 0.577429 0.029942
v 0.017536 0.562301 -0.048714
v 0.000000 0.565444 -0.048893
v 0.000000 0.574606 -0.076970
v 0.000000 0.574065 -0.007852
v 0.002101 0.573337 -0.007796
v 0.031182 0.575474 -0.077922
v 0.041698 0.564224 -0.064099
v 0.016708 0.529644 0.023365
v 0.002101 0.573337 -0.007796
v 0.004985 0.527265 -0.010918
v 0.023515 0.461548 0.014208
v 0.012712 0.462196 -0.016844
v 0.041698 0.564224 -0.064099
v 0.019611 0.530382 -0.049651
v 0.017536 0.562301 -0.048714
v 0.004985 0.527265 -0.010918
v 0.002101 0.573337 -0.007796
v 0.012712 0.462196 -0.016844
v 0.109499 0.057268 -0.007982
v 0.068826 0.043613 0.019077
v 0.016724 1.102155 0.051808
v 0.015882 1.099467 0.050025
v 0.010065 1.048582 0.063506
v 0.000000 0.894406 0.038266
v 0.000000 0.920849 0.025801
v -0.023999 0.893787 0.037625
v 0.000000 0.863049 0.049132
v -0.026119 0.919766 0.025068
v -0.049525 0.890279 0.033974
v -0.024237 0.862271 0.048858
v -0.044319 0.860553 0.045078
v -0.057297 0.917424 0.019809
v -0.103174 0.872402 -0.035596
v -0.097952 0.884172 -0.017305
v -0.100714 0.891320 -0.022079
v -0.095301 0.870520 -0.009816
v -0.066373 0.881734 0.029907
v -0.104932 0.883512 -0.044532
v -0.063854 0.860700 0.035754
v -0.076458 0.867064 0.024780
v -0.090768 0.850667 0.001207
v -0.063119 0.837345 0.038389
v -0.080323 0.845118 0.018814
v -0.092502 0.816910 -0.003111
v -0.082756 0.815308 0.021783
v -0.064889 0.812905 0.042607
v -0.037928 0.811909 0.059034
v 0.000000 0.816261 0.063421
v -0.035036 0.836901 0.051857
v 0.000000 0.779008 0.067026
v -0.069399 0.780492 0.041732
v -0.036954 0.778874 0.061919
v -0.036773 0.739403 0.059817
v -0.086204 0.775968 0.010130
v -0.065998 0.736502 0.039358
v -0.086638 0.736172 0.010696
v -0.086199 0.774735 -0.023706
v -0.086734 0.737738 -0.023573
v -0.067839 0.771766 -0.048632
v -0.065774 0.738184 -0.045276
v -0.076859 0.804113 -0.061258
v -0.095125 0.811301 -0.030741
v -0.037307 0.769020 -0.061338
v 0.000000 0.735993 -0.062138
v 0.000000 0.692963 -0.074441
v -0.027737 0.695306 -0.072280
v -0.035872 0.737517 -0.058866
v 0.000000 0.768545 -0.061457
v -0.039255 0.801366 -0.074836
v -0.044707 0.829458 -0.084937
v 0.000000 0.824691 -0.079993
v 0.000000 0.849687 -0.087240
v 0.000000 0.874812 -0.094248
v -0.072268 0.859641 -0.091771
v -0.095640 0.876255 -0.085223
v -0.108932 0.883890 -0.079697
v -0.091547 0.888685 -0.091592
v -0.107054 0.921524 -0.091350
v -0.089218 0.929319 -0.093078
v -0.089374 0.909226 -0.094681
v -0.110620 0.941099 -0.083448
v -0.014458 1.048815 0.060595
v -0.018299 1.046156 0.058304
v -0.018330 1.049814 0.057408
v -0.022245 1.048864 0.055376
v -0.020956 1.050300 0.055821
v -0.024726 1.040331 0.051620
v -0.022624 1.050616 0.054812
v -0.056711 1.071898 0.032358
v -0.052159 1.080876 0.041321
v -0.045715 1.071679 0.049185
v -0.047566 1.087996 0.047246
v 0.000000 1.120802 0.071401
v -0.010065 1.048589 0.063500
v -0.015769 1.051708 0.064926
v -0.019750 1.059287 0.063895
v -0.018889 1.086676 0.060654
v -0.037214 1.073345 0.056272
v -0.011562 1.099140 0.061166
v -0.028087 1.084706 0.058170
v -0.014526 1.096560 0.056403
v -0.015882 1.099467 0.050025
v -0.016724 1.102155 0.051808
v -0.402560 0.685279 0.042860
v -0.403924 0.684732 0.061639
v -0.409667 0.692258 0.053351
v -0.379033 0.706541 0.028059
v -0.352722 0.692410 0.099411
v -0.357384 0.700965 0.094375
v -0.358262 0.695974 0.084431
v -0.385896 0.686050 0.097728
v -0.396601 0.685090 0.080760
v -0.402560 0.685279 0.042860
v -0.409667 0.692258 0.053351
v -0.416871 0.681787 0.053873
v -0.414128 0.672027 0.045762
v -0.396702 0.687611 0.040178
v -0.388286 0.719784 0.033229
v -0.369335 0.722079 0.024519
v -0.379033 0.706541 0.028059
v -0.368968 0.734105 0.028023
v -0.353250 0.717035 0.025845
v -0.377497 0.728136 0.030115
v -0.389828 0.727263 0.045911
v -0.378342 0.735743 0.041965
v -0.328305 0.730098 0.067541
v -0.328956 0.721160 0.081750
v -0.328936 0.716044 0.065049
v -0.340230 0.720852 0.093145
v -0.331626 0.699640 0.081854
v -0.352722 0.692410 0.099411
v -0.385896 0.686050 0.097728
v -0.397105 0.676350 0.103657
v -0.406459 0.679648 0.100913
v -0.397087 0.690752 0.091932
v -0.399641 0.672719 0.105553
v -0.409536 0.681138 0.115269
v -0.411987 0.680416 0.107534
v -0.333303 0.693540 0.091060
v -0.345952 0.693391 0.077722
v -0.018994 1.048749 -0.057651
v -0.032528 1.047083 -0.045425
v -0.016270 1.013542 0.009131
v -0.017493 1.004511 0.003430
v 0.000000 1.002318 0.008860
v 0.000000 1.011029 0.012780
v 0.000000 1.015789 0.018762
v -0.017294 1.019109 0.015787
v -0.030010 1.026443 0.008054
v -0.030586 1.020793 -0.003475
v -0.039160 1.035526 -0.002726
v -0.040029 1.014757 -0.023935
v -0.038057 1.019542 -0.038219
v -0.032528 1.047083 -0.045425
v -0.030600 1.023271 -0.050603
v -0.328305 0.730098 0.067541
v -0.336897 0.718658 0.046437
v -0.331565 0.718149 0.044556
v -0.334637 0.740050 0.071763
v -0.322591 0.731347 0.069630
v -0.368968 0.734105 0.028023
v -0.369301 0.744162 0.038049
v -0.372575 0.747259 0.035673
v -0.331518 0.779429 0.024641
v -0.343923 0.764757 0.037632
v -0.317226 0.778562 0.041631
v -0.125399 0.932443 -0.081484
v -0.110620 0.941099 -0.083448
v -0.107054 0.921524 -0.091350
v -0.201485 0.884713 -0.043227
v -0.196956 0.879088 -0.025867
v -0.182175 0.901463 -0.042353
v -0.214990 0.873028 -0.043409
v -0.210942 0.866834 -0.027947
v -0.313051 0.800124 0.004383
v -0.336857 0.774038 0.009131
v -0.350234 0.759861 0.025077
v -0.002101 0.573337 -0.007796
v 0.000000 0.574065 -0.007852
v 0.000000 0.575632 0.027274
v -0.018318 0.577429 0.029942
v -0.019036 0.597287 0.050321
v -0.066962 0.695571 0.042081
v -0.091197 0.695945 -0.028351
v -0.075226 0.696705 -0.051435
v -0.018318 0.577429 0.029942
v -0.043770 0.534580 0.042729
v -0.002101 0.573337 -0.007796
v -0.017536 0.562301 -0.048714
v 0.000000 0.565444 -0.048893
v 0.000000 0.574065 -0.007852
v -0.031182 0.575474 -0.077922
v -0.041698 0.564224 -0.064099
v -0.016708 0.529644 0.023365
v -0.002101 0.573337 -0.007796
v -0.004985 0.527265 -0.010919
v -0.023515 0.461548 0.014208
v -0.012712 0.462196 -0.016844
v -0.044833 0.461533 0.031949
v -0.041698 0.564224 -0.064099
v -0.017536 0.562301 -0.048714
v -0.004985 0.527265 -0.010919
v -0.002101 0.573337 -0.007796
v -0.012712 0.462196 -0.016844
v -0.116516 0.044692 0.009603
v -0.068826 0.043613 0.019077
v -0.092938 0.050855 0.022473
v -0.028115 1.050251 0.044450
v -0.412855 0.692151 0.054975
v -0.430860 0.667704 0.077468
v -0.425322 0.681276 0.075741
v 0.429387 0.680033 0.065166
v 0.425322 0.681276 0.075741
v 0.423906 0.685246 0.074940
v 0.424123 0.681402 0.085942
v 0.038814 0.976890 -0.020945
v 0.030383 0.967377 -0.009450
v 0.051580 0.970917 -0.026986
v -0.030383 0.967377 -0.009450
v -0.038814 0.976890 -0.020945
v -0.051580 0.970917 -0.026986
v 0.115699 0.957092 -0.027746
v 0.090051 0.961963 -0.026213
v 0.111204 0.946469 -0.011531
v 0.088032 0.951901 -0.010092
v 0.093472 0.924236 0.005093
v 0.109359 0.925834 0.000434
v 0.108129 0.901836 -0.001039
v 0.067559 0.958606 -0.009590
v 0.068318 0.966566 -0.028894
v 0.051580 0.970917 -0.026986
v 0.068850 0.939068 0.003545
v 0.047656 0.957913 -0.000058
v 0.030383 0.967377 -0.009450
v 0.029064 0.957805 0.005122
v 0.015452 0.963281 -0.000094
v 0.048092 0.940107 0.010181
v 0.015300 0.956957 0.006636
v 0.000000 0.959485 -0.002844
v 0.000000 0.950493 0.007756
v 0.000000 0.941157 0.013684
v 0.027466 0.940951 0.014165
v 0.000000 0.816261 0.063421
v 0.000000 0.737483 0.065337
v 0.037547 0.695373 0.061269
v 0.000000 0.694345 0.066890
v 0.066962 0.695571 0.042081
v 0.082691 0.693012 0.022471
v 0.091723 0.695278 0.000069
v 0.091197 0.695945 -0.028351
v 0.075226 0.696705 -0.051435
v 0.052778 0.696361 -0.064989
v 0.027737 0.695306 -0.072280
v 0.000000 0.692963 -0.074441
v 0.062506 0.906934 -0.099096
v 0.031519 0.904744 -0.101387
v 0.000000 0.931194 -0.095514
v 0.091547 0.888685 -0.091592
v 0.107334 0.899156 -0.090294
v 0.031181 0.933416 -0.097414
v 0.000000 0.955073 -0.090163
v 0.089374 0.909226 -0.094681
v 0.062242 0.933727 -0.095091
v 0.031247 0.956866 -0.090857
v 0.000000 0.976222 -0.081538
v 0.090758 0.948108 -0.084783
v 0.062244 0.958058 -0.085805
v 0.094900 0.962553 -0.069380
v 0.117606 0.954290 -0.068284
v 0.032893 0.977326 -0.080720
v 0.097654 0.966770 -0.048058
v 0.121088 0.961333 -0.048334
v 0.115699 0.957092 -0.027746
v 0.090051 0.961963 -0.026213
v 0.074275 0.977675 -0.051599
v 0.068318 0.966566 -0.028894
v 0.051580 0.970917 -0.026986
v 0.069421 0.974927 -0.069383
v 0.026952 0.995413 -0.070825
v 0.000000 0.994386 -0.073117
v 0.046795 0.988886 -0.068893
v 0.043650 0.999197 -0.052889
v 0.054856 0.987723 -0.052347
v 0.044907 0.989019 -0.035806
v 0.038814 0.976890 -0.020945
v 0.403924 0.684732 0.061639
v 0.412855 0.692151 0.054975
v 0.423085 0.680463 0.060257
v 0.408932 0.692101 0.073133
v 0.420121 0.681407 0.077005
v 0.433427 0.648267 0.069945
v 0.412855 0.692151 0.054975
v 0.409667 0.692258 0.053351
v 0.372352 0.700623 0.034696
v 0.364742 0.711848 0.024639
v 0.374751 0.697815 0.062821
v 0.386429 0.690400 0.066116
v 0.396601 0.685090 0.080760
v 0.408932 0.692101 0.073133
v 0.409150 0.694730 0.074049
v 0.357238 0.706646 0.030361
v 0.353250 0.717035 0.025845
v 0.342445 0.710574 0.049260
v 0.349686 0.705705 0.051048
v 0.329485 0.706989 0.072809
v 0.361808 0.702161 0.060459
v 0.343230 0.700297 0.065786
v 0.345952 0.693391 0.077722
v 0.358262 0.695974 0.084431
v 0.352722 0.692410 0.099411
v 0.357384 0.700965 0.094375
v 0.365898 0.698610 0.087608
v 0.385896 0.686050 0.097728
v 0.397087 0.690752 0.091932
v 0.397378 0.691674 0.090788
v 0.397378 0.691674 0.090788
v 0.410266 0.680294 0.096767
v 0.409150 0.694730 0.074049
v 0.409667 0.692258 0.053351
v 0.417682 0.678180 0.053997
v 0.416871 0.681787 0.053873
v 0.409667 0.692258 0.053351
v 0.411089 0.700452 0.050177
v 0.412855 0.692151 0.054975
v 0.407102 0.707786 0.046148
v 0.404004 0.712032 0.047874
v 0.398146 0.713363 0.036190
v 0.389828 0.727263 0.045911
v 0.396743 0.720738 0.069914
v 0.353250 0.717035 0.025845
v 0.360064 0.750650 0.055613
v 0.365476 0.702544 0.095673
v 0.393984 0.718060 0.084757
v 0.397087 0.690752 0.091932
v 0.406459 0.679648 0.100913
v 0.397378 0.691674 0.090788
v 0.409047 0.674817 0.102817
v 0.329485 0.706989 0.072809
v 0.000000 0.979554 -0.000886
v 0.000000 0.959485 -0.002844
v 0.015452 0.963281 -0.000094
v 0.021048 0.984068 -0.006124
v 0.030383 0.967377 -0.009450
v 0.034275 0.989670 -0.016915
v 0.038814 0.976890 -0.020945
v 0.044907 0.989019 -0.035806
v 0.040840 0.999821 -0.032210
v 0.043650 0.999197 -0.052889
v 0.037212 1.008015 -0.048778
v 0.026952 0.995413 -0.070825
v 0.022396 1.011540 -0.065019
v 0.000000 0.994386 -0.073117
v 0.000000 1.010872 -0.066621
v 0.000000 1.026893 -0.062876
v 0.331565 0.718149 0.044556
v 0.336897 0.718658 0.046437
v 0.321006 0.731758 0.034663
v 0.316300 0.749517 0.056114
v 0.320244 0.738138 0.032845
v 0.346403 0.753866 0.070940
v 0.361075 0.754282 0.054693
v 0.360064 0.750650 0.055613
v 0.369301 0.744162 0.038049
v 0.324531 0.760003 0.060825
v 0.318204 0.752388 0.050914
v 0.335751 0.766149 0.057251
v 0.306396 0.765071 0.041446
v 0.331029 0.764920 0.052429
v 0.347104 0.766408 0.041129
v 0.354873 0.761597 0.026485
v 0.259106 0.773259 -0.024339
v 0.232218 0.798404 -0.013557
v 0.235814 0.789803 -0.037456
v 0.221957 0.803198 -0.044058
v 0.220743 0.813747 -0.021602
v 0.213441 0.811940 -0.046213
v 0.302163 0.796051 0.026021
v 0.265427 0.809696 0.011695
v 0.239869 0.813659 -0.004395
v 0.229477 0.823404 -0.014318
v 0.225041 0.828470 -0.017226
v 0.215938 0.819799 -0.024363
v 0.209992 0.824011 -0.024968
v 0.205096 0.818232 -0.047078
v 0.247771 0.826873 -0.003228
v 0.275135 0.819998 0.008421
v 0.236838 0.837376 -0.014004
v 0.191174 0.828237 -0.042135
v 0.192489 0.829666 -0.060994
v 0.168920 0.840487 -0.040942
v 0.166687 0.842014 -0.063081
v 0.192483 0.833904 -0.023239
v 0.145898 0.853881 -0.041170
v 0.148740 0.852394 -0.065021
v 0.126885 0.866855 -0.069299
v 0.255584 0.835701 -0.006830
v 0.215880 0.832707 -0.016971
v 0.172051 0.845468 -0.019895
v 0.198559 0.843888 -0.013783
v 0.220827 0.844160 -0.017718
v 0.228576 0.843313 -0.019484
v 0.224375 0.858466 -0.027620
v 0.205309 0.856086 -0.015466
v 0.179440 0.856294 -0.009372
v 0.145672 0.861376 -0.019333
v 0.242213 0.847297 -0.019132
v 0.233739 0.852898 -0.023765
v 0.123735 0.868398 -0.043931
v 0.113402 0.876305 -0.044424
v 0.116353 0.880029 -0.079689
v 0.108932 0.883890 -0.079697
v 0.104932 0.883512 -0.044532
v 0.126006 0.875585 -0.018725
v 0.115766 0.883456 -0.018772
v 0.100714 0.891320 -0.022079
v 0.108129 0.901836 -0.001039
v 0.150901 0.877610 -0.006745
v 0.133315 0.891650 -0.006867
v 0.120579 0.902826 -0.005153
v 0.160553 0.889664 -0.009789
v 0.119547 0.921833 -0.002045
v 0.109359 0.925834 0.000434
v 0.137031 0.904728 -0.007960
v 0.188450 0.869201 -0.011879
v 0.124835 0.938148 -0.011636
v 0.111204 0.946469 -0.011531
v 0.115699 0.957092 -0.027746
v 0.127953 0.914059 -0.004562
v 0.141208 0.923639 -0.013826
v 0.133648 0.947903 -0.026868
v 0.121088 0.961333 -0.048334
v 0.155400 0.908196 -0.018328
v 0.172854 0.896269 -0.023147
v 0.152648 0.929789 -0.029564
v 0.138727 0.950858 -0.048199
v 0.167955 0.911383 -0.034394
v 0.156075 0.931473 -0.050336
v 0.170928 0.913127 -0.050673
v 0.107334 0.899156 -0.090294
v 0.164669 0.910530 -0.069650
v 0.180637 0.900280 -0.068037
v 0.120773 0.894125 -0.088222
v 0.108932 0.883890 -0.079697
v 0.116353 0.880029 -0.079689
v 0.152634 0.903258 -0.082245
v 0.129137 0.906448 -0.086951
v 0.131631 0.877464 -0.084333
v 0.126885 0.866855 -0.069299
v 0.140092 0.890531 -0.087838
v 0.170120 0.889877 -0.083397
v 0.160419 0.876363 -0.086397
v 0.153949 0.863179 -0.081574
v 0.148740 0.852394 -0.065021
v 0.179973 0.864916 -0.084443
v 0.172734 0.852758 -0.080214
v 0.204707 0.848283 -0.081562
v 0.166687 0.842014 -0.063081
v 0.189438 0.876984 -0.081059
v 0.197438 0.838438 -0.075969
v 0.192489 0.829666 -0.060994
v 0.219950 0.823076 -0.074046
v 0.205096 0.818232 -0.047078
v 0.213441 0.811940 -0.046213
v 0.197582 0.886295 -0.065105
v 0.211991 0.859654 -0.077583
v 0.230941 0.862668 -0.042150
v 0.231866 0.859051 -0.059959
v 0.233492 0.843950 -0.074730
v 0.240163 0.857617 -0.037337
v 0.242014 0.851841 -0.056759
v 0.230129 0.832985 -0.080219
v 0.249231 0.852377 -0.032880
v 0.253004 0.845271 -0.053017
v 0.246617 0.831623 -0.076624
v 0.234366 0.819030 -0.076516
v 0.266248 0.841000 -0.022617
v 0.272833 0.835305 -0.045149
v 0.287426 0.823926 -0.008002
v 0.296878 0.816760 -0.027529
v 0.244169 0.825150 -0.080466
v 0.251303 0.819764 -0.075973
v 0.255000 0.828535 -0.071379
v 0.270893 0.820275 -0.062199
v 0.295336 0.804798 -0.043084
v 0.319580 0.788466 -0.014224
v 0.240343 0.810544 -0.067605
v 0.221957 0.803198 -0.044058
v 0.264204 0.809149 -0.067058
v 0.252948 0.798461 -0.059209
v 0.235814 0.789803 -0.037456
v 0.288854 0.791311 -0.048682
v 0.275115 0.779848 -0.043943
v 0.316832 0.776209 -0.020945
v 0.322881 0.750279 0.000247
v 0.306407 0.747690 0.021004
v 0.334685 0.763506 -0.001172
v 0.337616 0.739314 0.015327
v 0.320244 0.738138 0.032845
v 0.321006 0.731758 0.034663
v 0.350214 0.751196 0.015007
v 0.341160 0.733499 0.012052
v 0.350234 0.759861 0.025077
v 0.355658 0.750145 0.013521
v 0.331565 0.718149 0.044556
v 0.336897 0.718658 0.046437
v 0.000000 0.643867 0.061552
v 0.000000 0.694345 0.066890
v 0.037547 0.695373 0.061269
v 0.075226 0.696705 -0.051435
v 0.084108 0.655391 -0.063176
v 0.052778 0.696361 -0.064989
v 0.027737 0.695306 -0.072280
v 0.029417 0.652097 -0.089907
v 0.000000 0.692963 -0.074441
v 0.000000 0.649607 -0.090740
v 0.029208 0.605087 -0.095754
v 0.000000 0.600793 -0.095464
v -0.115699 0.957092 -0.027746
v -0.111204 0.946469 -0.011531
v -0.090051 0.961963 -0.026213
v -0.088032 0.951901 -0.010092
v -0.067559 0.958606 -0.009590
v -0.068318 0.966566 -0.028894
v -0.051580 0.970917 -0.026986
v -0.093472 0.924236 0.005093
v -0.109359 0.925834 0.000434
v -0.108129 0.901836 -0.001039
v -0.047656 0.957913 -0.000058
v -0.030383 0.967377 -0.009450
v -0.068850 0.939068 0.003545
v -0.029064 0.957805 0.005122
v -0.015452 0.963281 -0.000094
v -0.048092 0.940107 0.010181
v -0.015300 0.956957 0.006636
v 0.000000 0.959485 -0.002844
v 0.000000 0.950493 0.007756
v 0.000000 0.941157 0.013684
v -0.027466 0.940951 0.014165
v -0.081640 0.911418 0.012461
v 0.000000 0.840684 0.054433
v -0.097698 0.899262 0.004094
v 0.000000 0.737483 0.065337
v -0.037547 0.695373 0.061269
v 0.000000 0.694345 0.066890
v -0.066962 0.695571 0.042081
v -0.082691 0.693012 0.022471
v -0.091723 0.695278 0.000069
v -0.091197 0.695945 -0.028351
v -0.075226 0.696705 -0.051435
v -0.052778 0.696361 -0.064989
v 0.000000 0.800912 -0.072527
v 0.000000 0.931194 -0.095514
v -0.107334 0.899156 -0.090294
v -0.031181 0.933416 -0.097414
v 0.000000 0.955073 -0.090163
v -0.031247 0.956866 -0.090857
v 0.000000 0.976222 -0.081538
v -0.062242 0.933727 -0.095091
v -0.090758 0.948108 -0.084783
v -0.062244 0.958058 -0.085805
v -0.094900 0.962553 -0.069380
v -0.117606 0.954290 -0.068284
v -0.032893 0.977326 -0.080720
v -0.097654 0.966770 -0.048058
v -0.121088 0.961333 -0.048334
v -0.115699 0.957092 -0.027746
v -0.090051 0.961963 -0.026213
v -0.074275 0.977675 -0.051599
v -0.068318 0.966566 -0.028894
v -0.051580 0.970917 -0.026986
v -0.069421 0.974927 -0.069383
v -0.026952 0.995413 -0.070825
v 0.000000 0.994386 -0.073117
v -0.046795 0.988886 -0.068893
v -0.043650 0.999197 -0.052889
v -0.054856 0.987723 -0.052347
v -0.044907 0.989019 -0.035806
v -0.038814 0.976890 -0.020945
v -0.012716 1.088865 0.063691
v -0.423085 0.680463 0.060257
v -0.412855 0.692151 0.054975
v -0.403924 0.684732 0.061639
v -0.408932 0.692101 0.073133
v -0.420121 0.681407 0.077005
v -0.425908 0.665528 0.079537
v -0.412855 0.692151 0.054975
v -0.396702 0.687611 0.040178
v -0.390566 0.689163 0.042849
v -0.372352 0.700623 0.034696
v -0.364742 0.711848 0.024639
v -0.374751 0.697815 0.062821
v -0.386429 0.690400 0.066116
v -0.396601 0.685090 0.080760
v -0.408932 0.692101 0.073133
v -0.409150 0.694730 0.074049
v -0.357238 0.706646 0.030361
v -0.353250 0.717035 0.025845
v -0.342445 0.710574 0.049260
v -0.336897 0.718658 0.046437
v -0.349686 0.705705 0.051048
v -0.328936 0.716044 0.065049
v -0.328305 0.730098 0.067541
v -0.329485 0.706989 0.072809
v -0.361808 0.702161 0.060459
v -0.343230 0.700297 0.065786
v -0.345952 0.693391 0.077722
v -0.365898 0.698610 0.087608
v -0.365476 0.702544 0.095673
v -0.374847 0.694018 0.093588
v -0.397087 0.690752 0.091932
v -0.397378 0.691674 0.090788
v -0.397378 0.691674 0.090788
v -0.410266 0.680294 0.096767
v -0.409150 0.694730 0.074049
v -0.417682 0.678180 0.053997
v -0.416871 0.681787 0.053873
v -0.409667 0.692258 0.053351
v -0.407102 0.707786 0.046148
v -0.407805 0.707474 0.041921
v -0.404004 0.712032 0.047874
v -0.400997 0.717650 0.051013
v -0.396743 0.720738 0.069914
v -0.364742 0.711848 0.024639
v -0.369301 0.744162 0.038049
v -0.383707 0.732497 0.065839
v -0.329485 0.706989 0.072809
v -0.359951 0.714298 0.096527
v -0.365476 0.702544 0.095673
v -0.393984 0.718060 0.084757
v -0.409047 0.674817 0.102817
v -0.414863 0.666227 0.107387
v -0.406459 0.679648 0.100913
v -0.397378 0.691674 0.090788
v -0.409047 0.674817 0.102817
v -0.329485 0.706989 0.072809
v -0.331626 0.699640 0.081854
v -0.015452 0.963281 -0.000094
v 0.000000 0.959485 -0.002844
v 0.000000 0.979554 -0.000886
v -0.021048 0.984068 -0.006124
v -0.030383 0.967377 -0.009450
v -0.034275 0.989670 -0.016915
v -0.038814 0.976890 -0.020945
v -0.044907 0.989019 -0.035806
v -0.031843 1.009304 -0.008509
v -0.040840 0.999821 -0.032210
v -0.043650 0.999197 -0.052889
v -0.037212 1.008015 -0.048778
v -0.026952 0.995413 -0.070825
v -0.018994 1.048749 -0.057651
v -0.022396 1.011540 -0.065019
v 0.000000 0.994386 -0.073117
v 0.000000 1.010872 -0.066621
v -0.019641 1.025925 -0.060605
v 0.000000 1.046979 -0.061306
v 0.000000 1.026893 -0.062876
v -0.321006 0.731758 0.034663
v -0.316300 0.749517 0.056114
v -0.320244 0.738138 0.032845
v -0.332111 0.744194 0.074055
v -0.346702 0.748971 0.068740
v -0.318204 0.752388 0.050914
v -0.324531 0.760003 0.060825
v -0.346403 0.753866 0.070940
v -0.361075 0.754282 0.054693
v -0.360064 0.750650 0.055613
v -0.306396 0.765071 0.041446
v -0.306407 0.747690 0.021004
v -0.335751 0.766149 0.057251
v -0.331029 0.764920 0.052429
v -0.347104 0.766408 0.041129
v -0.354873 0.761597 0.026485
v -0.282542 0.769347 0.017921
v -0.289268 0.755346 -0.000231
v -0.253724 0.780268 -0.003770
v -0.259106 0.773259 -0.024339
v -0.232218 0.798404 -0.013557
v -0.235814 0.789803 -0.037456
v -0.221957 0.803198 -0.044058
v -0.291845 0.784250 0.030563
v -0.258346 0.795378 0.007870
v -0.220743 0.813747 -0.021602
v -0.213441 0.811940 -0.046213
v -0.302163 0.796051 0.026021
v -0.265427 0.809696 0.011695
v -0.239869 0.813659 -0.004395
v -0.229477 0.823404 -0.014318
v -0.225041 0.828470 -0.017226
v -0.215938 0.819799 -0.024363
v -0.209992 0.824011 -0.024968
v -0.205096 0.818232 -0.047078
v -0.247771 0.826873 -0.003228
v -0.275135 0.819998 0.008421
v -0.236838 0.837376 -0.014004
v -0.191174 0.828237 -0.042135
v -0.192489 0.829666 -0.060994
v -0.168920 0.840487 -0.040942
v -0.166687 0.842014 -0.063081
v -0.192483 0.833904 -0.023239
v -0.145898 0.853881 -0.041170
v -0.148740 0.852394 -0.065021
v -0.126885 0.866855 -0.069299
v -0.255584 0.835701 -0.006830
v -0.215880 0.832707 -0.016971
v -0.172051 0.845468 -0.019895
v -0.198559 0.843888 -0.013783
v -0.220827 0.844160 -0.017718
v -0.228576 0.843313 -0.019484
v -0.224375 0.858466 -0.027620
v -0.205309 0.856086 -0.015466
v -0.179440 0.856294 -0.009372
v -0.145672 0.861376 -0.019333
v -0.242213 0.847297 -0.019132
v -0.233739 0.852898 -0.023765
v -0.123735 0.868398 -0.043931
v -0.113402 0.876305 -0.044424
v -0.116353 0.880029 -0.079689
v -0.108932 0.883890 -0.079697
v -0.104932 0.883512 -0.044532
v -0.126006 0.875585 -0.018725
v -0.115766 0.883456 -0.018772
v -0.100714 0.891320 -0.022079
v -0.108129 0.901836 -0.001039
v -0.150901 0.877610 -0.006745
v -0.133315 0.891650 -0.006867
v -0.120579 0.902826 -0.005153
v -0.160553 0.889664 -0.009789
v -0.119547 0.921833 -0.002045
v -0.109359 0.925834 0.000434
v -0.137031 0.904728 -0.007960
v -0.188450 0.869201 -0.011879
v -0.124835 0.938148 -0.011636
v -0.111204 0.946469 -0.011531
v -0.115699 0.957092 -0.027746
v -0.127953 0.914059 -0.004562
v -0.141208 0.923639 -0.013826
v -0.133648 0.947903 -0.026868
v -0.121088 0.961333 -0.048334
v -0.155400 0.908196 -0.018328
v -0.172854 0.896269 -0.023147
v -0.152648 0.929789 -0.029564
v -0.138727 0.950858 -0.048199
v -0.167955 0.911383 -0.034394
v -0.134423 0.944101 -0.067262
v -0.117606 0.954290 -0.068284
v -0.156075 0.931473 -0.050336
v -0.149730 0.926408 -0.067865
v -0.170928 0.913127 -0.050673
v -0.117738 0.916410 -0.089201
v -0.107334 0.899156 -0.090294
v -0.164669 0.910530 -0.069650
v -0.180637 0.900280 -0.068037
v -0.138769 0.916839 -0.080422
v -0.120773 0.894125 -0.088222
v -0.108932 0.883890 -0.079697
v -0.116353 0.880029 -0.079689
v -0.152634 0.903258 -0.082245
v -0.129137 0.906448 -0.086951
v -0.131631 0.877464 -0.084333
v -0.126885 0.866855 -0.069299
v -0.140092 0.890531 -0.087838
v -0.170120 0.889877 -0.083397
v -0.160419 0.876363 -0.086397
v -0.153949 0.863179 -0.081574
v -0.148740 0.852394 -0.065021
v -0.179973 0.864916 -0.084443
v -0.172734 0.852758 -0.080214
v -0.204707 0.848283 -0.081562
v -0.166687 0.842014 -0.063081
v -0.189438 0.876984 -0.081059
v -0.197438 0.838438 -0.075969
v -0.192489 0.829666 -0.060994
v -0.219950 0.823076 -0.074046
v -0.205096 0.818232 -0.047078
v -0.213441 0.811940 -0.046213
v -0.197582 0.886295 -0.065105
v -0.215223 0.871607 -0.062570
v -0.211991 0.859654 -0.077583
v -0.230941 0.862668 -0.042150
v -0.231866 0.859051 -0.059959
v -0.233492 0.843950 -0.074730
v -0.240163 0.857617 -0.037337
v -0.242014 0.851841 -0.056759
v -0.230129 0.832985 -0.080219
v -0.249231 0.852377 -0.032880
v -0.253004 0.845271 -0.053017
v -0.246617 0.831623 -0.076624
v -0.234366 0.819030 -0.076516
v -0.266248 0.841000 -0.022617
v -0.272833 0.835305 -0.045149
v -0.287426 0.823926 -0.008002
v -0.296878 0.816760 -0.027529
v -0.244169 0.825150 -0.080466
v -0.251303 0.819764 -0.075973
v -0.255000 0.828535 -0.071379
v -0.270893 0.820275 -0.062199
v -0.295336 0.804798 -0.043084
v -0.319580 0.788466 -0.014224
v -0.240343 0.810544 -0.067605
v -0.221957 0.803198 -0.044058
v -0.264204 0.809149 -0.067058
v -0.252948 0.798461 -0.059209
v -0.235814 0.789803 -0.037456
v -0.288854 0.791311 -0.048682
v -0.275115 0.779848 -0.043943
v -0.259106 0.773259 -0.024339
v -0.305644 0.761465 -0.018630
v -0.289268 0.755346 -0.000231
v -0.316832 0.776209 -0.020945
v -0.322881 0.750279 0.000247
v -0.306407 0.747690 0.021004
v -0.334685 0.763506 -0.001172
v -0.337616 0.739314 0.015327
v -0.320244 0.738138 0.032845
v -0.321006 0.731758 0.034663
v -0.350214 0.751196 0.015007
v -0.341160 0.733499 0.012052
v -0.355658 0.750145 0.013521
v -0.372097 0.735039 0.022241
v -0.350973 0.716695 0.021834
v -0.331565 0.718149 0.044556
v -0.353250 0.717035 0.025845
v -0.336897 0.718658 0.046437
v 0.000000 0.592891 0.050395
v 0.000000 0.643867 0.061552
v -0.021770 0.645522 0.058895
v 0.000000 0.694345 0.066890
v -0.037547 0.695373 0.061269
v -0.046346 0.649816 0.051800
v -0.091723 0.695278 0.000069
v -0.052778 0.696361 -0.064989
v -0.027737 0.695306 -0.072280
v -0.029417 0.652097 -0.089907
v 0.000000 0.692963 -0.074441
v 0.000000 0.649607 -0.090740
v -0.029208 0.605087 -0.095754
v 0.000000 0.600793 -0.095464
v 0.000000 0.574606 -0.076970
v 0.072746 1.143002 0.040791
v 0.074099 1.145166 0.031392
v -0.423085 0.680463 0.060257
v -0.420121 0.681407 0.077005
v -0.408932 0.692101 0.073133
v -0.405106 0.710315 0.072126
v -0.409150 0.694730 0.074049
v -0.403215 0.714860 0.066206
v -0.399082 0.717749 0.076464
v -0.401341 0.712355 0.086382
v -0.404941 0.712763 0.080595
v -0.408938 0.705961 0.079136
v -0.410266 0.680294 0.096767
v -0.418804 0.679380 0.081851
v 0.423085 0.680463 0.060257
v 0.420121 0.681407 0.077005
v 0.408932 0.692101 0.073133
v 0.405106 0.710315 0.072126
v 0.409150 0.694730 0.074049
v 0.399082 0.717749 0.076464
v 0.401341 0.712355 0.086382
v 0.404941 0.712763 0.080595
v 0.415725 0.686135 0.097571
v 0.410266 0.680294 0.096767
v 0.418804 0.679380 0.081851
vt 0.735352 0.004875
vt 0.733398 0.004875
vt 0.720703 0.004875
vt 0.745117 0.004875
vt 0.733398 0.004875
vt 0.735352 0.004875
vt 0.733398 0.004875
vt 0.735352 0.004875
vt 0.720703 0.004875
vt 0.733398 0.004875
vt 0.745117 0.004875
vt 0.735352 0.004875
vt 0.401367 0.750977
vt 0.401611 0.760254
vt 0.397949 0.755371
vt 0.406494 0.753906
vt 0.403320 0.759277
vt 0.401367 0.739258
vt 0.423096 0.810547
vt 0.425049 0.810547
vt 0.420166 0.806641
vt 0.423096 0.810547
vt 0.419678 0.812012
vt 0.425049 0.810547
vt 0.421875 0.816406
vt 0.422363 0.816895
vt 0.423584 0.816406
vt 0.422363 0.816895
vt 0.422363 0.817871
vt 0.423584 0.816406
vt 0.599609 0.004875
vt 0.599609 0.016205
vt 0.627930 0.016205
vt 0.627930 0.004875
vt 0.652344 0.016205
vt 0.652344 0.055267
vt 0.652344 0.004875
vt 0.675781 0.055267
vt 0.675781 0.016205
vt 0.693359 0.055267
vt 0.675781 0.004875
vt 0.693359 0.016205
vt 0.693359 0.004875
vt 0.652344 0.016205
vt 0.627930 0.055267
vt 0.627930 0.016205
vt 0.599609 0.016205
vt 0.599609 0.055267
vt 0.786133 0.055267
vt 0.769531 0.055267
vt 0.786133 0.016205
vt 0.766602 0.016205
vt 0.756836 0.035400
vt 0.746094 0.055267
vt 0.830078 0.458740
vt 0.808105 0.446777
vt 0.824219 0.446045
vt 0.830078 0.470459
vt 0.788574 0.494629
vt 0.822754 0.511230
vt 0.813965 0.528809
vt 0.785156 0.513184
vt 0.782227 0.527832
vt 0.808594 0.544434
vt 0.779785 0.542480
vt 0.804199 0.561035
vt 0.793457 0.567383
vt 0.779785 0.557617
vt 0.395020 0.932617
vt 0.374268 0.938965
vt 0.404785 0.995117
vt 0.424072 0.995117
vt 0.417480 0.935059
vt 0.443359 0.995117
vt 0.380615 0.890137
vt 0.363525 0.904785
vt 0.401367 0.880371
vt 0.366211 0.850586
vt 0.348145 0.871582
vt 0.390625 0.841309
vt 0.427002 0.878906
vt 0.410156 0.802734
vt 0.352783 0.815918
vt 0.329590 0.835449
vt 0.199951 0.601074
vt 0.190186 0.616699
vt 0.229492 0.646484
vt 0.134277 0.600098
vt 0.206787 0.653320
vt 0.207153 0.671875
vt 0.252441 0.670898
vt 0.172852 0.634766
vt 0.133179 0.616699
vt 0.022964 0.597656
vt 0.165527 0.663086
vt 0.092407 0.639648
vt 0.056305 0.614746
vt 0.028946 0.635742
vt 0.003248 0.642578
vt 0.029617 0.672852
vt 0.087463 0.666992
vt 0.173706 0.689941
vt 0.212769 0.712402
vt 0.123169 0.692383
vt 0.054565 0.682617
vt 0.182739 0.729980
vt 0.127563 0.716309
vt 0.095703 0.712891
vt 0.024002 0.686523
vt 0.129639 0.729980
vt 0.092529 0.751465
vt 0.074463 0.731934
vt 0.050842 0.736816
vt 0.057800 0.794434
vt 0.029160 0.784180
vt 0.025482 0.842773
vt 0.004196 0.829102
vt 0.004196 0.893066
vt 0.245483 0.996094
vt 0.244263 0.980469
vt 0.230591 0.996094
vt 0.230591 0.982422
vt 0.217285 0.996094
vt 0.217163 0.982422
vt 0.206421 0.996094
vt 0.207031 0.982422
vt 0.192627 0.996094
vt 0.180054 0.996094
vt 0.193115 0.982422
vt 0.179199 0.976562
vt 0.158569 0.996094
vt 0.004196 0.996094
vt 0.025482 0.996094
vt 0.025482 0.957520
vt 0.004196 0.954590
vt 0.025482 0.902344
vt 0.057800 0.875977
vt 0.057800 0.837891
vt 0.965820 0.952637
vt 0.979004 0.952637
vt 0.965820 0.936523
vt 0.995605 0.936523
vt 0.979004 0.936523
vt 0.944336 0.996582
vt 0.915527 0.996582
vt 0.922852 0.981934
vt 0.939453 0.982422
vt 0.944336 0.971191
vt 0.947266 0.982422
vt 0.956055 0.996582
vt 0.957520 0.974609
vt 0.918457 0.967773
vt 0.928711 0.959961
vt 0.958008 0.962402
vt 0.960449 0.942871
vt 0.932129 0.939941
vt 0.919922 0.959961
vt 0.953125 0.934082
vt 0.927246 0.930664
vt 0.923340 0.939453
vt 0.791992 0.704102
vt 0.807617 0.709473
vt 0.801270 0.724609
vt 0.799316 0.684082
vt 0.812500 0.687988
vt 0.815430 0.729004
vt 0.834473 0.716309
vt 0.840820 0.696777
vt 0.855957 0.701660
vt 0.851563 0.718750
vt 0.831055 0.731445
vt 0.848145 0.732910
vt 0.871582 0.801270
vt 0.869629 0.789551
vt 0.873535 0.791016
vt 0.861816 0.813965
vt 0.856934 0.802246
vt 0.873535 0.812012
vt 0.915039 0.798828
vt 0.872070 0.825684
vt 0.861328 0.840820
vt 0.862793 0.824219
vt 0.962402 0.775391
vt 0.950684 0.775391
vt 0.962402 0.760254
vt 0.976074 0.760254
vt 0.962402 0.789551
vt 0.950684 0.789551
vt 0.967285 0.832520
vt 0.950684 0.833496
vt 0.954102 0.821289
vt 0.967773 0.798828
vt 0.954102 0.798828
vt 0.968750 0.821289
vt 0.974609 0.832031
vt 0.989258 0.821289
vt 0.989258 0.798828
vt 0.977539 0.789551
vt 0.985840 0.775391
vt 0.995117 0.789551
vt 0.995605 0.760254
vt 0.851563 0.750977
vt 0.854980 0.739746
vt 0.870117 0.745117
vt 0.866211 0.755371
vt 0.883789 0.752441
vt 0.876953 0.759277
vt 0.847168 0.763672
vt 0.861816 0.765137
vt 0.873047 0.772949
vt 0.859375 0.772461
vt 0.845703 0.777344
vt 0.869141 0.784180
vt 0.440918 0.923340
vt 0.440674 0.890137
vt 0.460205 0.890137
vt 0.467773 0.923340
vt 0.498047 0.890625
vt 0.447266 0.947754
vt 0.501953 0.923340
vt 0.488770 0.947266
vt 0.538574 0.923340
vt 0.539063 0.890625
vt 0.483398 0.970703
vt 0.447754 0.970703
vt 0.513184 0.970703
vt 0.492432 0.992187
vt 0.522461 0.947266
vt 0.541992 0.970703
vt 0.531738 0.992187
vt 0.570801 0.923340
vt 0.599609 0.890625
vt 0.596191 0.923340
vt 0.576660 0.946777
vt 0.550293 0.947266
vt 0.569824 0.970703
vt 0.566895 0.992187
vt 0.235352 0.200806
vt 0.249512 0.135376
vt 0.278809 0.135376
vt 0.217651 0.256348
vt 0.197388 0.200806
vt 0.175415 0.256348
vt 0.166138 0.200806
vt 0.134888 0.200806
vt 0.145020 0.135376
vt 0.146240 0.256348
vt 0.101807 0.200806
vt 0.108154 0.135376
vt 0.115906 0.256348
vt 0.140747 0.287109
vt 0.067810 0.200806
vt 0.072021 0.135376
vt 0.088196 0.256348
vt 0.061005 0.256348
vt 0.033752 0.200806
vt 0.084290 0.287598
vt 0.057098 0.286377
vt 0.112671 0.289062
vt 0.110718 0.313721
vt 0.143677 0.311279
vt 0.084106 0.312988
vt 0.057404 0.311279
vt 0.233643 0.487793
vt 0.233643 0.447266
vt 0.277588 0.447266
vt 0.273193 0.488281
vt 0.268555 0.520996
vt 0.196411 0.487793
vt 0.205933 0.447266
vt 0.172485 0.447266
vt 0.139038 0.447266
vt 0.172485 0.396240
vt 0.165894 0.487793
vt 0.139038 0.487793
vt 0.106201 0.487793
vt 0.114319 0.447266
vt 0.006100 0.487793
vt 0.006100 0.447266
vt 0.029556 0.447266
vt 0.005707 0.520508
vt 0.033752 0.487793
vt 0.068726 0.487793
vt 0.083679 0.447266
vt 0.035553 0.520508
vt 0.005707 0.531738
vt 0.106323 0.520508
vt 0.068298 0.520508
vt 0.035553 0.531738
vt 0.139038 0.520508
vt 0.035553 0.591309
vt 0.068298 0.531738
vt 0.068298 0.591309
vt 0.106323 0.531738
vt 0.139038 0.531738
vt 0.165894 0.520508
vt 0.165894 0.532227
vt 0.165894 0.591309
vt 0.196411 0.520508
vt 0.196411 0.531738
vt 0.227173 0.531738
vt 0.227173 0.520508
vt 0.266113 0.532227
vt 0.775879 0.719238
vt 0.762695 0.748535
vt 0.747559 0.744141
vt 0.758789 0.711914
vt 0.791504 0.681152
vt 0.772461 0.675293
vt 0.750000 0.669922
vt 0.739746 0.704102
vt 0.727051 0.665527
vt 0.719727 0.698242
vt 0.730469 0.738770
vt 0.705078 0.659668
vt 0.711914 0.734375
vt 0.699707 0.692871
vt 0.684570 0.653320
vt 0.678223 0.687500
vt 0.693359 0.729492
vt 0.659180 0.664551
vt 0.663574 0.645996
vt 0.639648 0.639648
vt 0.635254 0.655273
vt 0.613770 0.632324
vt 0.555664 0.792480
vt 0.573242 0.775879
vt 0.568359 0.826660
vt 0.522949 0.658691
vt 0.534668 0.664062
vt 0.521973 0.686035
vt 0.545410 0.648926
vt 0.554688 0.659180
vt 0.548340 0.667480
vt 0.538574 0.641602
vt 0.562012 0.626953
vt 0.563477 0.639160
vt 0.230713 0.608887
vt 0.245605 0.601562
vt 0.254883 0.628418
vt 0.283691 0.625977
vt 0.304443 0.672852
vt 0.265381 0.591309
vt 0.319824 0.657715
vt 0.351563 0.704590
vt 0.304443 0.621582
vt 0.270020 0.569336
vt 0.351807 0.682129
vt 0.412109 0.707520
vt 0.332764 0.642578
vt 0.302979 0.587402
vt 0.276367 0.543945
vt 0.415039 0.691895
vt 0.481934 0.700684
vt 0.355957 0.652344
vt 0.331299 0.607422
vt 0.471191 0.688965
vt 0.503418 0.676270
vt 0.418945 0.669434
vt 0.489990 0.659668
vt 0.525391 0.648437
vt 0.324951 0.573730
vt 0.383301 0.600098
vt 0.364014 0.621582
vt 0.466553 0.668945
vt 0.428223 0.641602
vt 0.466797 0.642090
vt 0.504883 0.637207
vt 0.434082 0.610352
vt 0.518066 0.614258
vt 0.546387 0.627441
vt 0.472168 0.614258
vt 0.550293 0.595215
vt 0.579590 0.612305
vt 0.437256 0.589844
vt 0.513184 0.592285
vt 0.565430 0.570312
vt 0.581055 0.584473
vt 0.583496 0.545898
vt 0.562500 0.535645
vt 0.585938 0.501465
vt 0.564453 0.498291
vt 0.536621 0.555176
vt 0.552246 0.516113
vt 0.525391 0.494629
vt 0.530762 0.537598
vt 0.509277 0.565430
vt 0.476563 0.589355
vt 0.500000 0.543945
vt 0.482178 0.565430
vt 0.536621 0.516113
vt 0.508301 0.526367
vt 0.475098 0.530273
vt 0.482910 0.494629
vt 0.446777 0.560059
vt 0.454590 0.543945
vt 0.463379 0.509766
vt 0.421387 0.493652
vt 0.441895 0.520508
vt 0.415039 0.535156
vt 0.407227 0.552734
vt 0.365479 0.534668
vt 0.406250 0.518555
vt 0.396240 0.575195
vt 0.363037 0.560547
vt 0.333496 0.549316
vt 0.316895 0.526855
vt 0.282227 0.518555
vt 0.394775 0.505371
vt 0.384766 0.492920
vt 0.358887 0.517090
vt 0.315430 0.509277
vt 0.287354 0.491699
vt 0.342285 0.498779
vt 0.333496 0.479248
vt 0.290527 0.464355
vt 0.029160 0.784180
vt 0.004196 0.756836
vt 0.004196 0.829102
vt 0.004196 0.697266
vt 0.050842 0.736816
vt 0.024002 0.686523
vt 0.796875 0.030045
vt 0.795898 0.050873
vt 0.797852 0.051849
vt 0.801758 0.040070
vt 0.794922 0.008354
vt 0.804688 0.042084
vt 0.803711 0.052856
vt 0.805664 0.050537
vt 0.807617 0.049927
vt 0.808594 0.049561
vt 0.803711 0.018646
vt 0.809570 0.035309
vt 0.812500 0.034027
vt 0.811523 0.044495
vt 0.807617 0.024933
vt 0.813477 0.026718
vt 0.819336 0.021179
vt 0.817383 0.037872
vt 0.825195 0.008827
vt 0.812500 0.034027
vt 0.824219 0.039459
vt 0.828125 0.039398
vt 0.813477 0.049530
vt 0.820313 0.050659
vt 0.825195 0.050873
vt 0.823242 0.050995
vt 0.599609 0.016205
vt 0.599609 0.004875
vt 0.627930 0.016205
vt 0.627930 0.004875
vt 0.652344 0.016205
vt 0.652344 0.055267
vt 0.652344 0.004875
vt 0.675781 0.055267
vt 0.675781 0.016205
vt 0.675781 0.004875
vt 0.627930 0.055267
vt 0.652344 0.016205
vt 0.627930 0.016205
vt 0.599609 0.016205
vt 0.599609 0.055267
vt 0.769531 0.055267
vt 0.786133 0.055267
vt 0.786133 0.016205
vt 0.766602 0.016205
vt 0.756836 0.035400
vt 0.746094 0.055267
vt 0.789063 0.494629
vt 0.823242 0.511230
vt 0.793945 0.477295
vt 0.814453 0.528809
vt 0.785156 0.513184
vt 0.782227 0.527832
vt 0.808594 0.544434
vt 0.779297 0.542480
vt 0.803711 0.561035
vt 0.792969 0.567383
vt 0.780273 0.557617
vt 0.405273 0.995117
vt 0.387695 0.995117
vt 0.374023 0.938965
vt 0.395508 0.932617
vt 0.423828 0.995117
vt 0.363281 0.904785
vt 0.416992 0.935059
vt 0.443359 0.995117
vt 0.380859 0.890137
vt 0.401367 0.880371
vt 0.426758 0.878906
vt 0.390625 0.841309
vt 0.366211 0.850586
vt 0.379883 0.801758
vt 0.410156 0.802734
vt 0.348633 0.871582
vt 0.329102 0.835449
vt 0.352539 0.815918
vt 0.200195 0.601074
vt 0.254883 0.641602
vt 0.229492 0.646484
vt 0.207031 0.671875
vt 0.239258 0.696777
vt 0.212891 0.712402
vt 0.252930 0.670898
vt 0.190430 0.616699
vt 0.133789 0.600098
vt 0.207031 0.653320
vt 0.172852 0.634766
vt 0.132813 0.616699
vt 0.023438 0.597656
vt 0.165039 0.663086
vt 0.092773 0.639648
vt 0.173828 0.689941
vt 0.056641 0.614746
vt 0.029297 0.635742
vt 0.002930 0.642578
vt 0.029297 0.672852
vt 0.087891 0.666992
vt 0.123047 0.692383
vt 0.054688 0.682617
vt 0.182617 0.729980
vt 0.127930 0.716309
vt 0.095703 0.712891
vt 0.024414 0.686523
vt 0.129883 0.729980
vt 0.092773 0.751465
vt 0.074219 0.731934
vt 0.057617 0.794434
vt 0.029297 0.784180
vt 0.050781 0.736816
vt 0.160156 0.747070
vt 0.127930 0.764648
vt 0.025391 0.842773
vt 0.003906 0.829102
vt 0.003906 0.893066
vt 0.025391 0.902344
vt 0.003906 0.954590
vt 0.003906 0.996094
vt 0.025391 0.957520
vt 0.057617 0.837891
vt 0.057617 0.875977
vt 0.179688 0.996094
vt 0.158203 0.996094
vt 0.178711 0.976562
vt 0.193359 0.982422
vt 0.192383 0.996094
vt 0.207031 0.982422
vt 0.206055 0.996094
vt 0.216797 0.982422
vt 0.216797 0.996094
vt 0.083984 0.791016
vt 0.077148 0.836914
vt 0.230469 0.996094
vt 0.230469 0.982422
vt 0.244141 0.980469
vt 0.245117 0.996094
vt 0.251953 0.970215
vt 0.849609 0.994629
vt 0.849609 0.986328
vt 0.815430 0.986328
vt 0.849609 0.978027
vt 0.815430 0.978027
vt 0.965820 0.952637
vt 0.978516 0.952637
vt 0.978516 0.975098
vt 0.965820 0.936523
vt 0.978516 0.936523
vt 0.939453 0.982422
vt 0.922852 0.981934
vt 0.944336 0.996582
vt 0.944336 0.971191
vt 0.918945 0.967773
vt 0.947266 0.982422
vt 0.956055 0.996582
vt 0.958008 0.974609
vt 0.958008 0.962402
vt 0.928711 0.959961
vt 0.959961 0.942871
vt 0.931641 0.939941
vt 0.953125 0.934082
vt 0.791992 0.704102
vt 0.807617 0.709473
vt 0.798828 0.684082
vt 0.812500 0.687988
vt 0.833984 0.716309
vt 0.840820 0.696777
vt 0.855469 0.701660
vt 0.851563 0.718750
vt 0.831055 0.731445
vt 0.871094 0.801270
vt 0.869141 0.789551
vt 0.856445 0.802246
vt 0.874023 0.812012
vt 0.862305 0.813965
vt 0.915039 0.798828
vt 0.873047 0.791016
vt 0.863281 0.824219
vt 0.872070 0.825684
vt 0.975586 0.760254
vt 0.961914 0.760254
vt 0.961914 0.775391
vt 0.961914 0.789551
vt 0.951172 0.775391
vt 0.915039 0.821289
vt 0.861328 0.840820
vt 0.888672 0.834961
vt 0.967773 0.832520
vt 0.968750 0.821289
vt 0.954102 0.821289
vt 0.974609 0.832031
vt 0.989258 0.821289
vt 0.967773 0.798828
vt 0.989258 0.798828
vt 0.977539 0.789551
vt 0.975586 0.775391
vt 0.986328 0.775391
vt 0.995117 0.789551
vt 0.996094 0.760254
vt 0.866211 0.755371
vt 0.870117 0.745117
vt 0.851563 0.750977
vt 0.876953 0.759277
vt 0.883789 0.752441
vt 0.847656 0.763672
vt 0.861328 0.765137
vt 0.873047 0.772949
vt 0.859375 0.772461
vt 0.845703 0.777344
vt 0.869141 0.784180
vt 0.440430 0.890137
vt 0.441406 0.923340
vt 0.459961 0.890137
vt 0.467773 0.923340
vt 0.498047 0.890625
vt 0.447266 0.947754
vt 0.501953 0.923340
vt 0.488281 0.947266
vt 0.539063 0.923340
vt 0.539063 0.890625
vt 0.483398 0.970703
vt 0.448242 0.970703
vt 0.451172 0.992187
vt 0.513672 0.970703
vt 0.522461 0.947266
vt 0.541992 0.970703
vt 0.571289 0.923340
vt 0.599609 0.890625
vt 0.595703 0.923340
vt 0.577148 0.946777
vt 0.550781 0.947266
vt 0.569336 0.970703
vt 0.235352 0.200806
vt 0.250000 0.135376
vt 0.197266 0.200806
vt 0.217773 0.256348
vt 0.175781 0.256348
vt 0.166016 0.200806
vt 0.213867 0.135376
vt 0.177734 0.135376
vt 0.144531 0.135376
vt 0.146484 0.256348
vt 0.134766 0.200806
vt 0.108398 0.135376
vt 0.101563 0.200806
vt 0.072266 0.135376
vt 0.116211 0.256348
vt 0.140625 0.287109
vt 0.067383 0.200806
vt 0.039063 0.140503
vt 0.087891 0.256348
vt 0.060547 0.256348
vt 0.083984 0.287598
vt 0.056641 0.286377
vt 0.112305 0.289062
vt 0.110352 0.313721
vt 0.143555 0.311279
vt 0.206055 0.447266
vt 0.233398 0.447266
vt 0.233398 0.396240
vt 0.273438 0.488281
vt 0.277344 0.447266
vt 0.233398 0.487793
vt 0.268555 0.520996
vt 0.206055 0.396240
vt 0.172852 0.447266
vt 0.196289 0.487793
vt 0.172852 0.396240
vt 0.138672 0.447266
vt 0.166016 0.487793
vt 0.138672 0.487793
vt 0.106445 0.487793
vt 0.114258 0.447266
vt 0.083984 0.447266
vt 0.068359 0.487793
vt 0.058594 0.447266
vt 0.034180 0.487793
vt 0.035156 0.520508
vt 0.005859 0.520508
vt 0.005859 0.531738
vt 0.106445 0.520508
vt 0.068359 0.520508
vt 0.035156 0.531738
vt 0.138672 0.520508
vt 0.068359 0.531738
vt 0.106445 0.531738
vt 0.068359 0.591309
vt 0.106445 0.591309
vt 0.138672 0.531738
vt 0.166016 0.520508
vt 0.166016 0.532227
vt 0.196289 0.520508
vt 0.196289 0.531738
vt 0.166016 0.591309
vt 0.227539 0.531738
vt 0.196289 0.591309
vt 0.227539 0.520508
vt 0.266602 0.532227
vt 0.227539 0.591309
vt 0.758789 0.711914
vt 0.748047 0.744141
vt 0.775391 0.719238
vt 0.791992 0.681152
vt 0.772461 0.675293
vt 0.750000 0.669922
vt 0.740234 0.704102
vt 0.726563 0.665527
vt 0.719727 0.698242
vt 0.730469 0.738770
vt 0.705078 0.659668
vt 0.711914 0.734375
vt 0.699219 0.692871
vt 0.684570 0.653320
vt 0.678711 0.687500
vt 0.693359 0.729492
vt 0.672852 0.726562
vt 0.659180 0.664551
vt 0.664063 0.645996
vt 0.639648 0.639648
vt 0.652344 0.686035
vt 0.585938 0.809570
vt 0.604492 0.795898
vt 0.598633 0.748047
vt 0.573242 0.775879
vt 0.568359 0.826660
vt 0.555664 0.792480
vt 0.559570 0.742676
vt 0.523438 0.658691
vt 0.521484 0.686035
vt 0.534180 0.664062
vt 0.539063 0.641602
vt 0.545898 0.648926
vt 0.554688 0.659180
vt 0.565430 0.651855
vt 0.563477 0.639160
vt 0.230469 0.608887
vt 0.254883 0.628418
vt 0.245117 0.601562
vt 0.283203 0.625977
vt 0.265625 0.591309
vt 0.304688 0.672852
vt 0.304688 0.621582
vt 0.270508 0.569336
vt 0.319336 0.657715
vt 0.351563 0.704590
vt 0.351563 0.682129
vt 0.412109 0.707520
vt 0.302734 0.587402
vt 0.276367 0.543945
vt 0.333008 0.642578
vt 0.415039 0.691895
vt 0.482422 0.700684
vt 0.331055 0.607422
vt 0.355469 0.652344
vt 0.471680 0.688965
vt 0.503906 0.676270
vt 0.418945 0.669434
vt 0.490234 0.659668
vt 0.525391 0.648437
vt 0.325195 0.573730
vt 0.383789 0.600098
vt 0.364258 0.621582
vt 0.466797 0.668945
vt 0.428711 0.641602
vt 0.466797 0.642090
vt 0.504883 0.637207
vt 0.434570 0.610352
vt 0.518555 0.614258
vt 0.545898 0.627441
vt 0.471680 0.614258
vt 0.549805 0.595215
vt 0.580078 0.612305
vt 0.437500 0.589844
vt 0.513672 0.592285
vt 0.565430 0.570312
vt 0.581055 0.584473
vt 0.583008 0.545898
vt 0.562500 0.535645
vt 0.585938 0.501465
vt 0.564453 0.498291
vt 0.537109 0.555176
vt 0.552734 0.516113
vt 0.525391 0.494629
vt 0.530273 0.537598
vt 0.508789 0.565430
vt 0.476563 0.589355
vt 0.500000 0.543945
vt 0.482422 0.565430
vt 0.537109 0.516113
vt 0.508789 0.526367
vt 0.475586 0.530273
vt 0.483398 0.494629
vt 0.446289 0.560059
vt 0.455078 0.543945
vt 0.462891 0.509766
vt 0.420898 0.493652
vt 0.442383 0.520508
vt 0.415039 0.535156
vt 0.407227 0.552734
vt 0.365234 0.534668
vt 0.406250 0.518555
vt 0.396484 0.575195
vt 0.363281 0.560547
vt 0.333008 0.549316
vt 0.317383 0.526855
vt 0.282227 0.518555
vt 0.394531 0.505371
vt 0.384766 0.492920
vt 0.359375 0.517090
vt 0.315430 0.509277
vt 0.287109 0.491699
vt 0.342773 0.498779
vt 0.333984 0.479248
vt 0.290039 0.464355
vt 0.003906 0.756836
vt 0.029297 0.784180
vt 0.003906 0.829102
vt 0.003906 0.697266
vt 0.050781 0.736816
vt 0.024414 0.686523
vt 0.009766 0.675781
vt 0.012695 0.669434
vt 0.010742 0.668945
vt 0.015625 0.671387
vt 0.017578 0.674805
vt 0.017578 0.678711
vt 0.016602 0.681641
vt 0.012695 0.683594
vt 0.009766 0.684570
vt 0.007813 0.684082
vt 0.009766 0.675781
vt 0.004883 0.681641
vt 0.007813 0.684082
vt 0.003906 0.678223
vt 0.003906 0.674316
vt 0.005859 0.670898
vt 0.008789 0.669434
vt 0.010742 0.668945
vt 0.801758 0.040070
vt 0.797852 0.051849
vt 0.800781 0.052979
vt 0.804688 0.042084
vt 0.803711 0.052856
vt 0.807617 0.049927
vt 0.805664 0.050537
vt 0.803711 0.018646
vt 0.809570 0.035309
vt 0.808594 0.049561
vt 0.811523 0.044495
vt 0.812500 0.034027
vt 0.807617 0.024933
vt 0.813477 0.026718
vt 0.819336 0.021179
vt 0.817383 0.037872
vt 0.812500 0.034027
vt 0.824219 0.039459
vt 0.820313 0.050659
vt 0.816406 0.049896
vt 0.823242 0.050995
vt 0.828125 0.051056
vt 0.825195 0.050873
vt 0.593750 0.825195
vt 0.610840 0.822266
vt 0.608887 0.827148
vt 0.445801 0.814941
vt 0.451904 0.815918
vt 0.447021 0.805176
vt 0.446533 0.817383
vt 0.440186 0.805664
vt 0.439453 0.819336
vt 0.437988 0.813965
vt 0.429199 0.817383
vt 0.433350 0.822754
vt 0.428467 0.821289
vt 0.435059 0.807129
vt 0.425537 0.820312
vt 0.423584 0.816406
vt 0.425049 0.810547
vt 0.423096 0.818359
vt 0.422363 0.817871
vt 0.421875 0.816406
vt 0.419678 0.812012
vt 0.424561 0.806152
vt 0.420166 0.806641
vt 0.419922 0.804687
vt 0.420410 0.802246
vt 0.451904 0.815918
vt 0.457520 0.818359
vt 0.467773 0.812988
vt 0.611328 0.852051
vt 0.617676 0.864258
vt 0.608887 0.862793
vt 0.619629 0.856934
vt 0.628418 0.864258
vt 0.627930 0.847656
vt 0.619629 0.846680
vt 0.615234 0.836914
vt 0.628418 0.836914
vt 0.620117 0.828125
vt 0.618164 0.823242
vt 0.627930 0.829590
vt 0.627441 0.822754
vt 0.623535 0.817383
vt 0.626953 0.818359
vt 0.622070 0.816406
vt 0.627441 0.812988
vt 0.625488 0.812500
vt 0.624512 0.811523
vt 0.627441 0.806641
vt 0.626465 0.806152
vt 0.424561 0.806152
vt 0.425049 0.804687
vt 0.420410 0.802246
vt 0.435059 0.807129
vt 0.440186 0.805664
vt 0.433594 0.803223
vt 0.439453 0.801270
vt 0.447021 0.805176
vt 0.447021 0.800293
vt 0.450684 0.798340
vt 0.456787 0.805176
vt 0.604492 0.881348
vt 0.604004 0.885742
vt 0.591309 0.885742
vt 0.590820 0.879883
vt 0.604004 0.875488
vt 0.579102 0.885742
vt 0.590332 0.871582
vt 0.577637 0.875488
vt 0.557129 0.864746
vt 0.565918 0.885742
vt 0.547852 0.885742
vt 0.563477 0.859375
vt 0.582031 0.865234
vt 0.545898 0.863770
vt 0.553711 0.842773
vt 0.531738 0.873047
vt 0.525879 0.885742
vt 0.516113 0.872070
vt 0.514160 0.885742
vt 0.533691 0.858398
vt 0.539551 0.839844
vt 0.496094 0.878418
vt 0.491455 0.885742
vt 0.438477 0.884766
vt 0.435791 0.866699
vt 0.454346 0.869629
vt 0.517090 0.855469
vt 0.504883 0.855957
vt 0.526855 0.841797
vt 0.515625 0.842285
vt 0.440918 0.847656
vt 0.432373 0.852539
vt 0.425537 0.833008
vt 0.449707 0.839844
vt 0.437744 0.827148
vt 0.448975 0.821777
vt 0.520508 0.832031
vt 0.540527 0.832520
vt 0.551758 0.836426
vt 0.551758 0.831055
vt 0.562988 0.835449
vt 0.562012 0.830566
vt 0.576172 0.828125
vt 0.562500 0.841797
vt 0.578613 0.831543
vt 0.585449 0.828613
vt 0.562012 0.843750
vt 0.572266 0.840332
vt 0.585938 0.831055
vt 0.596680 0.829102
vt 0.578613 0.842285
vt 0.588379 0.836914
vt 0.598145 0.834473
vt 0.608398 0.829590
vt 0.609863 0.835449
vt 0.599121 0.838379
vt 0.590332 0.839844
vt 0.573730 0.843750
vt 0.586426 0.844727
vt 0.571289 0.848633
vt 0.585938 0.852051
vt 0.595703 0.846680
vt 0.600586 0.854492
vt 0.604004 0.849121
vt 0.606445 0.852539
vt 0.605957 0.856445
vt 0.604492 0.873535
vt 0.534668 0.813965
vt 0.517578 0.799316
vt 0.532715 0.807129
vt 0.549316 0.812500
vt 0.548340 0.814453
vt 0.562500 0.825195
vt 0.562500 0.825195
vt 0.549316 0.812500
vt 0.558594 0.812500
vt 0.554199 0.802246
vt 0.532715 0.807129
vt 0.535156 0.789551
vt 0.505371 0.724121
vt 0.519043 0.717773
vt 0.520020 0.729004
vt 0.510254 0.716797
vt 0.505859 0.734375
vt 0.489746 0.737793
vt 0.491699 0.751465
vt 0.473145 0.757324
vt 0.455078 0.760254
vt 0.474121 0.764160
vt 0.467529 0.746094
vt 0.486084 0.728516
vt 0.499268 0.718750
vt 0.508789 0.715820
vt 0.503906 0.713379
vt 0.516602 0.710937
vt 0.471680 0.774902
vt 0.460449 0.774902
vt 0.522461 0.814453
vt 0.504883 0.827148
vt 0.485840 0.825195
vt 0.522949 0.827148
vt 0.534668 0.813965
vt 0.535645 0.826660
vt 0.438477 0.781738
vt 0.456787 0.791016
vt 0.426025 0.797852
vt 0.419678 0.787598
vt 0.432373 0.768555
vt 0.413818 0.773437
vt 0.427002 0.756348
vt 0.406738 0.761230
vt 0.413818 0.745117
vt 0.451904 0.750000
vt 0.413086 0.729980
vt 0.448242 0.731934
vt 0.464844 0.729980
vt 0.439941 0.721191
vt 0.410156 0.710937
vt 0.444092 0.708008
vt 0.459717 0.706543
vt 0.456055 0.718750
vt 0.473145 0.720215
vt 0.479980 0.704102
vt 0.483887 0.717285
vt 0.489990 0.701660
vt 0.493652 0.712402
vt 0.498291 0.699219
vt 0.502930 0.709961
vt 0.504883 0.697754
vt 0.508301 0.708496
vt 0.511719 0.697266
vt 0.518066 0.701660
vt 0.846680 0.006447
vt 0.845703 0.004688
vt 0.855469 0.004677
vt 0.855469 0.011856
vt 0.866211 0.004345
vt 0.846680 0.008186
vt 0.866211 0.019073
vt 0.852539 0.017212
vt 0.860352 0.027100
vt 0.836914 0.050537
vt 0.835938 0.045471
vt 0.838867 0.052094
vt 0.833008 0.047546
vt 0.833008 0.043335
vt 0.834961 0.038757
vt 0.401367 0.739258
vt 0.394531 0.746582
vt 0.389648 0.733887
vt 0.411133 0.736816
vt 0.410400 0.745117
vt 0.406494 0.753906
vt 0.834961 0.038757
vt 0.851563 0.040314
vt 0.835938 0.045471
vt 0.841797 0.053345
vt 0.401367 0.750977
vt 0.397949 0.755371
vt 0.394531 0.746582
vt 0.401367 0.739258
vt 0.534668 0.813965
vt 0.548340 0.814453
vt 0.540039 0.826660
vt 0.549805 0.826172
vt 0.562500 0.825195
vt 0.974609 0.930664
vt 0.984375 0.921387
vt 0.954102 0.919434
vt 0.956055 0.899902
vt 0.983398 0.900391
vt 0.975586 0.886719
vt 0.948242 0.888184
vt 0.986328 0.889648
vt 0.995117 0.899902
vt 0.983398 0.877441
vt 0.997070 0.883789
vt 0.949219 0.837891
vt 0.957031 0.851074
vt 0.970703 0.837891
vt 0.970703 0.882324
vt 0.984375 0.870605
vt 0.956055 0.870605
vt 0.985352 0.851074
vt 0.986328 0.838379
vt 0.986328 0.826660
vt 0.998047 0.847656
vt 0.999023 0.831055
vt 0.699219 0.004875
vt 0.720703 0.004875
vt 0.721680 0.016205
vt 0.699219 0.016205
vt 0.699219 0.055267
vt 0.720703 0.055267
vt 0.734375 0.016205
vt 0.735352 0.004875
vt 0.746094 0.055267
vt 0.745117 0.004875
vt 0.745117 0.016205
vt 0.750977 0.016205
vt 0.766602 0.016205
vt 0.769531 0.055267
vt 0.767578 0.004875
vt 0.786133 0.016205
vt 0.786133 0.004875
vt 0.984375 0.921387
vt 0.974609 0.930664
vt 0.954590 0.919434
vt 0.946777 0.929687
vt 0.983887 0.900391
vt 0.956055 0.899902
vt 0.976074 0.886719
vt 0.948730 0.899414
vt 0.948730 0.888184
vt 0.986816 0.889648
vt 0.995117 0.899902
vt 0.982910 0.877441
vt 0.997559 0.883789
vt 0.949707 0.837891
vt 0.957031 0.851074
vt 0.948730 0.851074
vt 0.971191 0.882324
vt 0.946777 0.882324
vt 0.955566 0.870605
vt 0.984375 0.870605
vt 0.985352 0.851074
vt 0.970215 0.837891
vt 0.986328 0.838379
vt 0.985840 0.826660
vt 0.998047 0.847656
vt 0.999023 0.831055
vt 0.994141 0.029175
vt 0.980469 0.013199
vt 0.981445 0.029984
vt 0.983398 0.046448
vt 0.974609 0.015564
vt 0.949219 0.001976
vt 0.977539 0.044800
vt 0.953125 0.059937
vt 0.965820 0.041901
vt 0.948242 0.052979
vt 0.909180 0.060242
vt 0.964844 0.020782
vt 0.968750 0.031311
vt 0.931641 0.031830
vt 0.916016 0.053619
vt 0.954102 0.012390
vt 0.897461 0.043030
vt 0.939453 0.007710
vt 0.921875 0.007851
vt 0.908203 0.002703
vt 0.907227 0.012688
vt 0.885742 0.016983
vt 0.879883 0.014748
vt 0.896484 0.021393
vt 0.893555 0.032227
vt 0.880859 0.030869
vt 0.866211 0.030136
vt 0.878906 0.046844
vt 0.885742 0.045227
vt 0.721680 0.016205
vt 0.720703 0.004875
vt 0.720703 0.055267
vt 0.734375 0.016205
vt 0.735352 0.004875
vt 0.746094 0.055267
vt 0.745117 0.004875
vt 0.745117 0.016205
vt 0.750977 0.016205
vt 0.766602 0.016205
vt 0.769531 0.055267
vt 0.767578 0.004875
vt 0.786133 0.016205
vt 0.786133 0.004875
vt 0.979980 0.013199
vt 0.993652 0.029175
vt 0.980957 0.029984
vt 0.983887 0.046448
vt 0.974609 0.015564
vt 0.949219 0.001976
vt 0.977539 0.044800
vt 0.953125 0.059937
vt 0.965820 0.041901
vt 0.948242 0.052979
vt 0.909180 0.060242
vt 0.964844 0.020782
vt 0.969238 0.031311
vt 0.931152 0.031830
vt 0.916016 0.053619
vt 0.954102 0.012390
vt 0.897461 0.043030
vt 0.938965 0.007710
vt 0.922363 0.007851
vt 0.908203 0.002703
vt 0.907227 0.012688
vt 0.885742 0.016983
vt 0.879883 0.014748
vt 0.896973 0.021393
vt 0.893555 0.032227
vt 0.880371 0.030869
vt 0.866699 0.030136
vt 0.878906 0.046844
vt 0.885254 0.045227
vt 0.467285 0.788086
vt 0.456787 0.791016
vt 0.460449 0.774902
vt 0.800293 0.458740
vt 0.829590 0.493652
vt 0.793945 0.477295
vt 0.742188 0.443604
vt 0.753418 0.479004
vt 0.722656 0.490723
vt 0.731445 0.408447
vt 0.763672 0.402100
vt 0.803223 0.322998
vt 0.795410 0.368408
vt 0.750488 0.348389
vt 0.857422 0.303955
vt 0.836426 0.354492
vt 0.807617 0.267090
vt 0.872070 0.345947
vt 0.838379 0.394775
vt 0.886230 0.372070
vt 0.307129 0.996094
vt 0.335449 0.996094
vt 0.307129 0.974121
vt 0.328369 0.965820
vt 0.365967 0.995117
vt 0.359131 0.947266
vt 0.322510 0.945801
vt 0.387695 0.995117
vt 0.349854 0.918457
vt 0.307129 0.916992
vt 0.313232 0.907715
vt 0.306885 0.910645
vt 0.323486 0.881348
vt 0.315918 0.913086
vt 0.337891 0.894043
vt 0.379395 0.801758
vt 0.382080 0.730469
vt 0.306641 0.837402
vt 0.329102 0.769531
vt 0.301758 0.793457
vt 0.357422 0.748047
vt 0.307617 0.710937
vt 0.324219 0.698242
vt 0.278320 0.663086
vt 0.285400 0.729980
vt 0.255371 0.641602
vt 0.310791 0.879883
vt 0.269287 0.749023
vt 0.239502 0.696777
vt 0.127686 0.764648
vt 0.105103 0.807129
vt 0.284668 0.844238
vt 0.286377 0.893066
vt 0.298340 0.885254
vt 0.270996 0.864258
vt 0.294434 0.912109
vt 0.304199 0.902832
vt 0.306885 0.916992
vt 0.292480 0.925293
vt 0.274658 0.907227
vt 0.286865 0.942383
vt 0.307129 0.942871
vt 0.262207 0.886230
vt 0.307129 0.974121
vt 0.284424 0.979492
vt 0.291016 0.996094
vt 0.307129 0.996094
vt 0.267090 0.996094
vt 0.284180 0.958008
vt 0.265381 0.975098
vt 0.256104 0.996094
vt 0.238770 0.924316
vt 0.246216 0.941895
vt 0.261230 0.942871
vt 0.251953 0.970215
vt 0.122559 0.996094
vt 0.160156 0.972168
vt 0.195190 0.959961
vt 0.212036 0.967285
vt 0.224121 0.972168
vt 0.235962 0.959961
vt 0.097229 0.996094
vt 0.123474 0.964844
vt 0.226929 0.958984
vt 0.245361 0.963867
vt 0.241577 0.951172
vt 0.233521 0.941406
vt 0.217773 0.949219
vt 0.224121 0.935547
vt 0.202515 0.940918
vt 0.213501 0.923340
vt 0.234863 0.903809
vt 0.194580 0.934570
vt 0.178711 0.922852
vt 0.157104 0.884766
vt 0.191650 0.895508
vt 0.194580 0.861816
vt 0.157959 0.843750
vt 0.180786 0.822754
vt 0.146484 0.912109
vt 0.147705 0.808105
vt 0.150391 0.786133
vt 0.127441 0.800293
vt 0.133179 0.813477
vt 0.120911 0.811523
vt 0.141479 0.833496
vt 0.140869 0.859375
vt 0.139771 0.820312
vt 0.136108 0.837402
vt 0.135376 0.826660
vt 0.135742 0.859375
vt 0.134399 0.819824
vt 0.132324 0.827637
vt 0.139648 0.885254
vt 0.135376 0.881348
vt 0.128784 0.822266
vt 0.130615 0.834473
vt 0.139404 0.904297
vt 0.135376 0.897949
vt 0.135498 0.905273
vt 0.139893 0.912109
vt 0.115967 0.826660
vt 0.129883 0.905273
vt 0.127686 0.912598
vt 0.132568 0.915039
vt 0.128906 0.895508
vt 0.120483 0.901367
vt 0.111023 0.907227
vt 0.128662 0.878906
vt 0.120117 0.881836
vt 0.129395 0.855957
vt 0.111450 0.883301
vt 0.121887 0.854980
vt 0.124695 0.830566
vt 0.114014 0.854492
vt 0.103577 0.914062
vt 0.109070 0.946777
vt 0.098511 0.846191
vt 0.096741 0.879395
vt 0.084778 0.883789
vt 0.087891 0.922363
vt 0.076965 0.836914
vt 0.057800 0.996094
vt 0.092041 0.965820
vt 0.057800 0.960937
vt 0.083496 0.791016
vt 0.815918 0.986328
vt 0.815918 0.994629
vt 0.780273 0.986328
vt 0.815918 0.978027
vt 0.849609 0.986328
vt 0.849609 0.994629
vt 0.995605 0.732422
vt 0.994629 0.740723
vt 0.976563 0.734375
vt 0.979004 0.720703
vt 0.905762 0.734375
vt 0.908691 0.724609
vt 0.928711 0.727539
vt 0.927246 0.737793
vt 0.903809 0.741211
vt 0.900879 0.749512
vt 0.979004 0.975098
vt 0.995605 0.952637
vt 0.887207 0.960449
vt 0.892578 0.961914
vt 0.883301 0.974609
vt 0.839355 0.974121
vt 0.857422 0.953613
vt 0.853027 0.975586
vt 0.916992 0.981445
vt 0.887695 0.975586
vt 0.890137 0.952148
vt 0.895996 0.954102
vt 0.862305 0.943848
vt 0.892578 0.942871
vt 0.898926 0.944824
vt 0.902832 0.935547
vt 0.896484 0.934082
vt 0.844727 0.952148
vt 0.842773 0.938477
vt 0.854004 0.938477
vt 0.769531 0.847656
vt 0.742676 0.858398
vt 0.742676 0.842285
vt 0.811523 0.848633
vt 0.769531 0.875000
vt 0.770020 0.825195
vt 0.812012 0.826660
vt 0.783691 0.770020
vt 0.799316 0.775879
vt 0.776367 0.790039
vt 0.795410 0.805176
vt 0.789063 0.756836
vt 0.770020 0.750977
vt 0.781738 0.729004
vt 0.797363 0.734863
vt 0.786133 0.717773
vt 0.804688 0.761719
vt 0.809082 0.784668
vt 0.812500 0.739746
vt 0.827637 0.743164
vt 0.845215 0.746582
vt 0.841309 0.767578
vt 0.820801 0.765625
vt 0.842285 0.779785
vt 0.814453 0.794922
vt 0.837402 0.818359
vt 0.824707 0.804199
vt 0.837402 0.844238
vt 0.839355 0.804199
vt 0.860352 0.787109
vt 0.852051 0.814941
vt 0.853027 0.831055
vt 0.950684 0.760254
vt 0.915039 0.811035
vt 0.922852 0.798828
vt 0.915039 0.821289
vt 0.922852 0.811035
vt 0.922852 0.821289
vt 0.948242 0.821289
vt 0.948242 0.798828
vt 0.976074 0.775391
vt 0.856934 0.731934
vt 0.873047 0.738281
vt 0.889160 0.746094
vt 0.598145 0.946777
vt 0.597168 0.970703
vt 0.595703 0.992187
vt 0.608398 0.869141
vt 0.608398 0.895508
vt 0.645996 0.895508
vt 0.177734 0.036285
vt 0.177734 0.003948
vt 0.214111 0.003948
vt 0.145020 0.036285
vt 0.145020 0.003948
vt 0.177734 0.068726
vt 0.214111 0.036285
vt 0.214111 0.068726
vt 0.249512 0.036285
vt 0.249512 0.068726
vt 0.278809 0.072021
vt 0.145020 0.068726
vt 0.177734 0.093933
vt 0.214111 0.093933
vt 0.249512 0.093933
vt 0.278809 0.093933
vt 0.108154 0.068726
vt 0.076111 0.068726
vt 0.076111 0.036285
vt 0.214111 0.135376
vt 0.108154 0.093933
vt 0.076111 0.098267
vt 0.280273 0.294678
vt 0.290039 0.256348
vt 0.312744 0.256348
vt 0.301758 0.298828
vt 0.272217 0.200806
vt 0.241211 0.290283
vt 0.257080 0.256348
vt 0.273926 0.317139
vt 0.297119 0.320801
vt 0.292725 0.345947
vt 0.207153 0.285156
vt 0.202515 0.307861
vt 0.229736 0.314453
vt 0.263428 0.342529
vt 0.288818 0.367920
vt 0.219849 0.336426
vt 0.171631 0.284424
vt 0.177734 0.135376
vt 0.145020 0.093933
vt 0.033752 0.256348
vt 0.033752 0.286133
vt 0.006100 0.287842
vt 0.006100 0.256348
vt 0.033752 0.309570
vt 0.006100 0.312500
vt 0.033752 0.327148
vt 0.006100 0.330078
vt 0.006100 0.351807
vt 0.033752 0.351807
vt 0.006100 0.396240
vt 0.058105 0.327393
vt 0.060486 0.351807
vt 0.107178 0.329834
vt 0.082397 0.328125
vt 0.083008 0.351807
vt 0.171143 0.305908
vt 0.145752 0.332520
vt 0.180054 0.330811
vt 0.199829 0.337402
vt 0.183594 0.351807
vt 0.139038 0.351807
vt 0.203125 0.355957
vt 0.220947 0.357422
vt 0.206421 0.396240
vt 0.255859 0.364014
vt 0.233643 0.396240
vt 0.283936 0.396240
vt 0.103088 0.351807
vt 0.115784 0.396240
vt 0.087097 0.396240
vt 0.139038 0.396240
vt 0.060608 0.396240
vt 0.029556 0.396240
vt 0.058411 0.447266
vt 0.005707 0.591309
vt 0.106323 0.591309
vt 0.139038 0.591309
vt 0.196411 0.591309
vt 0.227173 0.591309
vt 0.254395 0.591309
vt 0.743652 0.782227
vt 0.731934 0.779785
vt 0.716309 0.778320
vt 0.701660 0.777832
vt 0.684570 0.776367
vt 0.665527 0.775391
vt 0.672852 0.726562
vt 0.650879 0.731934
vt 0.648438 0.774414
vt 0.652344 0.686035
vt 0.626953 0.671875
vt 0.609375 0.645996
vt 0.587402 0.625977
vt 0.584961 0.637207
vt 0.631348 0.744141
vt 0.628906 0.788086
vt 0.602051 0.662598
vt 0.617188 0.722168
vt 0.617676 0.687012
vt 0.617188 0.767090
vt 0.618652 0.807129
vt 0.604492 0.795898
vt 0.598633 0.748047
vt 0.586426 0.809570
vt 0.548340 0.716309
vt 0.559570 0.742676
vt 0.543457 0.750000
vt 0.533691 0.719727
vt 0.585449 0.687012
vt 0.602051 0.705566
vt 0.563477 0.707520
vt 0.534668 0.684082
vt 0.552734 0.686523
vt 0.583496 0.652832
vt 0.568359 0.670898
vt 0.564941 0.651855
vt 0.013130 0.669434
vt 0.010025 0.675781
vt 0.010559 0.668945
vt 0.015457 0.671387
vt 0.017776 0.674805
vt 0.017868 0.678711
vt 0.016281 0.681641
vt 0.013184 0.683594
vt 0.005295 0.681641
vt 0.010025 0.675781
vt 0.007336 0.684082
vt 0.003971 0.678223
vt 0.004322 0.674316
vt 0.006306 0.670898
vt 0.008369 0.669434
vt 0.010559 0.668945
vt 0.811523 0.044495
vt 0.814453 0.049683
vt 0.816406 0.049896
vt 0.808594 0.446777
vt 0.830078 0.458740
vt 0.824219 0.446045
vt 0.830078 0.470459
vt 0.800781 0.458740
vt 0.830078 0.493652
vt 0.742188 0.443604
vt 0.731445 0.408447
vt 0.708984 0.447998
vt 0.835938 0.354492
vt 0.794922 0.368408
vt 0.817383 0.392822
vt 0.802734 0.322998
vt 0.872070 0.345947
vt 0.857422 0.303955
vt 0.838867 0.394775
vt 0.940430 0.389648
vt 0.933594 0.336914
vt 0.896484 0.408936
vt 0.902344 0.460205
vt 0.945313 0.447998
vt 0.988281 0.438721
vt 0.334961 0.996094
vt 0.307617 0.996094
vt 0.307617 0.974121
vt 0.328125 0.965820
vt 0.307617 0.957520
vt 0.366211 0.995117
vt 0.359375 0.947266
vt 0.322266 0.945801
vt 0.349609 0.918457
vt 0.323242 0.881348
vt 0.306641 0.837402
vt 0.310547 0.879883
vt 0.301758 0.793457
vt 0.329102 0.769531
vt 0.357422 0.748047
vt 0.381836 0.730469
vt 0.307617 0.710937
vt 0.324219 0.698242
vt 0.278320 0.663086
vt 0.285156 0.729980
vt 0.269531 0.749023
vt 0.105469 0.807129
vt 0.285156 0.844238
vt 0.271484 0.816406
vt 0.126953 0.800293
vt 0.150391 0.786133
vt 0.025391 0.996094
vt 0.057617 0.960937
vt 0.057617 0.921387
vt 0.097656 0.996094
vt 0.091797 0.965820
vt 0.123047 0.964844
vt 0.122070 0.996094
vt 0.160156 0.972168
vt 0.195313 0.959961
vt 0.098633 0.846191
vt 0.084961 0.883789
vt 0.211914 0.967285
vt 0.121094 0.811523
vt 0.116211 0.826660
vt 0.223633 0.972168
vt 0.236328 0.959961
vt 0.128906 0.822266
vt 0.226563 0.958984
vt 0.245117 0.963867
vt 0.241211 0.951172
vt 0.267578 0.996094
vt 0.255859 0.996094
vt 0.265625 0.975098
vt 0.284180 0.979492
vt 0.291016 0.996094
vt 0.307617 0.974121
vt 0.307617 0.996094
vt 0.284180 0.958008
vt 0.246094 0.941895
vt 0.261719 0.942871
vt 0.233398 0.941406
vt 0.239258 0.924316
vt 0.292969 0.925293
vt 0.307617 0.926758
vt 0.307617 0.942871
vt 0.217773 0.949219
vt 0.293945 0.912109
vt 0.306641 0.916992
vt 0.224609 0.935547
vt 0.202148 0.940918
vt 0.313477 0.907715
vt 0.304688 0.902832
vt 0.213867 0.923340
vt 0.234375 0.903809
vt 0.194336 0.934570
vt 0.286133 0.893066
vt 0.274414 0.907227
vt 0.298828 0.885254
vt 0.270508 0.864258
vt 0.262695 0.886230
vt 0.250977 0.909668
vt 0.158203 0.843750
vt 0.194336 0.861816
vt 0.157227 0.884766
vt 0.147461 0.808105
vt 0.141602 0.833496
vt 0.140625 0.859375
vt 0.139648 0.820312
vt 0.132813 0.813477
vt 0.135742 0.837402
vt 0.135742 0.826660
vt 0.134766 0.819824
vt 0.132813 0.827637
vt 0.135742 0.859375
vt 0.130859 0.834473
vt 0.139648 0.885254
vt 0.135742 0.881348
vt 0.125000 0.830566
vt 0.128906 0.855957
vt 0.139648 0.904297
vt 0.146484 0.912109
vt 0.135742 0.897949
vt 0.139648 0.912109
vt 0.127930 0.912598
vt 0.132813 0.915039
vt 0.119141 0.930176
vt 0.129883 0.905273
vt 0.128906 0.895508
vt 0.111328 0.907227
vt 0.109375 0.946777
vt 0.120117 0.901367
vt 0.128906 0.878906
vt 0.103516 0.914062
vt 0.087891 0.922363
vt 0.120117 0.881836
vt 0.111328 0.883301
vt 0.096680 0.879395
vt 0.122070 0.854980
vt 0.114258 0.854492
vt 0.780273 0.986328
vt 0.995117 0.732422
vt 0.995117 0.720703
vt 0.978516 0.720703
vt 0.905273 0.734375
vt 0.903320 0.741211
vt 0.926758 0.737793
vt 0.900391 0.749512
vt 0.995117 0.952637
vt 0.995117 0.975098
vt 0.995117 0.936523
vt 0.887695 0.960449
vt 0.882813 0.974609
vt 0.892578 0.961914
vt 0.839844 0.974121
vt 0.857422 0.953613
vt 0.844727 0.952148
vt 0.826172 0.973633
vt 0.916992 0.981445
vt 0.916016 0.996582
vt 0.895508 0.954102
vt 0.890625 0.952148
vt 0.862305 0.943848
vt 0.892578 0.942871
vt 0.899414 0.944824
vt 0.919922 0.959961
vt 0.923828 0.939453
vt 0.927734 0.930664
vt 0.905273 0.926758
vt 0.902344 0.935547
vt 0.896484 0.934082
vt 0.869141 0.930176
vt 0.842773 0.938477
vt 0.829102 0.945312
vt 0.769531 0.847656
vt 0.743164 0.858398
vt 0.743164 0.881348
vt 0.769531 0.875000
vt 0.811523 0.848633
vt 0.770508 0.825195
vt 0.743164 0.842285
vt 0.812500 0.826660
vt 0.798828 0.775879
vt 0.783203 0.770020
vt 0.776367 0.790039
vt 0.789063 0.756836
vt 0.770508 0.750977
vt 0.781250 0.729004
vt 0.797852 0.734863
vt 0.786133 0.717773
vt 0.804688 0.761719
vt 0.808594 0.784668
vt 0.800781 0.724609
vt 0.812500 0.739746
vt 0.815430 0.729004
vt 0.847656 0.732910
vt 0.828125 0.743164
vt 0.844727 0.746582
vt 0.821289 0.765625
vt 0.814453 0.794922
vt 0.841797 0.779785
vt 0.836914 0.818359
vt 0.860352 0.787109
vt 0.838867 0.804199
vt 0.851563 0.814941
vt 0.836914 0.844238
vt 0.853516 0.831055
vt 0.915039 0.789551
vt 0.922852 0.798828
vt 0.922852 0.789551
vt 0.915039 0.811035
vt 0.948242 0.798828
vt 0.951172 0.789551
vt 0.954102 0.798828
vt 0.948242 0.821289
vt 0.951172 0.833496
vt 0.873047 0.738281
vt 0.878906 0.722168
vt 0.857422 0.731934
vt 0.888672 0.746094
vt 0.896484 0.733398
vt 0.854492 0.739746
vt 0.598633 0.946777
vt 0.596680 0.970703
vt 0.566406 0.992187
vt 0.595703 0.992187
vt 0.608398 0.869141
vt 0.643555 0.869141
vt 0.645508 0.895508
vt 0.177734 0.036285
vt 0.213867 0.036285
vt 0.213867 0.003948
vt 0.144531 0.036285
vt 0.177734 0.068726
vt 0.213867 0.068726
vt 0.250000 0.068726
vt 0.250000 0.036285
vt 0.108398 0.068726
vt 0.108398 0.036285
vt 0.076172 0.036285
vt 0.144531 0.068726
vt 0.177734 0.093933
vt 0.213867 0.093933
vt 0.250000 0.093933
vt 0.279297 0.072021
vt 0.279297 0.093933
vt 0.108398 0.093933
vt 0.076172 0.068726
vt 0.280273 0.294678
vt 0.301758 0.298828
vt 0.312500 0.256348
vt 0.241211 0.290283
vt 0.290039 0.256348
vt 0.273438 0.317139
vt 0.296875 0.320801
vt 0.292969 0.345947
vt 0.256836 0.256348
vt 0.207031 0.285156
vt 0.202148 0.307861
vt 0.229492 0.314453
vt 0.263672 0.342529
vt 0.289063 0.367920
vt 0.219727 0.336426
vt 0.171875 0.284424
vt 0.144531 0.093933
vt 0.076172 0.098267
vt 0.034180 0.200806
vt 0.034180 0.286133
vt 0.034180 0.256348
vt 0.005859 0.256348
vt 0.005859 0.287842
vt 0.034180 0.309570
vt 0.005859 0.312500
vt 0.057617 0.311279
vt 0.034180 0.327148
vt 0.005859 0.330078
vt 0.005859 0.351807
vt 0.057617 0.327393
vt 0.034180 0.351807
vt 0.005859 0.396240
vt 0.060547 0.351807
vt 0.107422 0.329834
vt 0.083984 0.312988
vt 0.082031 0.328125
vt 0.083008 0.351807
vt 0.170898 0.305908
vt 0.145508 0.332520
vt 0.179688 0.330811
vt 0.200195 0.337402
vt 0.183594 0.351807
vt 0.138672 0.351807
vt 0.203125 0.355957
vt 0.220703 0.357422
vt 0.255859 0.364014
vt 0.284180 0.396240
vt 0.103516 0.351807
vt 0.116211 0.396240
vt 0.086914 0.396240
vt 0.138672 0.396240
vt 0.060547 0.396240
vt 0.029297 0.396240
vt 0.029297 0.447266
vt 0.005859 0.447266
vt 0.005859 0.487793
vt 0.035156 0.591309
vt 0.005859 0.591309
vt 0.138672 0.591309
vt 0.254883 0.591309
vt 0.731445 0.779785
vt 0.743164 0.782227
vt 0.762695 0.748535
vt 0.716797 0.778320
vt 0.702148 0.777832
vt 0.684570 0.776367
vt 0.666016 0.775391
vt 0.650391 0.731934
vt 0.648438 0.774414
vt 0.635742 0.655273
vt 0.614258 0.632324
vt 0.626953 0.671875
vt 0.609375 0.645996
vt 0.586914 0.625977
vt 0.584961 0.637207
vt 0.561523 0.626953
vt 0.631836 0.744141
vt 0.628906 0.788086
vt 0.634766 0.706543
vt 0.602539 0.662598
vt 0.617188 0.767090
vt 0.618164 0.807129
vt 0.617188 0.722168
vt 0.548828 0.716309
vt 0.563477 0.707520
vt 0.533203 0.719727
vt 0.542969 0.750000
vt 0.552734 0.686523
vt 0.535156 0.684082
vt 0.583008 0.652832
vt 0.584961 0.687012
vt 0.568359 0.670898
vt 0.547852 0.667480
vt 0.814453 0.049683
vt 0.813477 0.049530
vt 0.616211 0.811523
vt 0.613770 0.817383
vt 0.603027 0.804687
vt 0.592285 0.820312
vt 0.592285 0.811523
vt 0.584473 0.817871
vt 0.578613 0.825195
vt 0.456787 0.805176
vt 0.456787 0.805176
vt 0.429199 0.804199
vt 0.429688 0.808105
vt 0.457764 0.797852
vt 0.462402 0.797852
vt 0.466553 0.799805
vt 0.467773 0.812988
vt 0.469971 0.805176
vt 0.472412 0.810059
vt 0.482910 0.878418
vt 0.481201 0.885742
vt 0.467773 0.885742
vt 0.482666 0.868164
vt 0.467529 0.874512
vt 0.450439 0.885742
vt 0.469727 0.857910
vt 0.501465 0.865723
vt 0.452637 0.855469
vt 0.471680 0.839844
vt 0.460205 0.828613
vt 0.459229 0.838867
vt 0.470459 0.829102
vt 0.508789 0.831543
vt 0.507324 0.838867
vt 0.546875 0.782227
vt 0.519043 0.764648
vt 0.517578 0.799316
vt 0.518066 0.781738
vt 0.527344 0.758789
vt 0.537109 0.757812
vt 0.533691 0.740234
vt 0.520020 0.744629
vt 0.528320 0.737793
vt 0.509277 0.746582
vt 0.521484 0.738281
vt 0.530762 0.733887
vt 0.528320 0.728027
vt 0.532715 0.727051
vt 0.527344 0.718262
vt 0.492676 0.762695
vt 0.501465 0.775879
vt 0.499512 0.789551
vt 0.484863 0.775391
vt 0.482666 0.784668
vt 0.467285 0.788086
vt 0.472168 0.798340
vt 0.480225 0.813477
vt 0.510254 0.807129
vt 0.840820 0.012566
vt 0.835938 0.015991
vt 0.835938 0.004742
vt 0.843750 0.020615
vt 0.838867 0.027298
vt 0.834961 0.031555
vt 0.846680 0.028870
vt 0.848633 0.022903
vt 0.838867 0.034851
vt 0.834961 0.036133
vt 0.838867 0.052094
vt 0.835938 0.045471
vt 0.841797 0.053345
vt 0.839844 0.054474
vt 0.406250 0.710937
vt 0.407471 0.717773
vt 0.392334 0.710449
vt 0.399414 0.725098
vt 0.380371 0.712891
vt 0.409912 0.727539
vt 0.849609 0.050903
vt 0.847656 0.059082
vt 0.851563 0.040314
vt 0.854492 0.030548
vt 0.861328 0.038910
vt 0.856445 0.050659
vt 0.849609 0.050903
vt 0.847656 0.059082
vt 0.867188 0.045105
vt 0.865234 0.038300
vt 0.947266 0.919434
vt 0.916992 0.914551
vt 0.946289 0.929687
vt 0.913086 0.904297
vt 0.911133 0.912598
vt 0.918945 0.905762
vt 0.914063 0.895996
vt 0.879883 0.891602
vt 0.865234 0.899902
vt 0.875000 0.905273
vt 0.855469 0.901855
vt 0.856445 0.915527
vt 0.868164 0.892090
vt 0.915039 0.860840
vt 0.916016 0.851074
vt 0.884766 0.851074
vt 0.915039 0.870605
vt 0.922852 0.861328
vt 0.923828 0.851074
vt 0.948242 0.870605
vt 0.922852 0.870605
vt 0.947266 0.882324
vt 0.949219 0.851074
vt 0.946777 0.919434
vt 0.918945 0.905762
vt 0.913086 0.904297
vt 0.911621 0.912598
vt 0.875488 0.905273
vt 0.879883 0.891602
vt 0.865234 0.899902
vt 0.856934 0.915527
vt 0.868164 0.892090
vt 0.854980 0.901855
vt 0.834961 0.908203
vt 0.857910 0.886719
vt 0.915039 0.860840
vt 0.884277 0.870605
vt 0.884277 0.851074
vt 0.922852 0.861328
vt 0.915039 0.870605
vt 0.923340 0.851074
vt 0.948242 0.870605
vt 0.628418 0.430664
vt 0.633789 0.496094
vt 0.594238 0.506348
vt 0.594238 0.440430
vt 0.594238 0.344971
vt 0.668945 0.424561
vt 0.682129 0.493408
vt 0.628418 0.354736
vt 0.594238 0.277832
vt 0.660156 0.356445
vt 0.646484 0.299072
vt 0.708984 0.447998
vt 0.775879 0.442871
vt 0.792969 0.409912
vt 0.784668 0.472656
vt 0.804199 0.435547
vt 0.696777 0.409912
vt 0.817383 0.392822
vt 0.693359 0.361572
vt 0.716309 0.379883
vt 0.692383 0.308594
vt 0.726563 0.328857
vt 0.770508 0.273437
vt 0.733398 0.262695
vt 0.695801 0.251709
vt 0.708496 0.183350
vt 0.651855 0.240234
vt 0.651855 0.175537
vt 0.594238 0.167603
vt 0.654785 0.122375
vt 0.762207 0.182861
vt 0.710938 0.121643
vt 0.764648 0.123169
vt 0.823242 0.124878
vt 0.814453 0.181763
vt 0.865234 0.170044
vt 0.860352 0.252686
vt 0.868652 0.125366
vt 0.921875 0.168213
vt 0.987793 0.119385
vt 0.987793 0.167603
vt 0.925293 0.123657
vt 0.987793 0.229736
vt 0.915527 0.225586
vt 0.925293 0.296875
vt 0.987793 0.244629
vt 0.933105 0.336914
vt 0.987793 0.310791
vt 0.987793 0.372559
vt 0.830566 0.438721
vt 0.939941 0.389648
vt 0.987793 0.438721
vt 0.854004 0.414551
vt 0.895996 0.408936
vt 0.835449 0.500488
vt 0.860840 0.510742
vt 0.824707 0.533691
vt 0.307129 0.957520
vt 0.307129 0.942871
vt 0.317383 0.927734
vt 0.307129 0.926758
vt 0.242798 0.773926
vt 0.159790 0.747070
vt 0.270996 0.816406
vt 0.216797 0.793945
vt 0.249634 0.831543
vt 0.307129 0.926758
vt 0.307129 0.957520
vt 0.233643 0.867187
vt 0.265381 0.921875
vt 0.250732 0.909668
vt 0.136597 0.929199
vt 0.132935 0.942383
vt 0.166748 0.940430
vt 0.132202 0.907715
vt 0.118958 0.930176
vt 0.057800 0.921387
vt 0.994629 0.749023
vt 0.967773 0.747559
vt 0.995605 0.720703
vt 0.997070 0.708008
vt 0.957520 0.645020
vt 0.979492 0.650391
vt 0.952148 0.655273
vt 0.979004 0.995117
vt 0.995605 0.975098
vt 0.876465 0.996582
vt 0.856934 0.976562
vt 0.885742 0.996582
vt 0.826172 0.973633
vt 0.770996 0.949219
vt 0.804688 0.973145
vt 0.772949 0.973145
vt 0.770996 0.932129
vt 0.806641 0.941406
vt 0.743652 0.943359
vt 0.770508 0.906738
vt 0.743652 0.908203
vt 0.809570 0.877930
vt 0.742676 0.823730
vt 0.763184 0.810547
vt 0.741211 0.798828
vt 0.748535 0.786133
vt 0.756348 0.773437
vt 0.915039 0.789551
vt 0.877930 0.775391
vt 0.915039 0.775391
vt 0.880371 0.760254
vt 0.922852 0.789551
vt 0.915039 0.760254
vt 0.922852 0.775391
vt 0.922852 0.760254
vt 0.859375 0.717773
vt 0.861328 0.706055
vt 0.880859 0.708496
vt 0.878418 0.722168
vt 0.896484 0.733398
vt 0.451416 0.992187
vt 0.647949 0.960449
vt 0.648438 0.993164
vt 0.680664 0.993164
vt 0.608398 0.993164
vt 0.608398 0.960449
vt 0.608398 0.926758
vt 0.646484 0.926758
vt 0.680664 0.960449
vt 0.680664 0.926758
vt 0.680664 0.895508
vt 0.643555 0.869141
vt 0.642578 0.843750
vt 0.680664 0.869141
vt 0.639648 0.819336
vt 0.680664 0.843750
vt 0.641113 0.787598
vt 0.680664 0.819336
vt 0.387695 0.003206
vt 0.416992 0.003206
vt 0.387695 0.011650
vt 0.416992 0.011650
vt 0.439453 0.003206
vt 0.348877 0.133789
vt 0.348877 0.092773
vt 0.378174 0.133789
vt 0.360352 0.195923
vt 0.407227 0.133789
vt 0.386230 0.195923
vt 0.462402 0.092773
vt 0.425293 0.092773
vt 0.466553 0.058075
vt 0.527832 0.465820
vt 0.528809 0.487549
vt 0.501465 0.487549
vt 0.556641 0.487549
vt 0.455078 0.349854
vt 0.428467 0.349854
vt 0.428955 0.315674
vt 0.455078 0.381104
vt 0.499512 0.465820
vt 0.497314 0.435547
vt 0.524414 0.440430
vt 0.555176 0.465820
vt 0.454590 0.315674
vt 0.483398 0.315674
vt 0.491699 0.092773
vt 0.464111 0.133789
vt 0.585449 0.133789
vt 0.585449 0.195923
vt 0.547363 0.133789
vt 0.520020 0.003206
vt 0.520020 0.011650
vt 0.495850 0.011650
vt 0.550781 0.003206
vt 0.550781 0.011650
vt 0.338379 0.094849
vt 0.338379 0.105469
vt 0.338379 0.091980
vt 0.308594 0.093933
vt 0.308594 0.072021
vt 0.338379 0.080688
vt 0.278809 0.039612
vt 0.308594 0.039612
vt 0.249512 0.003948
vt 0.308594 0.093933
vt 0.027740 0.116516
vt 0.004826 0.117187
vt 0.004826 0.094055
vt 0.004826 0.117615
vt 0.005291 0.129517
vt 0.032349 0.095825
vt 0.058563 0.107544
vt 0.308594 0.135376
vt 0.338379 0.105469
vt 0.338379 0.129883
vt 0.301514 0.200806
vt 0.323975 0.200806
vt 0.058563 0.107544
vt 0.039215 0.140503
vt 0.027740 0.116516
vt 0.004826 0.134888
vt 0.005291 0.129517
vt 0.006100 0.200806
vt 0.634766 0.706543
vt 0.579590 0.729492
vt 0.009796 0.684570
vt 0.007336 0.684082
vt 0.800781 0.052979
vt 0.593750 0.440430
vt 0.594727 0.506348
vt 0.628906 0.430664
vt 0.593750 0.344971
vt 0.633789 0.496094
vt 0.668945 0.424561
vt 0.628906 0.354736
vt 0.660156 0.356445
vt 0.682617 0.493408
vt 0.792969 0.409912
vt 0.775391 0.442871
vt 0.785156 0.472656
vt 0.763672 0.402100
vt 0.697266 0.409912
vt 0.803711 0.435547
vt 0.693359 0.361572
vt 0.716797 0.379883
vt 0.750000 0.348389
vt 0.692383 0.308594
vt 0.726563 0.328857
vt 0.770508 0.273437
vt 0.733398 0.262695
vt 0.695313 0.251709
vt 0.652344 0.240234
vt 0.593750 0.229736
vt 0.646484 0.299072
vt 0.593750 0.167603
vt 0.708984 0.183350
vt 0.651367 0.175537
vt 0.655273 0.122375
vt 0.762695 0.182861
vt 0.710938 0.121643
vt 0.764648 0.123169
vt 0.814453 0.181763
vt 0.823242 0.124878
vt 0.865234 0.170044
vt 0.868164 0.125366
vt 0.860352 0.252686
vt 0.807617 0.267090
vt 0.921875 0.168213
vt 0.988281 0.119385
vt 0.988281 0.063477
vt 0.947266 0.063660
vt 0.924805 0.123657
vt 0.988281 0.167603
vt 0.916016 0.225586
vt 0.925781 0.296875
vt 0.988281 0.244629
vt 0.988281 0.310791
vt 0.988281 0.372559
vt 0.885742 0.372070
vt 0.853516 0.414551
vt 0.831055 0.438721
vt 0.860352 0.435547
vt 0.834961 0.500488
vt 0.861328 0.510742
vt 0.864258 0.472900
vt 0.824219 0.533691
vt 0.307617 0.942871
vt 0.317383 0.927734
vt 0.307617 0.926758
vt 0.316406 0.913086
vt 0.307617 0.916992
vt 0.337891 0.894043
vt 0.306641 0.910645
vt 0.243164 0.773926
vt 0.216797 0.793945
vt 0.250000 0.831543
vt 0.180664 0.822754
vt 0.057617 0.996094
vt 0.307617 0.957520
vt 0.287109 0.942383
vt 0.265625 0.921875
vt 0.178711 0.922852
vt 0.233398 0.867187
vt 0.132813 0.942383
vt 0.191406 0.895508
vt 0.136719 0.929199
vt 0.135742 0.905273
vt 0.131836 0.907715
vt 0.994141 0.749023
vt 0.967773 0.747559
vt 0.992188 0.755859
vt 0.997070 0.708008
vt 0.918945 0.703125
vt 0.912109 0.714844
vt 0.933594 0.705078
vt 0.920898 0.748535
vt 0.978516 0.995117
vt 0.857422 0.976562
vt 0.853516 0.996582
vt 0.876953 0.996582
vt 0.887695 0.975586
vt 0.852539 0.975586
vt 0.806641 0.941406
vt 0.771484 0.949219
vt 0.804688 0.973145
vt 0.744141 0.943359
vt 0.745117 0.972168
vt 0.770508 0.932129
vt 0.808594 0.909180
vt 0.770508 0.906738
vt 0.743164 0.823730
vt 0.763672 0.810547
vt 0.741211 0.798828
vt 0.794922 0.805176
vt 0.756836 0.773437
vt 0.841797 0.767578
vt 0.877930 0.775391
vt 0.915039 0.775391
vt 0.915039 0.760254
vt 0.879883 0.760254
vt 0.922852 0.775391
vt 0.922852 0.811035
vt 0.922852 0.821289
vt 0.859375 0.717773
vt 0.880859 0.708496
vt 0.492188 0.992187
vt 0.531250 0.992187
vt 0.648438 0.960449
vt 0.680664 0.960449
vt 0.680664 0.993164
vt 0.648438 0.993164
vt 0.608398 0.993164
vt 0.608398 0.960449
vt 0.608398 0.926758
vt 0.646484 0.926758
vt 0.608398 0.895508
vt 0.680664 0.895508
vt 0.680664 0.869141
vt 0.642578 0.843750
vt 0.680664 0.843750
vt 0.387695 0.003206
vt 0.349609 0.003206
vt 0.349609 0.011650
vt 0.416992 0.003206
vt 0.387695 0.011650
vt 0.519531 0.003206
vt 0.496094 0.003206
vt 0.496094 0.011650
vt 0.462891 0.092773
vt 0.466797 0.058075
vt 0.425781 0.092773
vt 0.527344 0.465820
vt 0.528320 0.487549
vt 0.556641 0.487549
vt 0.455078 0.349854
vt 0.428711 0.349854
vt 0.455078 0.381104
vt 0.455078 0.315674
vt 0.428711 0.315674
vt 0.463867 0.133789
vt 0.492188 0.092773
vt 0.496094 0.058075
vt 0.337891 0.105469
vt 0.337891 0.094849
vt 0.337891 0.091980
vt 0.308594 0.093933
vt 0.308594 0.072021
vt 0.250000 0.003948
vt 0.144531 0.003948
vt 0.108398 0.003948
vt 0.308594 0.093933
vt 0.279297 0.135376
vt 0.004883 0.129517
vt 0.027344 0.116516
vt 0.004883 0.117187
vt 0.004883 0.117615
vt 0.032227 0.095825
vt 0.058594 0.107544
vt 0.308594 0.135376
vt 0.337891 0.105469
vt 0.337891 0.129883
vt 0.301758 0.200806
vt 0.324219 0.200806
vt 0.272461 0.200806
vt 0.058594 0.107544
vt 0.027344 0.116516
vt 0.004883 0.134888
vt 0.004883 0.129517
vt 0.005859 0.200806
vt 0.618164 0.687012
vt 0.580078 0.729492
vt 0.601563 0.705566
vt 0.811523 0.044495
vt 0.882813 0.918457
vt 0.948242 0.899414
vt 0.920898 0.896973
vt 0.917480 0.914551
vt 0.920410 0.896973
vt 0.914551 0.895996
vt 0.923340 0.870605
vt 0.800293 0.572754
vt 0.777832 0.622559
vt 0.775879 0.569336
vt 0.778320 0.622559
vt 0.799805 0.572754
vt 0.775391 0.569336
vt 0.766113 0.661621
vt 0.742676 0.657715
vt 0.767578 0.585937
vt 0.732422 0.600098
vt 0.741699 0.530762
vt 0.771484 0.544434
vt 0.776855 0.501465
vt 0.702148 0.608398
vt 0.704102 0.650391
vt 0.678711 0.643066
vt 0.701172 0.553711
vt 0.667969 0.593262
vt 0.646484 0.633301
vt 0.638672 0.592773
vt 0.619141 0.622070
vt 0.667969 0.549805
vt 0.618652 0.593262
vt 0.594238 0.612793
vt 0.594238 0.579590
vt 0.594238 0.550781
vt 0.636719 0.549316
vt 0.594238 0.229736
vt 0.594238 0.119385
vt 0.655273 0.063477
vt 0.594238 0.063477
vt 0.708008 0.063477
vt 0.744629 0.063477
vt 0.780273 0.063477
vt 0.815918 0.063477
vt 0.866211 0.063477
vt 0.909668 0.063599
vt 0.947754 0.063660
vt 0.987793 0.063477
vt 0.902344 0.460205
vt 0.945313 0.447998
vt 0.987793 0.502441
vt 0.860352 0.435547
vt 0.838867 0.462646
vt 0.943848 0.507324
vt 0.987793 0.552246
vt 0.864746 0.472900
vt 0.899414 0.513672
vt 0.941895 0.555664
vt 0.987793 0.594238
vt 0.853027 0.549805
vt 0.895508 0.564941
vt 0.841309 0.589844
vt 0.805176 0.578125
vt 0.942383 0.600586
vt 0.826660 0.629395
vt 0.793945 0.616699
vt 0.783691 0.666016
vt 0.816895 0.676270
vt 0.867676 0.639160
vt 0.853516 0.687500
vt 0.879883 0.694336
vt 0.882324 0.610352
vt 0.954102 0.640625
vt 0.987793 0.642578
vt 0.923340 0.632324
vt 0.931641 0.669922
vt 0.905273 0.655273
vt 0.910645 0.701172
vt 0.900879 0.726562
vt 0.743652 0.986328
vt 0.743652 0.978027
vt 0.780273 0.978027
vt 0.743652 0.994629
vt 0.780273 0.994629
vt 0.849609 0.978027
vt 0.972656 0.755371
vt 0.991699 0.755859
vt 0.981934 0.705566
vt 0.998047 0.687500
vt 0.955078 0.717285
vt 0.953125 0.733398
vt 0.946777 0.745605
vt 0.966309 0.755371
vt 0.948730 0.754883
vt 0.984375 0.686035
vt 0.997070 0.659180
vt 0.970703 0.672363
vt 0.966797 0.682129
vt 0.944824 0.664062
vt 0.956543 0.701660
vt 0.943359 0.686523
vt 0.930176 0.687988
vt 0.933105 0.705078
vt 0.918457 0.703125
vt 0.912109 0.714844
vt 0.931152 0.713867
vt 0.920410 0.748535
vt 0.919922 0.754395
vt 0.943359 0.754883
vt 0.965820 0.995117
vt 0.965820 0.975098
vt 0.995605 0.995117
vt 0.853027 0.996582
vt 0.905273 0.926758
vt 0.898926 0.925293
vt 0.881836 0.919434
vt 0.869141 0.930176
vt 0.883301 0.918457
vt 0.856934 0.928223
vt 0.847168 0.921387
vt 0.829590 0.945312
vt 0.809082 0.909180
vt 0.837402 0.876465
vt 0.744629 0.972168
vt 0.743164 0.881348
vt 0.850586 0.783691
vt 0.856445 0.854492
vt 0.888672 0.834961
vt 0.915039 0.834473
vt 0.890137 0.837891
vt 0.922852 0.833984
vt 0.858887 0.692383
vt 0.704102 0.993164
vt 0.736816 0.993164
vt 0.736816 0.969727
vt 0.704102 0.960449
vt 0.736816 0.948730
vt 0.704102 0.926758
vt 0.736816 0.926758
vt 0.736816 0.895508
vt 0.704102 0.895508
vt 0.736816 0.859863
vt 0.704102 0.859863
vt 0.736816 0.819336
vt 0.704102 0.819336
vt 0.736816 0.787598
vt 0.704102 0.787598
vt 0.680664 0.787598
vt 0.349365 0.011650
vt 0.349365 0.003206
vt 0.349365 0.045502
vt 0.387695 0.045502
vt 0.349121 0.058075
vt 0.439453 0.011650
vt 0.466553 0.011650
vt 0.466553 0.003206
vt 0.495850 0.003206
vt 0.416992 0.045502
vt 0.387695 0.058075
vt 0.439453 0.045502
vt 0.394531 0.092773
vt 0.428223 0.058075
vt 0.466553 0.045502
vt 0.495850 0.045502
vt 0.338379 0.195923
vt 0.357910 0.234253
vt 0.331543 0.234253
vt 0.326416 0.259766
vt 0.354736 0.259766
vt 0.322998 0.275146
vt 0.430420 0.133789
vt 0.409424 0.195923
vt 0.386230 0.234253
vt 0.386230 0.259766
vt 0.386230 0.275146
vt 0.352539 0.275635
vt 0.350586 0.289795
vt 0.319824 0.289551
vt 0.409424 0.234253
vt 0.426758 0.195923
vt 0.409424 0.259766
vt 0.333496 0.315674
vt 0.310791 0.315674
vt 0.327881 0.349854
vt 0.302490 0.349854
vt 0.360840 0.315674
vt 0.320801 0.380859
vt 0.297852 0.381104
vt 0.292480 0.413574
vt 0.426758 0.234253
vt 0.386230 0.289551
vt 0.357666 0.350098
vt 0.382324 0.315674
vt 0.402588 0.289551
vt 0.409424 0.275146
vt 0.426758 0.289551
vt 0.403320 0.315674
vt 0.381592 0.349854
vt 0.350586 0.381104
vt 0.426758 0.259766
vt 0.426758 0.275146
vt 0.312988 0.414307
vt 0.307373 0.435547
vt 0.289063 0.435059
vt 0.286621 0.447266
vt 0.301270 0.452881
vt 0.339600 0.415527
vt 0.331543 0.436279
vt 0.321777 0.460937
vt 0.346680 0.471680
vt 0.376221 0.381104
vt 0.366455 0.417480
vt 0.359863 0.446045
vt 0.399658 0.381104
vt 0.387939 0.463867
vt 0.379639 0.482178
vt 0.389648 0.423096
vt 0.402588 0.349854
vt 0.413574 0.465820
vt 0.409424 0.487549
vt 0.442383 0.487549
vt 0.390381 0.448975
vt 0.414795 0.443604
vt 0.440918 0.465820
vt 0.471436 0.487549
vt 0.416016 0.411621
vt 0.424561 0.381104
vt 0.441650 0.435303
vt 0.470215 0.465820
vt 0.443359 0.402100
vt 0.470459 0.432861
vt 0.469482 0.400391
vt 0.578613 0.487549
vt 0.497314 0.404541
vt 0.491455 0.381104
vt 0.574219 0.451172
vt 0.587891 0.487549
vt 0.587891 0.457275
vt 0.524902 0.412842
vt 0.552246 0.442383
vt 0.570801 0.418213
vt 0.588379 0.420410
vt 0.548828 0.417480
vt 0.520996 0.381104
vt 0.544434 0.381104
vt 0.563965 0.381104
vt 0.588379 0.382080
vt 0.537598 0.349854
vt 0.557617 0.349854
vt 0.533691 0.315674
vt 0.585449 0.349854
vt 0.515137 0.349854
vt 0.554688 0.315674
vt 0.585449 0.315674
vt 0.547363 0.289551
vt 0.585449 0.289551
vt 0.585449 0.275146
vt 0.486328 0.349854
vt 0.512207 0.315674
vt 0.452148 0.289551
vt 0.480713 0.289551
vt 0.511230 0.289551
vt 0.452148 0.275146
vt 0.480713 0.275146
vt 0.524902 0.289551
vt 0.452148 0.259766
vt 0.480713 0.259766
vt 0.511230 0.275146
vt 0.547363 0.275146
vt 0.452148 0.234253
vt 0.480713 0.234253
vt 0.452148 0.195923
vt 0.480713 0.195923
vt 0.524902 0.275146
vt 0.524902 0.259766
vt 0.511230 0.259766
vt 0.511230 0.234253
vt 0.511230 0.195923
vt 0.497559 0.133789
vt 0.547363 0.259766
vt 0.585449 0.259766
vt 0.524902 0.234253
vt 0.547363 0.234253
vt 0.585449 0.234253
vt 0.524902 0.195923
vt 0.547363 0.195923
vt 0.519531 0.133789
vt 0.546387 0.092773
vt 0.585449 0.092773
vt 0.517578 0.092773
vt 0.550781 0.058075
vt 0.586914 0.058075
vt 0.587402 0.045502
vt 0.520020 0.058075
vt 0.550781 0.045502
vt 0.495850 0.058075
vt 0.520020 0.045502
vt 0.587402 0.011650
vt 0.587402 0.003206
vt 0.338379 0.050629
vt 0.338379 0.003948
vt 0.296143 0.003948
vt 0.108154 0.003948
vt 0.108154 0.036285
vt 0.075867 0.003948
vt 0.036865 0.003948
vt 0.036865 0.036285
vt 0.004826 0.003948
vt 0.004826 0.034637
vt 0.036865 0.067688
vt 0.004826 0.067810
vt 0.766602 0.661621
vt 0.767578 0.585937
vt 0.742188 0.657715
vt 0.732422 0.600098
vt 0.702148 0.608398
vt 0.704102 0.650391
vt 0.678711 0.643066
vt 0.742188 0.530762
vt 0.771484 0.544434
vt 0.776367 0.501465
vt 0.667969 0.593262
vt 0.646484 0.633301
vt 0.701172 0.553711
vt 0.638672 0.592773
vt 0.619141 0.622070
vt 0.667969 0.549805
vt 0.618164 0.593262
vt 0.593750 0.612793
vt 0.593750 0.579590
vt 0.593750 0.550781
vt 0.636719 0.549316
vt 0.722656 0.490723
vt 0.593750 0.277832
vt 0.752930 0.479004
vt 0.593750 0.119385
vt 0.655273 0.063477
vt 0.593750 0.063477
vt 0.708008 0.063477
vt 0.744141 0.063477
vt 0.780273 0.063477
vt 0.816406 0.063477
vt 0.866211 0.063477
vt 0.909180 0.063599
vt 0.988281 0.229736
vt 0.988281 0.502441
vt 0.838867 0.462646
vt 0.944336 0.507324
vt 0.988281 0.552246
vt 0.942383 0.555664
vt 0.988281 0.594238
vt 0.899414 0.513672
vt 0.852539 0.549805
vt 0.895508 0.564941
vt 0.841797 0.589844
vt 0.805664 0.578125
vt 0.942383 0.600586
vt 0.826172 0.629395
vt 0.793945 0.616699
vt 0.784180 0.666016
vt 0.817383 0.676270
vt 0.867188 0.639160
vt 0.853516 0.687500
vt 0.879883 0.694336
vt 0.881836 0.610352
vt 0.954102 0.640625
vt 0.988281 0.642578
vt 0.923828 0.632324
vt 0.931641 0.669922
vt 0.905273 0.655273
vt 0.910156 0.701172
vt 0.900391 0.726562
vt 0.166992 0.940430
vt 0.780273 0.978027
vt 0.744141 0.978027
vt 0.744141 0.986328
vt 0.744141 0.994629
vt 0.780273 0.994629
vt 0.815430 0.994629
vt 0.972656 0.755371
vt 0.994141 0.740723
vt 0.976563 0.734375
vt 0.982422 0.705566
vt 0.998047 0.687500
vt 0.955078 0.717285
vt 0.953125 0.733398
vt 0.947266 0.745605
vt 0.966797 0.755371
vt 0.948242 0.754883
vt 0.984375 0.686035
vt 0.997070 0.659180
vt 0.970703 0.672363
vt 0.979492 0.650391
vt 0.966797 0.682129
vt 0.952148 0.655273
vt 0.958008 0.645020
vt 0.944336 0.664062
vt 0.956055 0.701660
vt 0.943359 0.686523
vt 0.929688 0.687988
vt 0.931641 0.713867
vt 0.909180 0.724609
vt 0.928711 0.727539
vt 0.919922 0.754395
vt 0.943359 0.754883
vt 0.965820 0.995117
vt 0.965820 0.975098
vt 0.995117 0.995117
vt 0.885742 0.996582
vt 0.898438 0.925293
vt 0.881836 0.919434
vt 0.856445 0.928223
vt 0.853516 0.938477
vt 0.847656 0.921387
vt 0.834961 0.908203
vt 0.836914 0.876465
vt 0.773438 0.973145
vt 0.743164 0.908203
vt 0.809570 0.877930
vt 0.749023 0.786133
vt 0.825195 0.804199
vt 0.850586 0.783691
vt 0.856445 0.854492
vt 0.922852 0.760254
vt 0.951172 0.760254
vt 0.915039 0.834473
vt 0.889648 0.837891
vt 0.922852 0.833984
vt 0.859375 0.692383
vt 0.861328 0.706055
vt 0.736328 0.969727
vt 0.736328 0.993164
vt 0.704102 0.993164
vt 0.704102 0.960449
vt 0.736328 0.948730
vt 0.704102 0.926758
vt 0.736328 0.926758
vt 0.736328 0.895508
vt 0.680664 0.926758
vt 0.704102 0.895508
vt 0.736328 0.859863
vt 0.704102 0.859863
vt 0.736328 0.819336
vt 0.639648 0.819336
vt 0.704102 0.819336
vt 0.736328 0.787598
vt 0.704102 0.787598
vt 0.680664 0.819336
vt 0.640625 0.787598
vt 0.680664 0.787598
vt 0.349609 0.045502
vt 0.387695 0.045502
vt 0.348633 0.058075
vt 0.416992 0.011650
vt 0.439453 0.003206
vt 0.387695 0.058075
vt 0.416992 0.045502
vt 0.439453 0.011650
vt 0.466797 0.011650
vt 0.466797 0.003206
vt 0.394531 0.092773
vt 0.348633 0.092773
vt 0.439453 0.045502
vt 0.427734 0.058075
vt 0.466797 0.045502
vt 0.496094 0.045502
vt 0.377930 0.133789
vt 0.348633 0.133789
vt 0.360352 0.195923
vt 0.338867 0.195923
vt 0.357422 0.234253
vt 0.332031 0.234253
vt 0.326172 0.259766
vt 0.407227 0.133789
vt 0.385742 0.195923
vt 0.354492 0.259766
vt 0.323242 0.275146
vt 0.430664 0.133789
vt 0.409180 0.195923
vt 0.385742 0.234253
vt 0.385742 0.259766
vt 0.385742 0.275146
vt 0.352539 0.275635
vt 0.350586 0.289795
vt 0.319336 0.289551
vt 0.409180 0.234253
vt 0.426758 0.195923
vt 0.409180 0.259766
vt 0.333984 0.315674
vt 0.310547 0.315674
vt 0.328125 0.349854
vt 0.302734 0.349854
vt 0.360352 0.315674
vt 0.321289 0.380859
vt 0.297852 0.381104
vt 0.292969 0.413574
vt 0.426758 0.234253
vt 0.385742 0.289551
vt 0.357422 0.350098
vt 0.382813 0.315674
vt 0.402344 0.289551
vt 0.409180 0.275146
vt 0.426758 0.289551
vt 0.403320 0.315674
vt 0.381836 0.349854
vt 0.350586 0.381104
vt 0.426758 0.259766
vt 0.426758 0.275146
vt 0.313477 0.414307
vt 0.307617 0.435547
vt 0.289063 0.435059
vt 0.287109 0.447266
vt 0.301758 0.452881
vt 0.339844 0.415527
vt 0.332031 0.436279
vt 0.321289 0.460937
vt 0.346680 0.471680
vt 0.375977 0.381104
vt 0.366211 0.417480
vt 0.359375 0.446045
vt 0.399414 0.381104
vt 0.387695 0.463867
vt 0.379883 0.482178
vt 0.389648 0.423096
vt 0.402344 0.349854
vt 0.414063 0.465820
vt 0.409180 0.487549
vt 0.442383 0.487549
vt 0.390625 0.448975
vt 0.415039 0.443604
vt 0.441406 0.465820
vt 0.471680 0.487549
vt 0.416016 0.411621
vt 0.424805 0.381104
vt 0.441406 0.435303
vt 0.470703 0.465820
vt 0.443359 0.402100
vt 0.500000 0.465820
vt 0.501953 0.487549
vt 0.470703 0.432861
vt 0.497070 0.435547
vt 0.469727 0.400391
vt 0.555664 0.465820
vt 0.579102 0.487549
vt 0.497070 0.404541
vt 0.491211 0.381104
vt 0.524414 0.440430
vt 0.574219 0.451172
vt 0.587891 0.487549
vt 0.587891 0.457275
vt 0.525391 0.412842
vt 0.551758 0.442383
vt 0.570313 0.418213
vt 0.588867 0.420410
vt 0.548828 0.417480
vt 0.521484 0.381104
vt 0.543945 0.381104
vt 0.563477 0.381104
vt 0.587891 0.382080
vt 0.537109 0.349854
vt 0.557617 0.349854
vt 0.533203 0.315674
vt 0.584961 0.349854
vt 0.515625 0.349854
vt 0.554688 0.315674
vt 0.584961 0.315674
vt 0.547852 0.289551
vt 0.584961 0.289551
vt 0.584961 0.275146
vt 0.486328 0.349854
vt 0.483398 0.315674
vt 0.511719 0.315674
vt 0.452148 0.289551
vt 0.480469 0.289551
vt 0.510742 0.289551
vt 0.452148 0.275146
vt 0.480469 0.275146
vt 0.525391 0.289551
vt 0.452148 0.259766
vt 0.480469 0.259766
vt 0.510742 0.275146
vt 0.547852 0.275146
vt 0.452148 0.234253
vt 0.480469 0.234253
vt 0.452148 0.195923
vt 0.480469 0.195923
vt 0.525391 0.275146
vt 0.525391 0.259766
vt 0.510742 0.259766
vt 0.510742 0.234253
vt 0.510742 0.195923
vt 0.497070 0.133789
vt 0.547852 0.259766
vt 0.584961 0.259766
vt 0.525391 0.234253
vt 0.547852 0.234253
vt 0.584961 0.234253
vt 0.525391 0.195923
vt 0.547852 0.195923
vt 0.584961 0.195923
vt 0.547852 0.133789
vt 0.584961 0.133789
vt 0.519531 0.133789
vt 0.546875 0.092773
vt 0.584961 0.092773
vt 0.517578 0.092773
vt 0.550781 0.058075
vt 0.586914 0.058075
vt 0.587891 0.045502
vt 0.519531 0.058075
vt 0.550781 0.045502
vt 0.519531 0.045502
vt 0.519531 0.011650
vt 0.550781 0.011650
vt 0.587891 0.011650
vt 0.550781 0.003206
vt 0.587891 0.003206
vt 0.337891 0.080688
vt 0.337891 0.050629
vt 0.308594 0.039612
vt 0.337891 0.003948
vt 0.295898 0.003948
vt 0.279297 0.039612
vt 0.177734 0.003948
vt 0.076172 0.003948
vt 0.037109 0.003948
vt 0.037109 0.036285
vt 0.004883 0.003948
vt 0.004883 0.034637
vt 0.037109 0.067688
vt 0.004883 0.067810
vt 0.004883 0.094055
vt 0.430420 0.812012
vt 0.429688 0.808105
vt 0.912109 0.924805
vt 0.918945 0.885742
vt 0.887695 0.882812
vt 0.858398 0.878906
vt 0.888672 0.879883
vt 0.858398 0.886719
vt 0.856445 0.869141
vt 0.871094 0.856934
vt 0.872070 0.865723
vt 0.884766 0.870605
vt 0.917969 0.837891
vt 0.917969 0.881348
vt 0.912109 0.924805
vt 0.918945 0.885742
vt 0.888184 0.882812
vt 0.858887 0.878906
vt 0.888184 0.879883
vt 0.856934 0.869141
vt 0.871582 0.856934
vt 0.872559 0.865723
vt 0.915527 0.851074
vt 0.918457 0.837891
vt 0.917969 0.881348
vn -0.4506 0.5783 -0.6801
vn -0.8426 0.3125 -0.4385
vn 0.4506 0.5783 -0.6801
vn 0.8426 0.3125 -0.4385
vn 0.7740 0.0788 -0.6282
vn -0.6233 0.6162 -0.4815
vn -0.2274 -0.7957 0.5614
vn 0.2537 0.6348 -0.7299
vn -0.2707 -0.7233 0.6352
vn 0.4462 0.3296 -0.8320
vn -0.8540 -0.4914 -0.1707
vn 0.2259 -0.9614 -0.1573
vn 0.3871 -0.9219 -0.0194
vn -0.8066 -0.5466 -0.2248
vn 0.6536 -0.5505 0.5194
vn 0.6957 -0.3212 0.6426
vn -0.2421 -0.9419 -0.2328
vn 0.4518 -0.3349 0.8269
vn 0.4072 -0.5034 0.7621
vn 0.0000 -0.3338 0.9427
vn 0.0911 -0.9944 -0.0541
vn -0.0000 -0.5002 0.8659
vn 0.0000 -0.9992 -0.0393
vn -0.9902 -0.0374 -0.1346
vn -0.8066 -0.5466 -0.2249
vn -0.9935 -0.0509 -0.1019
vn -0.9834 0.1611 -0.0829
vn -0.9797 0.1640 -0.1150
vn -0.8019 0.5894 0.0973
vn -0.8308 0.5544 0.0488
vn -0.7617 0.6474 -0.0245
vn -0.9461 0.2105 -0.2463
vn 0.0168 -0.9911 0.1323
vn 0.0166 -0.9911 0.1319
vn 0.0403 -0.9801 0.1941
vn 0.0025 -0.9973 0.0729
vn -0.0001 -1.0000 0.0010
vn -0.0005 -1.0000 0.0022
vn 0.0004 -1.0000 -0.0063
vn -0.0101 -0.9997 -0.0239
vn -0.0109 -0.9996 -0.0258
vn -0.0306 -0.9972 -0.0676
vn -0.0287 -0.9975 -0.0642
vn -0.0679 -0.9885 -0.1354
vn -0.0680 -0.9885 -0.1353
vn 0.5166 -0.6790 0.5216
vn 0.4640 -0.3099 0.8299
vn -0.0000 -0.7435 0.6688
vn -0.0000 -0.9885 0.1510
vn 0.3302 -0.9416 0.0661
vn -0.0000 -0.9983 -0.0586
vn 0.6756 -0.6564 0.3358
vn 0.6424 -0.3926 0.6582
vn 0.4264 -0.9043 0.0200
vn 0.6698 -0.7038 0.2366
vn 0.6402 -0.5335 0.5527
vn 0.6132 -0.7864 0.0749
vn 0.3840 -0.9231 -0.0208
vn 0.6305 -0.7756 0.0322
vn 0.7285 -0.6627 0.1735
vn 0.7158 -0.5803 0.3885
vn -0.0819 -0.5607 -0.8240
vn 0.4851 -0.6337 -0.6026
vn 0.3309 -0.8702 -0.3651
vn -0.0687 -0.2164 -0.9739
vn 0.8408 -0.2953 0.4537
vn 0.8956 -0.3982 0.1983
vn 0.8185 -0.5668 -0.0937
vn 0.8971 -0.1909 0.3985
vn 0.6030 -0.3606 -0.7116
vn 0.4384 0.2692 -0.8575
vn 0.9272 -0.2957 0.2297
vn 0.9040 -0.2552 0.3430
vn 0.9897 0.0465 -0.1353
vn 0.9796 -0.0303 0.1988
vn 0.7359 0.6769 0.0168
vn 0.8836 -0.3148 0.3467
vn 0.9039 -0.3023 0.3025
vn 0.9476 -0.2358 0.2155
vn 0.9485 -0.2724 0.1615
vn 0.9269 -0.2016 0.3167
vn 0.8863 -0.2743 0.3730
vn 0.9460 -0.1237 0.2996
vn 0.9464 -0.1014 0.3067
vn 0.8936 -0.0880 0.4402
vn 0.7614 -0.2457 0.6000
vn 0.9144 -0.0434 0.4026
vn 0.9049 -0.0130 0.4254
vn 0.8660 -0.0691 0.4952
vn 0.8678 -0.0698 0.4920
vn 0.8450 -0.0051 0.5348
vn 0.8141 -0.0011 0.5807
vn 0.6478 0.0785 0.7578
vn 0.6184 0.1424 0.7728
vn 0.4624 0.1887 0.8664
vn 0.0000 -0.8403 0.5422
vn 0.5073 -0.7574 0.4112
vn 0.0000 -0.7505 0.6608
vn 0.4403 -0.7393 0.5094
vn 0.0000 -0.3496 0.9369
vn 0.4051 -0.2972 0.8646
vn -0.0000 0.2770 0.9609
vn 0.4839 0.3515 0.8014
vn -0.0000 0.6664 0.7456
vn 0.0000 0.7096 0.7046
vn 0.4586 0.6407 0.6158
vn 0.4382 0.6176 0.6531
vn 0.0000 0.4225 0.9064
vn -0.0000 0.1692 0.9856
vn -0.0000 0.1013 0.9949
vn 0.2186 0.1279 0.9674
vn 0.2648 0.2066 0.9419
vn 0.4173 0.1407 0.8978
vn 0.5118 0.1043 0.8527
vn 0.6655 0.0703 0.7431
vn -0.8920 -0.4178 0.1724
vn -0.7660 -0.5077 -0.3943
vn -0.9250 -0.3718 0.0781
vn -0.4192 -0.3964 -0.8168
vn -0.8262 -0.4436 -0.3473
vn -0.5343 -0.3249 0.7804
vn -0.4665 -0.1374 0.8738
vn -0.8788 -0.4748 -0.0484
vn -0.8295 -0.5581 -0.0235
vn -0.4182 -0.5490 -0.7237
vn 0.3184 -0.9282 0.1926
vn 0.9256 0.0693 0.3722
vn 0.9893 -0.0155 -0.1448
vn -0.2474 -0.3394 -0.9075
vn 0.9261 0.1107 -0.3606
vn 0.9255 0.0693 0.3722
vn 0.8367 0.2359 0.4942
vn 0.8701 0.1290 -0.4756
vn -0.4664 -0.1375 0.8738
vn 0.7195 0.2263 0.6566
vn -0.9444 -0.2889 -0.1570
vn -0.8694 -0.1576 0.4684
vn -0.9810 -0.1203 0.1523
vn -0.9300 -0.3553 -0.0942
vn -0.6288 0.0230 0.7772
vn -0.3615 0.1581 0.9189
vn 0.3371 0.1746 0.9252
vn 0.0403 0.1711 0.9844
vn 0.8609 0.0847 0.5017
vn 0.8674 0.1834 0.4626
vn 0.5678 0.3417 0.7489
vn 0.8759 0.2558 0.4091
vn -0.1206 0.3879 0.9138
vn -0.4734 0.0317 0.8803
vn -0.6839 -0.2359 0.6904
vn 0.0676 0.5672 0.8208
vn -0.3559 0.1944 0.9141
vn 0.5287 0.6506 0.5452
vn -0.0737 0.4170 0.9059
vn 0.8939 0.4402 -0.0847
vn 0.6326 0.5186 0.5752
vn 0.5726 0.6711 0.4710
vn -0.6979 -0.4253 -0.5762
vn -0.6616 -0.5269 -0.5335
vn 0.3804 -0.1204 -0.9169
vn 0.4152 -0.2922 -0.8616
vn -0.8329 -0.3410 0.4359
vn -0.8152 -0.3392 0.4694
vn 0.4303 -0.1550 -0.8893
vn 0.9161 0.3257 0.2340
vn 0.2651 0.1337 0.9549
vn 0.3440 0.2267 0.9112
vn 0.9545 0.2682 0.1302
vn 0.4151 -0.2922 -0.8615
vn 0.9919 -0.0041 0.1269
vn 0.4406 -0.0471 0.8964
vn -0.7022 -0.5085 0.4984
vn 0.0298 -0.9989 -0.0369
vn 0.4407 -0.0471 0.8964
vn -0.1198 -0.4061 -0.9060
vn -0.1386 -0.3707 -0.9184
vn 0.3424 -0.2976 -0.8912
vn 0.3864 -0.3186 -0.8656
vn 0.7645 -0.0972 -0.6372
vn 0.7616 -0.1540 -0.6294
vn -0.1332 -0.6335 -0.7622
vn 0.3760 -0.5446 -0.7497
vn 0.7581 -0.4268 -0.4931
vn 0.1537 -0.9880 0.0124
vn -0.3189 -0.9373 0.1407
vn 0.4238 -0.7942 0.4354
vn 0.0000 -0.5943 -0.8042
vn -0.0000 -0.3511 -0.9363
vn 0.2952 -0.5229 -0.7997
vn 0.2458 -0.5552 -0.7946
vn 0.5032 -0.5146 -0.6943
vn -0.0000 -0.6809 -0.7324
vn 0.4175 -0.5508 -0.7227
vn 0.3063 -0.6647 -0.6814
vn 0.6117 -0.5672 -0.5514
vn 0.6825 -0.4752 -0.5553
vn 0.2273 -0.6472 -0.7277
vn 0.0000 -0.6526 -0.7577
vn 0.5066 -0.6071 -0.6122
vn 0.4323 -0.1461 -0.8898
vn 0.5519 -0.6406 -0.5339
vn 0.6852 -0.5102 -0.5198
vn 0.7393 -0.1723 -0.6509
vn 0.7771 -0.5352 -0.3311
vn 0.8870 -0.4233 -0.1846
vn 0.8030 -0.5013 -0.3224
vn 0.7739 -0.5322 -0.3434
vn 0.7124 -0.5740 -0.4037
vn 0.8120 -0.4532 -0.3676
vn 0.8863 -0.2390 -0.3967
vn 0.2248 -0.1721 0.9591
vn 0.2680 -0.0806 0.9600
vn -0.3488 -0.1047 0.9313
vn 0.1992 -0.2162 0.9558
vn 0.7579 -0.1269 0.6399
vn 0.7392 -0.1653 0.6529
vn 0.9877 -0.0829 0.1327
vn 0.9100 -0.0557 -0.4109
vn 0.9306 -0.0221 -0.3653
vn 0.9839 -0.1089 0.1419
vn 0.5113 -0.0388 -0.8585
vn 0.5583 -0.0377 -0.8288
vn 0.9075 -0.0656 -0.4149
vn 0.9799 -0.0863 0.1797
vn -0.1328 -0.0400 -0.9903
vn -0.0875 -0.0390 -0.9954
vn 0.4855 -0.0515 -0.8727
vn -0.1521 -0.0810 -0.9850
vn -0.7434 -0.0860 -0.6633
vn 0.4530 -0.0256 -0.8911
vn -0.2205 -0.0677 -0.9730
vn 0.9306 -0.0377 -0.3641
vn 0.9394 0.0193 -0.3423
vn 0.9810 -0.0402 0.1900
vn 0.3988 0.0650 -0.9147
vn -0.2498 -0.0257 -0.9680
vn -0.7877 -0.1515 0.5972
vn -0.7377 -0.0983 0.6680
vn -0.9975 -0.0370 0.0599
vn -0.9679 -0.2079 -0.1409
vn -0.9654 -0.1684 -0.1989
vn -0.1106 -0.1147 0.9872
vn -0.1122 -0.1392 0.9839
vn 0.6722 -0.1125 0.7318
vn 0.9799 -0.0346 0.1964
vn 0.7339 -0.0924 0.6730
vn 0.6688 -0.1109 0.7352
vn 0.9757 -0.1201 0.1832
vn 0.8596 -0.1446 -0.4900
vn 0.8787 0.0418 -0.4756
vn -0.9679 -0.2079 -0.1410
vn -0.7911 0.0404 -0.6103
vn -0.9657 -0.1696 -0.1967
vn -0.4235 -0.1954 -0.8846
vn 0.3405 -0.1598 -0.9266
vn 0.3728 0.0510 -0.9265
vn -0.4475 -0.1785 -0.8763
vn -0.9736 -0.0313 -0.2261
vn 0.8477 -0.1373 -0.5124
vn 0.3138 -0.1449 -0.9384
vn -0.4659 -0.0048 -0.8848
vn 0.9788 -0.0915 0.1830
vn -0.4935 0.0235 -0.8694
vn 0.3815 -0.0038 -0.9244
vn 0.3775 0.0258 -0.9256
vn 0.8588 -0.0098 -0.5122
vn 0.9966 0.0025 0.0826
vn 0.6694 -0.0258 0.7425
vn 0.7132 0.0158 0.7008
vn 0.7442 0.0845 0.6626
vn -0.1202 0.0008 0.9927
vn -0.1637 0.0042 0.9865
vn -0.8816 -0.0224 0.4715
vn -0.8222 -0.0796 0.5636
vn -0.9680 0.0895 0.2346
vn -0.9364 0.1660 0.3092
vn -0.9731 0.1196 -0.1969
vn -0.9787 0.0907 -0.1843
vn -0.9738 0.0385 0.2240
vn -0.9872 0.0801 -0.1381
vn -0.6916 0.1009 -0.7152
vn -0.6288 0.1135 -0.7693
vn 0.1354 0.0666 -0.9886
vn 0.2146 0.1033 -0.9712
vn -0.5605 0.1297 -0.8180
vn 0.7465 -0.0075 -0.6653
vn 0.3067 0.1475 -0.9403
vn 0.7772 0.0640 -0.6260
vn 0.8816 -0.0498 -0.4693
vn 0.9002 0.0608 -0.4312
vn 0.8107 0.1577 -0.5639
vn 0.9389 0.0178 -0.3436
vn 0.9209 -0.1336 -0.3663
vn 0.9441 -0.0635 -0.3235
vn 0.9634 0.1057 -0.2463
vn 0.9902 0.0616 -0.1253
vn -0.9766 0.0131 0.2146
vn -0.9633 0.1122 0.2439
vn -0.4225 -0.0213 0.9061
vn -0.4543 0.1841 0.8716
vn -0.8367 0.0430 0.5460
vn 0.3073 0.1840 0.9337
vn 0.2062 0.7245 0.6577
vn -0.2751 0.6873 0.6723
vn 0.3072 -0.0295 0.9512
vn 0.8277 0.0619 0.5577
vn 0.7809 0.2452 0.5746
vn -0.0000 -0.2172 0.9761
vn 0.2599 -0.2693 0.9273
vn -0.0000 0.2231 0.9748
vn -0.1691 0.3065 0.9367
vn -0.0000 0.6814 0.7319
vn 0.3039 -0.4790 0.8235
vn -0.3284 0.6843 0.6510
vn -0.0000 0.8886 0.4586
vn 0.2182 0.2971 0.9296
vn 0.1818 -0.4314 0.8837
vn -0.2679 0.8807 0.3907
vn -0.0000 0.9513 0.3082
vn 0.1405 0.7706 0.6217
vn 0.5562 -0.0809 0.8271
vn 0.5301 -0.3110 0.7888
vn -0.2444 0.9331 0.2637
vn -0.0000 0.9923 0.1240
vn 0.2474 0.8970 0.3663
vn 0.6823 0.5495 0.4822
vn -0.2120 0.9738 0.0822
vn 0.0000 0.9805 -0.1964
vn 0.1926 0.9636 0.1854
vn 0.0538 0.9662 -0.2520
vn -0.0000 0.8593 -0.5114
vn 0.7970 0.4106 0.4430
vn 0.7591 0.6331 0.1516
vn 0.6166 0.7420 0.2630
vn 0.2162 0.9754 -0.0427
vn 0.5458 0.8355 0.0632
vn 0.5281 0.8111 -0.2514
vn 0.2687 0.8265 -0.4947
vn 0.7266 0.6847 -0.0576
vn 0.3233 0.7106 -0.6250
vn 0.0000 0.6919 -0.7220
vn 0.5833 0.7318 -0.3526
vn 0.2507 0.5786 -0.7761
vn 0.0000 0.6019 -0.7986
vn 0.7477 0.6499 -0.1359
vn 0.4476 0.6286 -0.6360
vn 0.1778 0.4745 -0.8621
vn -0.0000 0.5288 -0.8487
vn -0.0000 0.3340 -0.9426
vn 0.2869 -0.0293 -0.9575
vn 0.2952 -0.5229 -0.7996
vn 0.3616 0.3236 -0.8744
vn 0.2738 -0.3727 -0.8866
vn 0.5013 -0.1124 -0.8579
vn 0.4736 0.5411 -0.6949
vn 0.6213 0.6693 -0.4074
vn 0.7199 0.1889 -0.6679
vn 0.6785 0.5470 -0.4903
vn 0.3954 -0.4601 -0.7950
vn 0.6876 -0.3079 -0.6576
vn 0.8125 -0.1473 -0.5640
vn 0.8157 0.5256 -0.2414
vn 0.8864 0.2261 -0.4039
vn 0.8369 -0.4932 -0.2373
vn 0.9013 -0.3793 -0.2094
vn 0.9924 -0.0058 -0.1228
vn 0.8988 0.4384 -0.0029
vn 0.9838 -0.0678 0.1660
vn 0.9058 -0.4219 -0.0379
vn 0.8246 0.5607 0.0756
vn 0.8892 0.4053 0.2123
vn 0.9036 -0.0174 0.4281
vn 0.8649 -0.3206 0.3861
vn 0.5059 -0.5797 0.6388
vn 0.9397 -0.3402 0.0346
vn 0.9745 -0.2213 0.0378
vn 0.8622 -0.4962 0.1022
vn 0.8273 -0.4812 0.2898
vn 0.6420 -0.5941 0.4847
vn 0.9223 -0.3488 0.1664
vn 0.9041 -0.2683 0.3327
vn 0.8260 -0.3423 0.4479
vn 0.1972 -0.6071 0.7698
vn 0.2731 -0.6704 0.6899
vn 0.6420 -0.5941 0.4846
vn 0.0000 0.9384 -0.3455
vn 0.0000 0.7197 -0.6943
vn -0.2719 0.7003 -0.6600
vn -0.2611 0.9539 -0.1478
vn -0.0000 0.4937 0.8696
vn -0.3318 0.9425 -0.0400
vn -0.4702 0.6857 -0.5557
vn -0.5604 0.6253 -0.5431
vn -0.6549 0.6019 -0.4569
vn -0.7064 0.5753 -0.4124
vn -0.3580 0.5408 0.7611
vn -0.7854 0.6180 0.0337
vn -0.9896 0.1397 0.0332
vn -0.8620 0.4498 -0.2339
vn -0.7656 0.3434 0.5439
vn -0.8054 -0.4555 0.3794
vn -0.4167 -0.6253 0.6598
vn -0.4885 -0.8146 -0.3128
vn 0.0001 -0.5919 0.8060
vn -0.4908 -0.8572 -0.1562
vn -0.2408 -0.8826 -0.4037
vn -0.0000 -0.8818 -0.4716
vn -0.7494 -0.3386 -0.5690
vn -0.5227 -0.3713 -0.7674
vn -0.2566 -0.4248 -0.8682
vn -0.3833 -0.4118 -0.8267
vn -0.2259 -0.9614 -0.1573
vn 0.8540 -0.4914 -0.1707
vn -0.3871 -0.9218 -0.0194
vn 0.8066 -0.5466 -0.2248
vn -0.6536 -0.5505 0.5195
vn -0.6957 -0.3212 0.6426
vn 0.2421 -0.9419 -0.2328
vn -0.4518 -0.3349 0.8269
vn -0.4073 -0.5034 0.7621
vn -0.0911 -0.9944 -0.0541
vn 0.9902 -0.0374 -0.1346
vn 0.8066 -0.5466 -0.2249
vn 0.8540 -0.4914 -0.1706
vn 0.9935 -0.0509 -0.1019
vn 0.9797 0.1640 -0.1150
vn 0.9834 0.1611 -0.0829
vn 0.8019 0.5894 0.0973
vn 0.8308 0.5544 0.0488
vn 0.7617 0.6474 -0.0245
vn 0.9461 0.2105 -0.2463
vn 0.0001 -1.0000 0.0010
vn 0.0005 -1.0000 0.0022
vn 0.0015 -0.9995 0.0311
vn -0.0004 -1.0000 -0.0063
vn 0.0101 -0.9997 -0.0239
vn 0.0109 -0.9996 -0.0258
vn 0.0306 -0.9972 -0.0676
vn 0.0287 -0.9975 -0.0642
vn 0.0679 -0.9885 -0.1354
vn 0.0680 -0.9885 -0.1353
vn 0.0000 -0.3042 0.9526
vn -0.4640 -0.3099 0.8299
vn -0.5166 -0.6790 0.5216
vn -0.6424 -0.3926 0.6582
vn -0.3302 -0.9416 0.0661
vn -0.6756 -0.6564 0.3358
vn -0.4264 -0.9043 0.0200
vn -0.3840 -0.9231 -0.0208
vn -0.6132 -0.7864 0.0749
vn -0.6698 -0.7038 0.2366
vn -0.6703 -0.7404 0.0504
vn -0.6305 -0.7756 0.0322
vn -0.6402 -0.5335 0.5528
vn -0.7158 -0.5803 0.3885
vn -0.7285 -0.6627 0.1735
vn 0.0819 -0.5607 -0.8240
vn 0.0296 -0.7745 -0.6318
vn -0.3309 -0.8702 -0.3651
vn -0.8956 -0.3982 0.1983
vn -0.9127 -0.4086 -0.0006
vn -0.9485 -0.2724 0.1615
vn -0.8185 -0.5668 -0.0937
vn -0.4851 -0.6336 -0.6026
vn 0.0687 -0.2164 -0.9739
vn -0.8408 -0.2953 0.4537
vn -0.8971 -0.1909 0.3984
vn -0.6030 -0.3606 -0.7116
vn -0.4383 0.2692 -0.8576
vn -0.9272 -0.2957 0.2297
vn -0.9040 -0.2552 0.3430
vn -0.9476 -0.2358 0.2155
vn -0.9897 0.0465 -0.1353
vn -0.9796 -0.0303 0.1988
vn -0.7359 0.6769 0.0168
vn -0.8836 -0.3148 0.3467
vn -0.9039 -0.3023 0.3025
vn -0.9269 -0.2016 0.3167
vn -0.8863 -0.2743 0.3730
vn -0.9460 -0.1237 0.2996
vn -0.9464 -0.1014 0.3067
vn -0.8936 -0.0880 0.4402
vn -0.7614 -0.2457 0.6000
vn -0.9144 -0.0434 0.4026
vn -0.9049 -0.0130 0.4254
vn -0.8660 -0.0691 0.4952
vn -0.8450 -0.0050 0.5347
vn -0.8141 -0.0011 0.5807
vn -0.8678 -0.0698 0.4920
vn -0.9025 -0.0426 0.4285
vn -0.8606 -0.0707 0.5044
vn -0.6478 0.0785 0.7578
vn -0.6184 0.1424 0.7728
vn -0.4624 0.1887 0.8664
vn -0.4171 0.1405 0.8979
vn -0.2648 0.2066 0.9419
vn -0.2186 0.1279 0.9674
vn -0.6655 0.0703 0.7431
vn -0.5118 0.1043 0.8527
vn -0.4382 0.6176 0.6531
vn -0.4586 0.6407 0.6158
vn -0.4839 0.3515 0.8014
vn -0.4051 -0.2972 0.8646
vn -0.8805 -0.0026 0.4741
vn -0.6999 0.0944 0.7080
vn -0.0000 -0.7505 0.6609
vn -0.4403 -0.7394 0.5094
vn -0.5073 -0.7574 0.4112
vn -0.3328 -0.2851 0.8989
vn 0.8422 -0.2848 0.4578
vn 0.8657 -0.4733 -0.1629
vn 0.8744 -0.4618 -0.1490
vn 0.5125 -0.4595 -0.7254
vn 0.4505 -0.4176 -0.7891
vn 0.8920 -0.4178 0.1724
vn 0.7660 -0.5077 -0.3943
vn 0.6204 -0.6759 -0.3978
vn 0.9250 -0.3718 0.0781
vn 0.8262 -0.4436 -0.3473
vn 0.8295 -0.5581 -0.0234
vn 0.8788 -0.4748 -0.0484
vn 0.5343 -0.3249 0.7804
vn 0.4182 -0.5490 -0.7237
vn 0.2474 -0.3394 -0.9075
vn -0.3184 -0.9282 0.1926
vn -0.9256 0.0693 0.3722
vn -0.9893 -0.0155 -0.1448
vn -0.9261 0.1107 -0.3606
vn -0.9255 0.0693 0.3722
vn -0.8367 0.2359 0.4942
vn 0.5343 -0.3248 0.7804
vn 0.9444 -0.2889 -0.1570
vn 0.8694 -0.1576 0.4684
vn 0.9300 -0.3553 -0.0942
vn 0.6288 0.0230 0.7772
vn -0.3371 0.1746 0.9252
vn -0.0403 0.1711 0.9844
vn -0.8609 0.0847 0.5017
vn -0.8674 0.1834 0.4626
vn -0.5678 0.3417 0.7489
vn 0.1206 0.3879 0.9138
vn 0.4734 0.0317 0.8803
vn 0.3559 0.1944 0.9141
vn -0.5287 0.6506 0.5452
vn -0.0676 0.5672 0.8208
vn 0.0737 0.4170 0.9059
vn 0.6839 -0.2359 0.6904
vn -0.5726 0.6711 0.4710
vn -0.8939 0.4402 -0.0848
vn -0.4152 -0.2922 -0.8615
vn -0.3804 -0.1204 -0.9169
vn 0.6980 -0.4253 -0.5762
vn 0.8329 -0.3410 0.4359
vn 0.6616 -0.5269 -0.5335
vn -0.8692 0.4377 -0.2299
vn -0.6326 0.5186 0.5752
vn -0.5563 -0.1652 -0.8144
vn -0.9545 0.2682 0.1302
vn -0.9161 0.3257 0.2340
vn -0.4151 -0.2922 -0.8616
vn -0.9919 -0.0041 0.1269
vn -0.2651 0.1336 0.9549
vn -0.4406 -0.0471 0.8964
vn 0.7022 -0.5085 0.4984
vn 0.5902 -0.6138 -0.5243
vn -0.0298 -0.9989 -0.0369
vn -0.4407 -0.0471 0.8964
vn -0.3864 -0.3186 -0.8656
vn -0.3424 -0.2976 -0.8912
vn 0.1198 -0.4061 -0.9060
vn -0.7616 -0.1540 -0.6294
vn -0.7645 -0.0972 -0.6372
vn 0.1332 -0.6335 -0.7622
vn -0.3760 -0.5446 -0.7497
vn -0.7581 -0.4268 -0.4931
vn -0.1537 -0.9880 0.0124
vn 0.3189 -0.9373 0.1407
vn -0.4238 -0.7942 0.4354
vn -0.2952 -0.5229 -0.7997
vn -0.2458 -0.5552 -0.7946
vn -0.5032 -0.5146 -0.6943
vn -0.4175 -0.5508 -0.7227
vn -0.3063 -0.6647 -0.6814
vn -0.6117 -0.5672 -0.5514
vn -0.6825 -0.4752 -0.5553
vn -0.2273 -0.6472 -0.7277
vn -0.0000 -0.1243 -0.9922
vn -0.5066 -0.6071 -0.6122
vn -0.5519 -0.6406 -0.5339
vn -0.6852 -0.5102 -0.5198
vn -0.7771 -0.5352 -0.3311
vn -0.8870 -0.4233 -0.1846
vn -0.8030 -0.5013 -0.3224
vn -0.7739 -0.5322 -0.3434
vn -0.7124 -0.5740 -0.4037
vn -0.8120 -0.4532 -0.3676
vn -0.2248 -0.1721 0.9591
vn -0.2680 -0.0806 0.9600
vn -0.7579 -0.1269 0.6400
vn -0.1992 -0.2163 0.9558
vn -0.7392 -0.1653 0.6529
vn -0.9877 -0.0829 0.1327
vn -0.7814 -0.0432 0.6226
vn -0.9869 -0.0211 0.1597
vn -0.9306 -0.0221 -0.3653
vn -0.9839 -0.1089 0.1419
vn -0.9100 -0.0557 -0.4109
vn -0.5583 -0.0377 -0.8288
vn -0.5113 -0.0387 -0.8586
vn 0.0875 -0.0390 -0.9954
vn -0.9075 -0.0656 -0.4148
vn -0.9799 -0.0863 0.1797
vn 0.1328 -0.0400 -0.9903
vn 0.7669 -0.0518 -0.6397
vn -0.4855 -0.0515 -0.8727
vn 0.1521 -0.0810 -0.9850
vn -0.4530 -0.0256 -0.8911
vn 0.2205 -0.0677 -0.9730
vn -0.9306 -0.0377 -0.3641
vn -0.9394 0.0193 -0.3423
vn -0.9810 -0.0402 0.1900
vn 0.1122 -0.1392 0.9839
vn 0.7377 -0.0983 0.6680
vn 0.7376 -0.0901 0.6692
vn 0.9679 -0.2079 -0.1409
vn 0.9975 -0.0370 0.0599
vn 0.7877 -0.1513 0.5972
vn 0.9657 -0.1696 -0.1966
vn 0.0591 -0.2053 0.9769
vn -0.6722 -0.1125 0.7318
vn 0.1106 -0.1147 0.9872
vn -0.7339 -0.0924 0.6730
vn -0.9799 -0.0346 0.1964
vn -0.6688 -0.1109 0.7352
vn -0.9757 -0.1201 0.1832
vn -0.8596 -0.1446 -0.4900
vn -0.8787 0.0418 -0.4756
vn -0.3728 0.0510 -0.9265
vn -0.3405 -0.1598 -0.9266
vn 0.2062 0.0553 -0.9770
vn 0.4235 -0.1954 -0.8846
vn 0.4475 -0.1785 -0.8763
vn 0.9657 -0.1696 -0.1967
vn 0.9736 -0.0313 -0.2261
vn -0.8477 -0.1373 -0.5124
vn -0.3137 -0.1449 -0.9384
vn 0.4659 -0.0048 -0.8848
vn -0.9788 -0.0915 0.1830
vn -0.3815 -0.0038 -0.9243
vn -0.8588 -0.0098 -0.5122
vn -0.3775 0.0258 -0.9256
vn -0.8553 0.0404 -0.5166
vn -0.9966 0.0025 0.0826
vn -0.6694 -0.0258 0.7425
vn -0.7131 0.0158 0.7008
vn 0.1201 0.0008 0.9928
vn 0.1637 0.0043 0.9865
vn -0.7442 0.0845 0.6626
vn 0.8816 -0.0224 0.4715
vn 0.2767 0.0597 0.9591
vn 0.8222 -0.0795 0.5636
vn 0.8979 0.0247 0.4395
vn 0.9787 0.0907 -0.1843
vn 0.9731 0.1196 -0.1969
vn 0.9680 0.0895 0.2346
vn 0.9738 0.0385 0.2240
vn 0.9872 0.0801 -0.1381
vn 0.6916 0.1009 -0.7152
vn 0.6288 0.1135 -0.7693
vn -0.1354 0.0666 -0.9885
vn -0.2146 0.1033 -0.9712
vn 0.5605 0.1297 -0.8180
vn -0.7465 -0.0074 -0.6653
vn -0.3067 0.1474 -0.9403
vn -0.7772 0.0640 -0.6260
vn -0.8816 -0.0498 -0.4693
vn -0.9002 0.0608 -0.4312
vn -0.8107 0.1577 -0.5639
vn -0.9424 0.2900 -0.1667
vn -0.9389 0.0178 -0.3436
vn -0.9209 -0.1336 -0.3663
vn -0.9441 -0.0635 -0.3235
vn -0.9284 0.3373 -0.1562
vn 0.9364 0.1660 0.3092
vn 0.7525 0.4698 0.4616
vn 0.9633 0.1122 0.2439
vn 0.9766 0.0131 0.2146
vn 0.9736 0.1891 0.1274
vn 0.4225 -0.0213 0.9061
vn 0.8367 0.0430 0.5460
vn 0.4543 0.1841 0.8716
vn -0.3072 -0.0295 0.9512
vn -0.3073 0.1840 0.9337
vn -0.2062 0.7245 0.6577
vn -0.5635 0.7071 0.4272
vn -0.7809 0.2452 0.5746
vn -0.2599 -0.2693 0.9273
vn 0.1691 0.3065 0.9367
vn -0.3039 -0.4790 0.8235
vn -0.2181 0.2971 0.9296
vn -0.1818 -0.4314 0.8837
vn 0.3284 0.6843 0.6510
vn 0.2679 0.8807 0.3907
vn -0.5562 -0.0809 0.8271
vn -0.5301 -0.3110 0.7888
vn -0.1405 0.7706 0.6217
vn 0.2444 0.9331 0.2637
vn -0.6823 0.5495 0.4822
vn -0.2474 0.8970 0.3663
vn 0.2120 0.9738 0.0822
vn -0.1926 0.9636 0.1854
vn -0.0538 0.9662 -0.2520
vn -0.7970 0.4106 0.4430
vn -0.7591 0.6331 0.1516
vn -0.6166 0.7420 0.2630
vn -0.2162 0.9754 -0.0427
vn -0.5458 0.8355 0.0632
vn -0.5281 0.8111 -0.2514
vn -0.2687 0.8265 -0.4947
vn -0.7266 0.6847 -0.0576
vn -0.3233 0.7106 -0.6250
vn -0.5833 0.7318 -0.3526
vn -0.2506 0.5786 -0.7761
vn -0.7477 0.6499 -0.1359
vn -0.4476 0.6286 -0.6360
vn -0.1778 0.4745 -0.8621
vn -0.2869 -0.0293 -0.9575
vn -0.2952 -0.5229 -0.7996
vn -0.3616 0.3236 -0.8744
vn -0.2739 -0.3727 -0.8866
vn -0.5013 -0.1124 -0.8580
vn -0.4736 0.5411 -0.6949
vn -0.6213 0.6693 -0.4074
vn -0.7199 0.1889 -0.6679
vn -0.6785 0.5470 -0.4903
vn -0.3954 -0.4601 -0.7950
vn -0.6876 -0.3079 -0.6576
vn -0.8125 -0.1473 -0.5640
vn -0.8157 0.5257 -0.2414
vn -0.8864 0.2261 -0.4040
vn -0.8369 -0.4932 -0.2373
vn -0.9013 -0.3793 -0.2094
vn -0.9924 -0.0058 -0.1227
vn -0.8988 0.4384 -0.0029
vn -0.9838 -0.0678 0.1661
vn -0.9058 -0.4219 -0.0379
vn -0.8246 0.5607 0.0756
vn -0.8892 0.4053 0.2123
vn -0.9036 -0.0174 0.4281
vn -0.8649 -0.3206 0.3861
vn -0.5059 -0.5797 0.6388
vn -0.9397 -0.3402 0.0346
vn -0.9745 -0.2213 0.0378
vn -0.8622 -0.4962 0.1022
vn -0.8273 -0.4812 0.2898
vn -0.6420 -0.5941 0.4847
vn -0.9223 -0.3488 0.1664
vn -0.9041 -0.2683 0.3327
vn -0.8260 -0.3423 0.4479
vn -0.1972 -0.6071 0.7698
vn -0.1819 -0.4314 0.8836
vn -0.2731 -0.6704 0.6899
vn -0.6420 -0.5941 0.4846
vn -0.1441 -0.8783 0.4559
vn 0.3911 -0.8338 0.3896
vn 0.4441 -0.6832 0.5797
vn 0.3150 -0.8972 0.3096
vn 0.1582 -0.9664 0.2027
vn -0.0701 -0.9868 0.1458
vn -0.3636 -0.9196 0.1485
vn -0.5829 -0.7858 0.2068
vn -0.7290 -0.6148 0.3010
vn -0.8035 -0.3712 0.4655
vn -0.0371 0.9179 0.3951
vn -0.0401 0.9335 0.3562
vn -0.0184 0.9398 0.3412
vn -0.0771 0.9223 0.3788
vn -0.0510 0.9191 0.3906
vn 0.0086 0.9084 0.4181
vn 0.0581 0.8720 0.4860
vn 0.0795 0.8499 0.5209
vn 0.2611 0.9539 -0.1478
vn 0.2718 0.7012 -0.6591
vn 0.3699 0.7200 -0.5871
vn 0.3318 0.9425 -0.0400
vn 0.4702 0.6856 -0.5557
vn 0.6549 0.6019 -0.4569
vn 0.5604 0.6253 -0.5431
vn 0.3580 0.5408 0.7611
vn 0.7854 0.6181 0.0338
vn 0.7064 0.5753 -0.4124
vn 0.8620 0.4498 -0.2339
vn 0.9896 0.1397 0.0332
vn 0.7656 0.3434 0.5439
vn 0.8054 -0.4555 0.3794
vn 0.4167 -0.6254 0.6598
vn 0.4885 -0.8146 -0.3128
vn 0.4908 -0.8572 -0.1561
vn 0.2408 -0.8826 -0.4037
vn 0.5227 -0.3713 -0.7674
vn 0.5059 -0.3895 -0.7697
vn 0.3832 -0.4118 -0.8268
vn -0.0000 -0.3789 -0.9255
vn 0.2566 -0.4248 -0.8682
vn 0.3446 -0.8878 0.3052
vn 0.6042 -0.6136 -0.5084
vn 0.5191 -0.6943 -0.4985
vn -0.6663 -0.6740 -0.3189
vn -0.3621 -0.9048 -0.2239
vn -0.5990 -0.7776 -0.1912
vn -0.6903 -0.4840 -0.5378
vn -0.7895 -0.5964 -0.1449
vn -0.8254 -0.3355 -0.4541
vn -0.8548 -0.4307 -0.2896
vn -0.8888 -0.3686 -0.2724
vn -0.8528 -0.3729 -0.3657
vn -0.8765 -0.4410 -0.1931
vn -0.9096 -0.3706 -0.1879
vn -0.8487 -0.4840 -0.2133
vn -0.8705 -0.4252 -0.2478
vn -0.8709 -0.4072 -0.2752
vn -0.7522 -0.6342 -0.1788
vn -0.7352 -0.6484 -0.1976
vn -0.8818 -0.4235 -0.2074
vn -0.8709 -0.4052 -0.2780
vn -0.8750 -0.3756 -0.3056
vn -0.8879 -0.4189 -0.1899
vn -0.8779 -0.4786 0.0173
vn 0.3134 -0.7695 -0.5564
vn -0.5508 -0.8347 0.0031
vn -0.3621 -0.9048 -0.2240
vn -0.8021 -0.5655 -0.1918
vn -0.8153 -0.5373 -0.2156
vn -0.8704 -0.3800 -0.3130
vn -0.8564 -0.4116 -0.3117
vn -0.8782 -0.3222 -0.3535
vn -0.7333 -0.1811 -0.6554
vn -0.8528 -0.3729 -0.3656
vn -0.8806 -0.0685 -0.4689
vn -0.8715 0.0260 -0.4897
vn -0.5083 0.2280 -0.8305
vn -0.8547 0.0695 -0.5145
vn 0.0601 0.3424 -0.9376
vn -0.7867 0.2829 -0.5487
vn -0.6508 0.3645 -0.6660
vn -0.3291 0.4675 -0.8205
vn -0.7147 0.4489 -0.5364
vn -0.6922 0.4610 -0.5552
vn -0.5616 0.3081 -0.7679
vn -0.5641 0.3103 -0.7652
vn -0.6703 0.4100 -0.6186
vn 0.0180 0.3113 -0.9502
vn 0.2337 0.3975 -0.8874
vn -0.0177 0.3021 -0.9531
vn 0.2368 0.4013 -0.8848
vn 0.2013 0.3682 -0.9077
vn 0.1902 0.3565 -0.9147
vn 0.1401 0.3102 -0.9403
vn -0.2053 0.3170 -0.9259
vn 0.9947 0.1002 0.0213
vn 0.9749 0.1898 -0.1168
vn 0.9644 0.2432 -0.1037
vn 0.9922 0.0953 0.0806
vn 0.9556 -0.0791 0.2840
vn 0.9358 0.3508 -0.0341
vn 0.9771 -0.0264 0.2109
vn 0.9702 0.2206 0.1000
vn 0.8842 0.3560 0.3025
vn 0.8956 0.4443 0.0215
vn 0.8268 0.5612 0.0384
vn 0.8837 0.0126 0.4679
vn 0.9646 0.0224 0.2628
vn 0.8236 0.4336 0.3656
vn 0.7528 0.1682 0.6364
vn 0.7582 0.6385 0.1320
vn 0.7475 0.6640 0.0180
vn 0.6490 0.7405 0.1748
vn 0.5875 0.8092 -0.0069
vn 0.7214 0.4498 0.5265
vn 0.6463 0.1785 0.7419
vn 0.3987 0.9166 0.0304
vn 0.3615 0.9303 -0.0619
vn -0.8318 0.5486 -0.0842
vn -0.7549 0.5347 0.3799
vn -0.6168 0.6890 0.3805
vn 0.6366 0.5890 0.4978
vn 0.2126 0.7491 0.6274
vn 0.6457 0.3058 0.6997
vn 0.5290 0.4563 0.7155
vn -0.3971 -0.1517 0.9051
vn -0.6078 -0.1348 0.7826
vn -0.2155 -0.6653 0.7148
vn 0.1190 -0.6035 0.7884
vn 0.2614 -0.8551 0.4477
vn 0.3850 -0.8308 0.4019
vn 0.1317 -0.2101 0.9688
vn 0.2162 -0.1232 0.9685
vn 0.3495 -0.1299 0.9279
vn 0.1783 -0.2083 0.9617
vn 0.3937 -0.3003 0.8688
vn 0.0834 -0.3859 0.9188
vn -0.0737 -0.4952 0.8656
vn 0.8188 -0.0699 0.5698
vn 0.3744 -0.4646 0.8025
vn -0.4847 -0.5818 0.6531
vn 0.8139 0.0109 0.5809
vn 0.8363 -0.2205 0.5020
vn 0.2602 -0.6158 0.7437
vn 0.4172 -0.6602 0.6245
vn 0.8265 -0.2478 0.5055
vn 0.8682 -0.3008 0.3946
vn 0.7344 -0.5204 0.4357
vn 0.4478 -0.6492 0.6148
vn 0.4646 -0.6457 0.6059
vn 0.9302 0.0677 -0.3607
vn 0.9238 0.0657 -0.3772
vn 0.6137 -0.2469 0.7499
vn 0.7133 -0.2266 0.6632
vn 0.7661 -0.0609 0.6398
vn 0.8944 -0.0559 0.4438
vn 0.8087 -0.2077 0.5504
vn 0.9760 0.0386 0.2142
vn 0.8922 0.0902 0.4425
vn 0.9628 -0.0484 0.2658
vn 0.9961 0.0324 0.0820
vn -0.0168 -0.8200 0.5721
vn 0.1669 -0.8439 0.5099
vn 0.0998 -0.8388 0.5352
vn -0.1551 -0.7789 0.6076
vn -0.1613 -0.7766 0.6090
vn -0.5727 -0.5217 0.6323
vn -0.9495 -0.0804 0.3033
vn -0.8964 -0.1766 0.4066
vn -0.9470 -0.0925 0.3075
vn -0.9070 -0.1623 0.3887
vn -0.8315 -0.2114 0.5137
vn -0.9177 -0.0185 0.3969
vn -0.4261 0.8764 0.2245
vn -0.2520 0.9596 -0.1250
vn -0.7098 0.6341 0.3068
vn -0.0588 0.8994 -0.4331
vn -0.6786 0.5022 0.5360
vn -0.4273 0.5210 0.7389
vn -0.5987 0.2823 0.7495
vn -0.3178 0.1327 0.9388
vn -0.0314 -0.5517 0.8334
vn -0.2126 0.0678 0.9748
vn -0.0468 0.4918 0.8695
vn -0.1417 0.8479 0.5110
vn -0.3840 0.7664 0.5150
vn -0.7070 0.3778 0.5979
vn -0.3727 0.7112 0.5960
vn -0.6277 0.5108 0.5874
vn 0.3920 -0.5667 0.7247
vn 0.0100 -0.8805 0.4739
vn -0.5411 -0.5566 0.6304
vn -0.2718 -0.6545 0.7056
vn -0.2271 -0.5507 0.8032
vn -0.6085 -0.5750 0.5469
vn -0.7063 -0.4764 0.5236
vn -0.6706 -0.5216 0.5274
vn -0.1233 -0.8805 0.4577
vn -0.1011 -0.9481 0.3015
vn -0.1773 -0.9359 0.3044
vn -0.2892 -0.8488 0.4425
vn -0.1658 -0.7553 0.6341
vn -0.2983 -0.7969 0.5253
vn 0.1526 -0.4961 0.8548
vn -0.2078 -0.7589 0.6172
vn 0.7168 0.3379 0.6099
vn 0.4122 0.2033 0.8881
vn 0.7329 0.4571 0.5039
vn 0.5870 0.5610 0.5837
vn 0.1596 0.7852 0.5983
vn 0.7004 0.6740 0.2349
vn 0.7830 0.5880 0.2027
vn 0.5308 0.8446 -0.0696
vn 0.2190 0.9523 -0.2126
vn 0.3073 0.9510 -0.0347
vn 0.0593 0.9937 0.0946
vn 0.0772 0.9689 -0.2351
vn -0.0807 0.9562 0.2813
vn 0.1175 0.9568 -0.2660
vn 0.0123 0.9826 0.1852
vn 0.5027 0.8008 -0.3256
vn 0.3318 0.9395 0.0854
vn 0.5914 0.7370 -0.3272
vn 0.0570 0.9586 0.2789
vn 0.5994 0.7585 -0.2559
vn -0.8716 0.4534 0.1863
vn -0.4270 -0.4154 -0.8032
vn 0.0428 -0.3741 -0.9264
vn 0.0540 -0.3693 -0.9277
vn -0.5050 -0.4111 -0.7590
vn 0.0554 -0.1596 -0.9856
vn -0.9833 -0.1510 0.1019
vn -0.5961 0.0263 -0.8025
vn -0.9832 -0.1733 0.0575
vn -0.9829 -0.1780 0.0479
vn -0.1355 0.3097 -0.9411
vn 0.1732 0.0584 -0.9832
vn -0.0059 0.6815 -0.7318
vn -0.2394 0.7498 -0.6168
vn 0.6581 0.2245 -0.7187
vn 0.6611 0.1688 -0.7310
vn 0.6500 0.0106 -0.7599
vn 0.6088 0.3715 -0.7009
vn 0.6162 0.3659 -0.6974
vn 0.6395 0.3479 -0.6855
vn 0.1074 -0.0196 -0.9940
vn 0.1529 -0.0653 -0.9861
vn 0.1715 -0.0035 -0.9852
vn 0.2095 -0.0762 -0.9748
vn 0.6664 0.2621 -0.6980
vn 0.6664 0.2622 -0.6980
vn 0.5252 -0.8184 0.2333
vn 0.5398 -0.8071 0.2391
vn 0.5719 -0.7808 0.2516
vn 0.6369 -0.7196 0.2766
vn -0.5386 -0.3632 -0.7603
vn -0.9580 0.0466 -0.2828
vn -0.9536 0.1561 -0.2573
vn -0.6917 0.2583 0.6744
vn -0.7684 0.1927 0.6102
vn -0.0959 -0.1095 0.9894
vn -0.2283 0.2066 0.9514
vn -0.2959 -0.9069 0.2999
vn -0.9580 0.0465 -0.2828
vn 0.2253 -0.9621 0.1539
vn 0.1415 0.1266 0.9818
vn -0.5427 0.3099 0.7807
vn 0.1382 -0.0318 0.9899
vn -0.6602 -0.2019 -0.7235
vn -0.9941 0.1073 -0.0156
vn -0.9627 0.2470 -0.1105
vn -0.6524 0.1970 0.7318
vn -0.0691 -0.9812 0.1801
vn 0.3541 -0.9130 -0.2027
vn -0.6602 -0.2018 -0.7235
vn -0.0000 0.9832 0.1823
vn -0.0621 0.9871 0.1476
vn -0.2848 -0.1541 0.9461
vn 0.0001 -0.1868 0.9824
vn 0.0000 -0.3089 0.9511
vn -0.3766 -0.2414 0.8943
vn -0.5316 0.0732 0.8438
vn 0.2380 0.9527 0.1890
vn -0.8242 0.0066 0.5662
vn 0.7617 0.6475 -0.0245
vn -0.6325 0.1769 0.7541
vn -0.6258 0.6133 0.4819
vn -0.6019 0.6660 0.4407
vn -0.9374 0.0879 0.3369
vn -0.1942 0.9029 0.3834
vn 0.8020 0.5894 0.0974
vn 0.9580 0.0466 -0.2828
vn 0.5386 -0.3632 -0.7603
vn 0.9536 0.1561 -0.2573
vn 0.6487 0.0122 -0.7609
vn 0.7684 0.1927 0.6102
vn 0.6917 0.2582 0.6745
vn 0.0960 -0.1095 0.9893
vn 0.6788 0.2882 0.6754
vn 0.2283 0.2066 0.9514
vn 0.2959 -0.9069 0.2999
vn 0.9580 0.0465 -0.2828
vn -0.2253 -0.9621 0.1539
vn -0.1415 0.1266 0.9818
vn 0.5427 0.3099 0.7807
vn 0.4547 0.3072 0.8359
vn 0.6602 -0.2019 -0.7235
vn 0.6936 0.0208 -0.7200
vn 0.9627 0.2470 -0.1105
vn 0.9941 0.1073 -0.0156
vn 0.6524 0.1970 0.7318
vn -0.1382 -0.0318 0.9899
vn 0.0691 -0.9812 0.1801
vn -0.3541 -0.9130 -0.2027
vn 0.6602 -0.2018 -0.7235
vn -0.9311 -0.0513 0.3610
vn -0.8861 -0.3130 0.3418
vn -0.8471 -0.0686 0.5269
vn -0.8926 0.2094 0.3994
vn -0.7456 -0.4040 0.5300
vn -0.3290 -0.7034 0.6301
vn -0.7377 0.2685 0.6194
vn -0.3075 0.5163 0.7993
vn -0.5458 0.2110 0.8109
vn -0.2595 0.4470 0.8561
vn 0.1248 0.5185 0.8459
vn -0.5628 -0.3738 0.7372
vn -0.6256 -0.0932 0.7745
vn -0.0869 -0.0695 0.9938
vn 0.0759 0.4463 0.8917
vn -0.4546 -0.5105 0.7299
vn 0.3226 0.2082 0.9234
vn -0.1046 -0.6994 0.7071
vn -0.0163 -0.6992 0.7147
vn 0.1747 -0.7070 0.6852
vn 0.2609 -0.5185 0.8143
vn 0.5922 -0.4286 0.6823
vn 0.8049 -0.3393 0.4868
vn 0.3481 -0.3755 0.8590
vn 0.3975 -0.0961 0.9126
vn 0.7057 -0.0693 0.7051
vn 0.8514 -0.0473 0.5223
vn 0.7978 0.2441 0.5513
vn 0.5674 0.2898 0.7708
vn 0.2848 -0.1541 0.9461
vn 0.0621 0.9871 0.1475
vn 0.3766 -0.2414 0.8943
vn 0.5316 0.0732 0.8438
vn -0.2381 0.9527 0.1889
vn 0.8242 0.0066 0.5662
vn -0.7617 0.6475 -0.0245
vn 0.6325 0.1769 0.7541
vn 0.6259 0.6132 0.4819
vn 0.6018 0.6660 0.4407
vn 0.9374 0.0879 0.3369
vn 0.1942 0.9029 0.3835
vn -0.8020 0.5894 0.0974
vn 0.8861 -0.3130 0.3418
vn 0.9311 -0.0513 0.3610
vn 0.8471 -0.0686 0.5269
vn 0.8926 0.2094 0.3994
vn 0.7455 -0.4040 0.5301
vn 0.3290 -0.7034 0.6301
vn 0.7377 0.2685 0.6194
vn 0.3075 0.5163 0.7993
vn 0.5458 0.2109 0.8109
vn 0.2595 0.4470 0.8561
vn -0.1248 0.5185 0.8459
vn 0.5628 -0.3738 0.7372
vn 0.6256 -0.0932 0.7745
vn 0.0869 -0.0695 0.9938
vn -0.0759 0.4463 0.8917
vn 0.4546 -0.5105 0.7299
vn -0.3226 0.2082 0.9234
vn 0.1046 -0.6994 0.7070
vn 0.0163 -0.6992 0.7147
vn -0.1748 -0.7070 0.6852
vn -0.2609 -0.5185 0.8143
vn -0.5922 -0.4286 0.6823
vn -0.8049 -0.3393 0.4868
vn -0.3481 -0.3756 0.8589
vn -0.3975 -0.0961 0.9125
vn -0.7057 -0.0693 0.7051
vn -0.8514 -0.0473 0.5223
vn -0.7978 0.2441 0.5513
vn -0.5674 0.2898 0.7708
vn 0.7409 -0.6613 -0.1177
vn 0.1982 -0.9110 -0.3617
vn 0.5590 -0.8120 -0.1680
vn 0.0020 -0.9975 0.0706
vn -0.0013 -0.9994 0.0346
vn -0.0015 -0.9995 0.0311
vn 0.8389 -0.0415 0.5427
vn 0.7761 -0.2170 0.5920
vn 0.4217 0.2658 0.8669
vn 0.8004 -0.0012 0.5994
vn 0.9438 -0.1020 0.3145
vn 0.9864 -0.1587 0.0427
vn 0.9731 -0.1819 0.1417
vn 0.9305 -0.0680 0.3600
vn 0.7039 -0.3888 -0.5944
vn 0.9041 -0.3438 -0.2536
vn 0.9667 -0.2167 -0.1363
vn 0.4196 -0.4205 -0.8045
vn 0.8414 -0.3435 -0.4172
vn 0.2747 -0.3314 -0.9026
vn 0.0000 0.1166 0.9932
vn 0.0000 -0.4024 0.9155
vn 0.2463 0.1016 0.9639
vn 0.2851 -0.3583 0.8890
vn -0.0000 -0.3863 0.9224
vn 0.3667 -0.2819 0.8866
vn 0.5281 -0.2681 0.8057
vn -0.0000 -0.3043 0.9526
vn 0.5442 -0.2895 0.7874
vn 0.4841 0.1692 0.8585
vn 0.1996 -0.3096 0.9297
vn 0.3324 -0.7847 0.5232
vn 0.5271 -0.4429 0.7253
vn 0.4591 -0.1781 0.8703
vn 0.5608 -0.3547 0.7482
vn 0.6703 -0.7404 0.0504
vn 0.7352 -0.6741 -0.0705
vn 0.7111 -0.4400 0.5484
vn 0.8143 -0.5733 0.0903
vn 0.8580 -0.4318 0.2783
vn 0.7580 -0.6513 -0.0346
vn 0.8198 -0.5534 -0.1472
vn 0.7960 -0.5705 -0.2022
vn 0.8196 -0.4963 -0.2863
vn 0.8860 -0.4635 0.0147
vn -0.0296 -0.7745 -0.6318
vn 0.4909 -0.4857 0.7233
vn 0.9272 -0.3145 0.2034
vn 0.9127 -0.4086 -0.0006
vn 0.8606 -0.0707 0.5044
vn 0.8272 -0.1450 0.5429
vn 0.7099 -0.3118 0.6315
vn 0.4714 -0.4014 0.7852
vn 0.4626 -0.4454 0.7666
vn 0.6214 -0.1836 0.7617
vn 0.3967 -0.6878 0.6080
vn 0.1318 -0.6403 0.7567
vn 0.3096 -0.9350 0.1730
vn 0.4882 -0.5753 0.6563
vn 0.4587 -0.2795 0.8435
vn 0.4673 -0.4194 0.7783
vn 0.3123 -0.8404 0.4429
vn 0.4809 -0.0837 0.8728
vn 0.1673 -0.7366 0.6553
vn 0.2176 -0.3056 0.9270
vn 0.0000 -0.4719 0.8817
vn 0.0000 -0.7593 0.6507
vn -0.0000 0.0389 0.9992
vn 0.3647 -0.3342 0.8691
vn 0.2651 0.0198 0.9640
vn 0.0000 -0.3718 0.9283
vn 0.4382 0.0335 0.8983
vn 0.4941 -0.1254 0.8603
vn 0.4393 0.0213 0.8981
vn 0.3328 -0.2851 0.8989
vn 0.0000 -0.1040 0.9946
vn 0.5677 0.2979 0.7674
vn 0.7471 0.4050 0.5271
vn 0.7749 0.2992 0.5568
vn 0.5415 -0.7760 0.3234
vn 0.2892 -0.8254 0.4849
vn -0.0000 -0.2129 0.9771
vn 0.4331 -0.0493 0.9000
vn 0.3089 -0.7439 0.5927
vn 0.5259 -0.2848 0.8014
vn 0.2172 -0.6971 0.6833
vn 0.6906 -0.5314 0.4906
vn 0.8661 0.1235 0.4845
vn 0.9494 0.0414 0.3114
vn 0.7881 0.5522 0.2721
vn 0.4173 0.1994 0.8866
vn 0.3401 0.1495 0.9284
vn 0.6732 0.2447 0.6978
vn 0.3517 0.3492 0.8685
vn 0.2620 0.3422 0.9024
vn 0.3159 0.3057 0.8982
vn 0.4511 0.2196 0.8650
vn 0.4264 0.2696 0.8634
vn 0.7100 0.1102 0.6955
vn 0.3233 0.4809 0.8150
vn 0.5688 0.2103 0.7951
vn 0.7934 0.0549 0.6062
vn 0.6568 -0.2395 0.7151
vn 0.1997 -0.1525 0.9679
vn 0.6159 -0.4370 0.6555
vn 0.4618 0.3674 0.8074
vn 0.2642 0.2824 0.9222
vn 0.4979 0.2809 0.8205
vn -0.0110 0.9082 0.4184
vn -0.0770 0.8879 0.4535
vn 0.0513 0.9191 0.3908
vn -0.4441 -0.6832 0.5797
vn -0.3911 -0.8338 0.3896
vn 0.1321 0.3317 0.9341
vn 0.0773 0.9226 0.3779
vn -0.3099 -0.8426 0.4405
vn -0.3150 -0.8972 0.3096
vn -0.0313 0.4501 0.8924
vn 0.0334 0.9194 0.3919
vn 0.8034 -0.3713 0.4654
vn 0.7843 0.2863 0.5504
vn 0.5567 -0.5063 0.6586
vn 0.5829 -0.7858 0.2068
vn 0.6054 -0.7957 -0.0172
vn 0.8858 -0.4129 0.2118
vn 0.3636 -0.9196 0.1485
vn 0.3904 -0.9126 -0.1213
vn 0.3082 -0.8488 0.4295
vn 0.0701 -0.9868 0.1458
vn 0.0843 -0.9959 -0.0315
vn -0.1582 -0.9664 0.2026
vn 0.3359 -0.7859 0.5191
vn -0.2035 -0.9716 0.1207
vn -0.3208 -0.9086 0.2673
vn 0.3599 -0.6520 0.6674
vn 0.2810 -0.7334 0.6190
vn 0.2841 -0.6903 0.6654
vn 0.6877 -0.2188 0.6922
vn 0.4888 -0.4813 0.7276
vn 0.4610 0.0571 0.8855
vn 0.2507 -0.1664 0.9537
vn 0.6999 0.0944 0.7080
vn -0.0000 0.0079 1.0000
vn 0.1525 -0.2132 0.9650
vn 0.1658 0.0361 0.9855
vn 0.8805 -0.0026 0.4741
vn -0.8744 -0.4618 -0.1490
vn -0.8129 -0.2638 0.5193
vn -0.7922 -0.5969 -0.1272
vn -0.4505 -0.4176 -0.7891
vn -0.8657 -0.4733 -0.1629
vn -0.8422 -0.2848 0.4578
vn -0.2840 -0.6907 -0.6651
vn -0.3431 -0.9214 -0.1823
vn -0.4404 -0.8801 -0.1773
vn -0.4015 -0.8728 -0.2776
vn -0.5711 -0.6521 0.4987
vn -0.2047 -0.8674 0.4536
vn -0.4876 -0.8719 -0.0444
vn -0.4869 -0.8718 -0.0537
vn -0.6228 -0.6079 0.4925
vn -0.6803 -0.5970 0.4252
vn -0.6204 -0.6759 -0.3978
vn -0.3440 -0.4176 -0.8410
vn 0.0052 -0.1662 -0.9861
vn -0.1002 -0.2557 -0.9615
vn -0.7779 -0.6210 -0.0954
vn 0.1774 -0.3076 -0.9348
vn 0.1442 -0.1118 -0.9832
vn 0.0478 -0.7257 -0.6863
vn -0.9146 -0.4025 -0.0380
vn -0.9087 -0.4095 -0.0816
vn 0.6441 0.3563 -0.6769
vn 0.6940 0.1200 -0.7100
vn 0.7299 0.5128 -0.4521
vn 0.8454 0.5329 0.0359
vn 0.9369 0.3434 0.0664
vn 0.4210 0.2218 0.8795
vn 0.4990 0.3843 0.7767
vn 0.4185 0.2592 -0.8705
vn 0.6884 0.6159 -0.3832
vn 0.7605 0.5691 -0.3128
vn 0.1227 0.7845 0.6079
vn 0.1966 0.7777 0.5971
vn -0.4701 0.6298 0.6183
vn 0.3500 0.8191 0.4546
vn 0.4985 0.8350 0.2329
vn -0.3982 0.6243 0.6721
vn 0.0049 0.6469 0.7626
vn -0.9694 -0.0532 0.2397
vn -0.5831 0.3555 0.7305
vn -0.9444 0.1228 0.3052
vn -0.2788 0.5999 0.7500
vn -0.9445 -0.0424 0.3257
vn -0.9704 -0.2411 -0.0147
vn -0.9577 -0.2783 -0.0729
vn -0.9528 -0.0322 0.3019
vn -0.9444 -0.2589 -0.2027
vn -0.4929 0.2991 0.8171
vn 0.0531 0.3943 0.9174
vn -0.4205 0.3669 0.8298
vn 0.4667 0.4307 0.7725
vn 0.8622 0.2843 0.4193
vn 0.7909 0.2409 0.5625
vn 0.3464 0.4096 0.8440
vn 0.3415 -0.0551 0.9383
vn 0.1412 0.3491 0.9264
vn 0.0633 0.6369 0.7684
vn -0.0228 0.2779 0.9603
vn 0.4129 0.7893 0.4544
vn -0.2831 0.1923 0.9396
vn -0.5067 -0.0485 0.8607
vn 0.0132 0.6319 0.7749
vn 0.3793 0.7707 0.5121
vn 0.4304 -0.1551 -0.8892
vn 0.5450 0.6374 0.5447
vn -0.1394 0.2234 0.9647
vn 0.8692 0.4377 -0.2299
vn 0.6818 0.4689 0.5615
vn 0.9070 0.3039 -0.2917
vn 0.9388 0.3423 0.0392
vn 0.1819 0.2692 0.9458
vn -0.5902 -0.6138 -0.5243
vn -0.2161 -0.6213 -0.7531
vn 0.3062 -0.5921 -0.7454
vn 0.7894 -0.3698 -0.4899
vn 0.8704 -0.4570 -0.1832
vn 0.9067 -0.3901 -0.1603
vn 0.9209 -0.3797 -0.0878
vn 0.8511 -0.4674 0.2389
vn 0.9326 -0.2556 0.2546
vn 0.9645 0.1573 0.2121
vn 0.9679 0.1552 0.1976
vn 0.8604 0.0897 0.5017
vn 0.9514 0.1848 -0.2462
vn 0.9402 0.2326 -0.2490
vn 0.9639 0.1436 0.2242
vn 0.8129 0.1274 0.5683
vn 0.7804 0.1289 0.6119
vn 0.5586 0.0187 0.8292
vn 0.4292 0.0769 0.8999
vn 0.1499 -0.1210 0.9813
vn 0.9611 0.1085 -0.2540
vn 0.9782 0.0747 0.1935
vn 0.7785 0.0708 0.6236
vn 0.3286 0.0265 0.9441
vn -0.2612 -0.0411 0.9644
vn 0.7730 0.0536 -0.6321
vn 0.4005 -0.0813 -0.9127
vn 0.4216 0.2300 -0.8771
vn 0.7814 -0.0432 0.6226
vn 0.7046 -0.0463 -0.7081
vn 0.2963 -0.2550 -0.9204
vn -0.8549 -0.2297 0.4652
vn -0.8483 -0.2196 0.4819
vn -0.9805 -0.1867 -0.0618
vn -0.9852 -0.1616 -0.0564
vn -0.3854 -0.1803 0.9050
vn -0.4575 -0.2350 0.8576
vn -0.4096 -0.2318 0.8823
vn -0.8437 -0.2657 0.4665
vn -0.9837 -0.1760 -0.0358
vn -0.9783 -0.2012 -0.0495
vn 0.1456 -0.1828 0.9723
vn 0.1151 -0.1186 0.9862
vn -0.5399 -0.2443 0.8055
vn -0.8386 -0.2845 0.4646
vn -0.9998 -0.0188 0.0060
vn -0.5370 -0.2956 0.7901
vn 0.7251 -0.1315 0.6760
vn 0.9869 -0.0211 0.1597
vn 0.9516 0.0356 -0.3054
vn -0.7823 -0.1425 -0.6063
vn -0.8062 -0.1132 -0.5808
vn -0.9805 -0.1867 -0.0617
vn -0.8043 -0.1015 -0.5855
vn -0.8165 -0.0398 -0.5760
vn -0.9998 -0.0187 0.0060
vn -0.8290 0.1752 -0.5312
vn -0.9943 0.0719 0.0788
vn -0.3511 0.1587 -0.9228
vn -0.3684 0.3096 -0.8766
vn 0.9251 0.1420 -0.3522
vn 0.3310 0.2594 -0.9073
vn 0.3357 0.3475 -0.8755
vn 0.7387 -0.0573 0.6716
vn 0.9805 -0.0184 0.1955
vn 0.7594 -0.1245 0.6386
vn 0.1294 -0.2540 0.9585
vn 0.7753 -0.1595 0.6111
vn 0.9814 0.0586 0.1828
vn 0.0566 -0.3560 0.9328
vn -0.5398 -0.3082 0.7833
vn -0.0591 -0.2053 0.9769
vn -0.8856 -0.1565 0.4373
vn -0.7376 -0.0901 0.6692
vn 0.8865 0.2400 -0.3956
vn 0.8786 0.2075 -0.4301
vn 0.3423 0.2692 -0.9002
vn 0.9799 0.0621 0.1896
vn -0.2918 0.2461 -0.9243
vn -0.7806 0.1961 -0.5935
vn -0.2062 0.0553 -0.9770
vn -0.9758 0.0098 -0.2186
vn 0.8553 0.0404 -0.5166
vn 0.9959 0.0821 0.0381
vn -0.2767 0.0598 0.9591
vn -0.8979 0.0247 0.4395
vn -0.9758 0.0098 -0.2185
vn -0.9758 0.0097 -0.2185
vn -0.4935 0.0235 -0.8695
vn 0.9424 0.2900 -0.1667
vn 0.7900 0.5297 0.3088
vn 0.9284 0.3373 -0.1562
vn 0.9326 0.3275 -0.1517
vn 0.9789 0.1972 -0.0532
vn 0.9844 0.1178 0.1310
vn 0.9599 0.2450 0.1365
vn 0.0850 0.6551 0.7508
vn -0.2767 0.0597 0.9591
vn 0.7257 0.6771 0.1218
vn 0.0595 0.8428 0.5349
vn 0.6077 0.7646 0.2148
vn -0.7195 0.3190 0.6169
vn -0.7525 0.4698 0.4616
vn -0.9252 0.2302 0.3016
vn -0.9736 0.1891 0.1275
vn -0.9959 0.0288 0.0859
vn -0.9505 0.0544 0.3058
vn 0.0635 0.9533 0.2953
vn 0.0419 0.8972 0.4396
vn -0.6656 0.6652 0.3383
vn -0.8152 0.2255 0.5335
vn -0.4972 0.7652 0.4090
vn 0.6583 0.7345 0.1647
vn 0.0481 0.9720 0.2300
vn 0.5635 0.7071 0.4272
vn 0.1441 -0.8783 0.4559
vn 0.0401 0.9335 0.3562
vn 0.0371 0.9179 0.3951
vn 0.0184 0.9398 0.3412
vn 0.0771 0.9223 0.3788
vn 0.0510 0.9191 0.3906
vn -0.0087 0.9084 0.4181
vn -0.0581 0.8720 0.4860
vn -0.0795 0.8499 0.5209
vn -0.8814 -0.0882 -0.4640
vn -0.6425 -0.3968 -0.6555
vn -0.5059 -0.3895 -0.7697
vn -0.0166 -0.9911 0.1319
vn -0.0168 -0.9911 0.1323
vn -0.0403 -0.9801 0.1941
vn -0.0025 -0.9973 0.0729
vn -0.0020 -0.9975 0.0706
vn 0.0013 -0.9994 0.0346
vn -0.8389 -0.0415 0.5427
vn -0.8004 -0.0012 0.5994
vn -0.4852 0.2483 0.8384
vn -0.9041 -0.3438 -0.2536
vn -0.9731 -0.1819 0.1417
vn -0.9764 -0.2158 0.0074
vn -0.9864 -0.1587 0.0427
vn -0.4196 -0.4205 -0.8045
vn -0.7039 -0.3888 -0.5944
vn -0.8414 -0.3435 -0.4172
vn 0.0298 -0.1776 -0.9836
vn -0.0027 -0.3023 -0.9532
vn -0.1461 -0.1553 -0.9770
vn -0.1059 0.0313 -0.9939
vn 0.0256 0.0128 -0.9996
vn -0.0000 -0.0118 -0.9999
vn -0.2463 0.1016 0.9639
vn -0.2851 -0.3584 0.8890
vn -0.4285 0.0901 0.8991
vn -0.3667 -0.2819 0.8866
vn -0.5281 -0.2682 0.8057
vn -0.5442 -0.2895 0.7874
vn -0.5271 -0.4429 0.7253
vn -0.7111 -0.4400 0.5484
vn -0.4909 -0.4857 0.7233
vn -0.8580 -0.4318 0.2783
vn -0.8143 -0.5734 0.0903
vn -0.7580 -0.6513 -0.0346
vn -0.7352 -0.6741 -0.0705
vn -0.8198 -0.5534 -0.1471
vn -0.7960 -0.5705 -0.2022
vn -0.8196 -0.4963 -0.2863
vn -0.8860 -0.4635 0.0147
vn -0.9272 -0.3145 0.2033
vn -0.8272 -0.1451 0.5429
vn -0.7099 -0.3118 0.6315
vn -0.8357 -0.2389 0.4944
vn -0.6568 -0.2395 0.7151
vn -0.7934 0.0549 0.6062
vn -0.1659 0.0361 0.9855
vn -0.2908 0.0864 0.9529
vn -0.1524 -0.2132 0.9650
vn -0.4331 -0.0493 0.9000
vn -0.5677 0.2979 0.7674
vn -0.7471 0.4050 0.5271
vn -0.6878 -0.2188 0.6922
vn -0.4610 0.0571 0.8855
vn -0.7749 0.2992 0.5568
vn -0.6159 -0.4370 0.6556
vn -0.5567 -0.5063 0.6586
vn -0.5415 -0.7760 0.3234
vn -0.2892 -0.8254 0.4849
vn 0.3099 -0.8426 0.4405
vn -0.3089 -0.7439 0.5927
vn -0.5259 -0.2848 0.8014
vn -0.2172 -0.6971 0.6833
vn -0.2651 0.0198 0.9640
vn -0.2176 -0.3056 0.9270
vn -0.1673 -0.7366 0.6553
vn -0.3647 -0.3343 0.8690
vn -0.4941 -0.1254 0.8603
vn -0.4393 0.0213 0.8981
vn -0.6906 -0.5314 0.4906
vn -0.4382 0.0335 0.8983
vn -0.4882 -0.5753 0.6563
vn -0.3236 -0.9039 0.2796
vn -0.3123 -0.8404 0.4429
vn -0.8661 0.1235 0.4845
vn -0.3967 -0.6878 0.6080
vn -0.3096 -0.9350 0.1730
vn -0.9494 0.0415 0.3114
vn -0.7881 0.5522 0.2721
vn -0.1996 -0.3095 0.9297
vn -0.1318 -0.6403 0.7567
vn -0.4173 0.1994 0.8866
vn -0.3401 0.1494 0.9284
vn -0.6732 0.2448 0.6978
vn -0.4714 -0.4015 0.7852
vn -0.4587 -0.2795 0.8435
vn -0.4626 -0.4454 0.7666
vn -0.6213 -0.1837 0.7617
vn -0.4809 -0.0837 0.8728
vn -0.3495 -0.0158 0.9368
vn -0.4264 0.2696 0.8634
vn -0.4511 0.2196 0.8650
vn -0.2620 0.3422 0.9024
vn -0.5688 0.2103 0.7951
vn -0.4618 0.3674 0.8074
vn -0.2642 0.2824 0.9222
vn -0.4979 0.2809 0.8205
vn -0.1997 -0.1525 0.9679
vn 0.0110 0.9082 0.4184
vn 0.0770 0.8879 0.4535
vn 0.4442 -0.6832 0.5796
vn -0.0513 0.9191 0.3908
vn -0.1321 0.3317 0.9341
vn -0.0775 0.9226 0.3779
vn 0.3208 -0.9086 0.2673
vn 0.0314 0.4501 0.8924
vn -0.3233 0.4809 0.8150
vn -0.0334 0.9194 0.3920
vn -0.7843 0.2863 0.5504
vn -0.6054 -0.7957 -0.0172
vn -0.8858 -0.4129 0.2118
vn -0.5090 -0.6631 0.5488
vn -0.3082 -0.8488 0.4295
vn -0.2841 -0.6903 0.6654
vn -0.3904 -0.9126 -0.1214
vn -0.2810 -0.7334 0.6190
vn -0.2507 -0.1664 0.9537
vn -0.0843 -0.9959 -0.0316
vn -0.3359 -0.7859 0.5191
vn -0.4888 -0.4813 0.7276
vn 0.2035 -0.9716 0.1207
vn -0.3599 -0.6520 0.6673
vn 0.7922 -0.5969 -0.1272
vn 0.2840 -0.6907 -0.6651
vn 0.1994 -0.6863 -0.6995
vn 0.4015 -0.8728 -0.2776
vn 0.5711 -0.6521 0.4987
vn 0.6228 -0.6079 0.4925
vn 0.4869 -0.8718 -0.0537
vn 0.6803 -0.5970 0.4252
vn 0.3440 -0.4176 -0.8410
vn 0.1506 -0.4998 -0.8530
vn 0.4192 -0.3964 -0.8168
vn -0.0052 -0.1662 -0.9861
vn 0.7780 -0.6210 -0.0954
vn 0.1002 -0.2557 -0.9615
vn -0.1774 -0.3076 -0.9348
vn -0.1442 -0.1118 -0.9832
vn -0.4185 0.2592 -0.8705
vn -0.3214 0.1286 -0.9382
vn 0.9146 -0.4025 -0.0380
vn 0.4665 -0.1374 0.8738
vn -0.6940 0.1200 -0.7100
vn -0.6442 0.3563 -0.6768
vn -0.7299 0.5128 -0.4521
vn -0.8454 0.5329 0.0359
vn -0.9369 0.3434 0.0664
vn -0.8701 0.1290 -0.4756
vn -0.7195 0.2263 0.6566
vn 0.4664 -0.1375 0.8738
vn 0.4132 -0.0833 0.9068
vn -0.4210 0.2218 0.8795
vn -0.4990 0.3843 0.7767
vn -0.7383 0.5030 0.4494
vn -0.6884 0.6159 -0.3832
vn -0.5462 0.4675 -0.6951
vn -0.1227 0.7845 0.6079
vn -0.1966 0.7777 0.5971
vn -0.5281 0.7848 0.3244
vn -0.4985 0.8350 0.2329
vn -0.3500 0.8191 0.4546
vn 0.3982 0.6243 0.6721
vn 0.4701 0.6298 0.6183
vn -0.0049 0.6469 0.7626
vn 0.5831 0.3555 0.7305
vn 0.9694 -0.0532 0.2396
vn 0.9444 0.1228 0.3052
vn 0.9445 -0.0424 0.3257
vn 0.9704 -0.2411 -0.0147
vn 0.9577 -0.2783 -0.0729
vn 0.9528 -0.0322 0.3020
vn 0.9444 -0.2589 -0.2027
vn 0.4929 0.2991 0.8171
vn -0.0531 0.3943 0.9174
vn 0.9810 -0.1203 0.1523
vn 0.4205 0.3669 0.8298
vn 0.3615 0.1581 0.9189
vn -0.8759 0.2558 0.4091
vn -0.4667 0.4307 0.7725
vn -0.8622 0.2843 0.4193
vn -0.3464 0.4096 0.8440
vn -0.1412 0.3491 0.9264
vn -0.3415 -0.0551 0.9383
vn -0.0633 0.6369 0.7684
vn 0.5067 -0.0485 0.8607
vn 0.2831 0.1923 0.9396
vn -0.0132 0.6319 0.7749
vn -0.4129 0.7893 0.4544
vn -0.3793 0.7707 0.5121
vn 0.7386 -0.3231 0.5917
vn 0.1394 0.2234 0.9647
vn 0.8153 -0.3628 0.4512
vn -0.5450 0.6374 0.5447
vn -0.1819 0.2692 0.9458
vn 0.8152 -0.3392 0.4694
vn -0.3440 0.2267 0.9112
vn -0.9388 0.3423 0.0392
vn -0.4303 -0.1550 -0.8893
vn -0.3062 -0.5921 -0.7454
vn -0.0106 -0.8252 -0.5648
vn 0.2161 -0.6213 -0.7531
vn -0.7894 -0.3698 -0.4899
vn -0.7924 -0.4034 -0.4575
vn 0.1386 -0.3707 -0.9184
vn -0.8704 -0.4570 -0.1832
vn -0.9067 -0.3901 -0.1603
vn -0.8863 -0.2390 -0.3967
vn -0.9209 -0.3797 -0.0878
vn -0.9326 -0.2556 0.2546
vn -0.9645 0.1573 0.2121
vn -0.8129 0.1274 0.5683
vn -0.8604 0.0897 0.5017
vn -0.9514 0.1848 -0.2462
vn -0.9639 0.1436 0.2242
vn -0.7804 0.1289 0.6119
vn -0.4292 0.0769 0.8999
vn -0.5586 0.0187 0.8292
vn -0.7730 0.0536 -0.6321
vn -0.7341 0.2077 -0.6465
vn -0.4216 0.2300 -0.8771
vn -0.9611 0.1085 -0.2540
vn -0.9783 0.0746 0.1935
vn -0.7785 0.0708 0.6236
vn -0.3286 0.0265 0.9441
vn -0.1499 -0.1210 0.9813
vn 0.2612 -0.0411 0.9644
vn -0.7046 -0.0463 -0.7081
vn -0.4005 -0.0813 -0.9127
vn 0.8549 -0.2297 0.4652
vn 0.9852 -0.1616 -0.0564
vn 0.9805 -0.1867 -0.0618
vn 0.4575 -0.2350 0.8576
vn 0.8483 -0.2196 0.4819
vn 0.8437 -0.2657 0.4665
vn 0.9837 -0.1760 -0.0358
vn 0.9783 -0.2012 -0.0495
vn 0.4096 -0.2318 0.8823
vn -0.1456 -0.1828 0.9723
vn -0.1151 -0.1186 0.9862
vn 0.5399 -0.2443 0.8055
vn 0.8386 -0.2845 0.4646
vn 0.9998 -0.0188 0.0060
vn 0.5370 -0.2956 0.7901
vn -0.7251 -0.1315 0.6760
vn -0.9516 0.0356 -0.3054
vn -0.2963 -0.2550 -0.9204
vn 0.7434 -0.0860 -0.6633
vn 0.8062 -0.1132 -0.5808
vn 0.7823 -0.1424 -0.6064
vn 0.9805 -0.1867 -0.0617
vn 0.8043 -0.1015 -0.5855
vn 0.2498 -0.0257 -0.9680
vn 0.8165 -0.0398 -0.5760
vn 0.3511 0.1587 -0.9228
vn 0.8290 0.1751 -0.5312
vn 0.9943 0.0719 0.0788
vn 0.3684 0.3096 -0.8766
vn -0.9251 0.1420 -0.3522
vn -0.3988 0.0650 -0.9147
vn -0.3310 0.2594 -0.9073
vn -0.3357 0.3475 -0.8755
vn -0.7387 -0.0573 0.6716
vn -0.9805 -0.0184 0.1955
vn -0.7594 -0.1245 0.6386
vn -0.1294 -0.2540 0.9585
vn -0.7753 -0.1595 0.6111
vn -0.9814 0.0586 0.1828
vn -0.0566 -0.3560 0.9328
vn 0.5398 -0.3082 0.7833
vn 0.8856 -0.1565 0.4373
vn -0.8865 0.2400 -0.3956
vn -0.8786 0.2075 -0.4301
vn -0.3423 0.2692 -0.9002
vn -0.9799 0.0621 0.1896
vn 0.2918 0.2462 -0.9243
vn 0.7806 0.1961 -0.5935
vn 0.7911 0.0404 -0.6103
vn 0.9679 -0.2079 -0.1410
vn 0.4935 0.0235 -0.8694
vn 0.9758 0.0098 -0.2186
vn -0.9959 0.0821 0.0381
vn 0.9758 0.0098 -0.2185
vn 0.9758 0.0097 -0.2185
vn 0.4935 0.0235 -0.8695
vn -0.7900 0.5297 0.3088
vn -0.9634 0.1057 -0.2463
vn -0.9902 0.0616 -0.1253
vn -0.9326 0.3275 -0.1517
vn -0.9789 0.1972 -0.0532
vn -0.9844 0.1178 0.1310
vn -0.9599 0.2450 0.1365
vn -0.8277 0.0619 0.5577
vn -0.0850 0.6551 0.7508
vn -0.7029 0.6818 0.2024
vn -0.7257 0.6771 0.1218
vn 0.7195 0.3190 0.6169
vn -0.0595 0.8428 0.5349
vn 0.9252 0.2302 0.3016
vn 0.6656 0.6652 0.3383
vn 0.9505 0.0544 0.3058
vn 0.9959 0.0288 0.0859
vn 0.4972 0.7652 0.4090
vn 0.8152 0.2255 0.5335
vn -0.6583 0.7345 0.1647
vn -0.0634 0.9533 0.2953
vn -0.0481 0.9720 0.2300
vn 0.2751 0.6873 0.6723
vn 0.6425 -0.3968 -0.6555
vn 0.7494 -0.3386 -0.5690
vn 0.3532 -0.8308 0.4301
vn 0.3669 -0.8021 0.4712
vn 0.1916 -0.9004 0.3906
vn 0.1700 -0.6735 0.7194
vn -0.1729 -0.5955 0.7845
vn -0.3444 -0.9056 -0.2475
vn 0.2250 -0.8595 -0.4589
vn -0.3743 0.2567 -0.8911
vn -0.3505 0.2529 -0.9018
vn -0.0596 0.3303 -0.9420
vn -0.3966 0.3077 -0.8649
vn -0.5046 0.5659 -0.6520
vn -0.4017 0.2833 -0.8709
vn -0.7328 0.5560 -0.3921
vn -0.8318 0.5486 -0.0843
vn 0.0433 0.9856 0.1637
vn -0.0083 1.0000 0.0050
vn 0.0394 0.9124 0.4073
vn -0.3499 0.8081 0.4739
vn -0.7328 0.5560 -0.3922
vn -0.2089 0.7155 0.6667
vn 0.4133 0.8638 0.2883
vn -0.4085 0.5134 0.7546
vn -0.1062 0.5258 0.8439
vn -0.1728 -0.0468 0.9838
vn 0.0266 0.5652 0.8245
vn -0.9610 0.2484 0.1214
vn -0.8407 0.3648 0.4003
vn -0.7594 -0.2617 0.5956
vn -0.8123 -0.0316 0.5824
vn -0.8946 0.4367 0.0946
vn -0.8286 0.4903 -0.2703
vn -0.7384 0.6298 -0.2411
vn -0.8549 0.4848 0.1844
vn -0.6008 0.7618 -0.2423
vn -0.7420 0.3044 0.5973
vn -0.8080 -0.0611 0.5860
vn -0.8489 0.0471 0.5265
vn -0.4589 0.8877 -0.0371
vn -0.3167 0.8674 -0.3837
vn -0.0407 0.9452 -0.3239
vn -0.5826 0.3710 0.7231
vn -0.6650 0.1930 0.7214
vn -0.4029 -0.2985 0.8652
vn -0.3604 0.0441 0.9318
vn 0.0872 -0.4171 0.9047
vn 0.5478 -0.6004 0.5826
vn 0.5733 -0.4837 0.6613
vn -0.1725 -0.4519 0.8752
vn -0.3698 -0.4896 0.7896
vn 0.1731 0.0583 -0.9832
vn 0.4702 -0.1555 -0.8687
vn 0.0495 -0.7320 -0.6795
vn 0.0825 -0.8343 -0.5451
vn -0.0181 -0.9070 -0.4207
vn -0.3108 -0.9131 -0.2637
vn -0.3223 -0.9010 -0.2905
vn -0.2751 -0.9399 -0.2020
vn -0.2247 -0.9246 -0.3075
vn -0.5534 0.7926 -0.2559
vn -0.5535 0.7926 -0.2558
vn -0.7384 0.6298 -0.2412
vn 0.6620 -0.3087 -0.6830
vn 0.7192 -0.0160 -0.6947
vn 0.5779 -0.3529 -0.7359
vn 0.6796 0.0247 -0.7331
vn 0.6075 -0.1786 -0.7740
vn 0.6758 0.2388 -0.6973
vn 0.0821 -0.2772 -0.9573
vn 0.2956 -0.2035 -0.9334
vn -0.1150 -0.9666 -0.2288
vn -0.4671 -0.8818 -0.0647
vn 0.5778 -0.3529 -0.7359
vn 0.0566 -0.7526 -0.6560
vn -0.9261 0.1806 -0.3313
vn -0.8064 0.1424 -0.5740
vn -0.6487 0.0122 -0.7609
vn -0.7899 0.5728 0.2188
vn -0.7483 0.3344 -0.5729
vn -0.8915 0.3510 0.2866
vn -0.2838 0.4426 0.8506
vn -0.6304 0.5246 0.5723
vn -0.8192 0.5626 -0.1109
vn -0.8044 0.4638 -0.3712
vn -0.7197 0.6896 -0.0808
vn -0.8498 0.4510 -0.2727
vn -0.7639 0.5964 0.2465
vn -0.7078 0.5829 0.3991
vn 0.0510 0.3227 0.9451
vn -0.3310 0.4317 0.8391
vn -0.8217 0.3329 -0.4625
vn -0.8286 0.3946 0.3972
vn -0.1014 0.2629 0.9595
vn -0.9406 0.2408 -0.2393
vn -0.8577 0.2066 -0.4708
vn -0.6936 0.0208 -0.7200
vn -0.4547 0.3072 0.8359
vn 0.9261 0.1806 -0.3313
vn 0.8915 0.3510 0.2866
vn 0.7899 0.5728 0.2188
vn 0.7483 0.3344 -0.5729
vn 0.8044 0.4638 -0.3713
vn 0.6304 0.5246 0.5723
vn 0.8192 0.5626 -0.1109
vn 0.8498 0.4510 -0.2727
vn 0.7639 0.5964 0.2465
vn 0.7197 0.6896 -0.0808
vn 0.6771 0.7265 -0.1171
vn 0.6713 0.7279 0.1393
vn 0.7078 0.5829 0.3991
vn 0.8565 0.5041 -0.1107
vn 0.3310 0.4317 0.8391
vn 0.8286 0.3946 0.3972
vn 0.8217 0.3329 -0.4625
vn 0.1014 0.2629 0.9595
vn 0.9406 0.2408 -0.2393
vn 0.1095 0.3772 0.9196
vn 0.1104 0.4417 0.8904
vn 0.0000 0.4559 0.8900
vn 0.0000 0.3791 0.9253
vn -0.0000 0.2650 0.9643
vn 0.2571 0.3463 0.9022
vn 0.2520 0.4134 0.8750
vn 0.0982 0.2710 0.9576
vn 0.0000 0.2579 0.9662
vn 0.3150 0.2156 0.9243
vn 0.2605 0.2382 0.9356
vn 0.4852 0.2483 0.8384
vn 0.9369 -0.2121 0.2777
vn 0.9736 -0.1017 0.2043
vn 0.9009 -0.3331 0.2783
vn 0.9874 -0.1270 0.0943
vn 0.4513 0.2461 0.8578
vn 0.9764 -0.2158 0.0074
vn 0.5296 0.1111 0.8409
vn 0.7389 0.0164 0.6736
vn 0.5869 0.1413 0.7973
vn 0.7957 0.0329 0.6049
vn 0.9794 -0.0849 0.1831
vn 0.8425 0.0488 0.5365
vn 0.6508 0.0959 0.7532
vn 0.7085 -0.0203 0.7054
vn 0.3094 0.1552 0.9382
vn 0.3367 0.0005 0.9416
vn -0.0000 0.0174 0.9998
vn 0.3565 -0.0089 0.9343
vn 0.9518 -0.0505 0.3026
vn 0.6980 0.0026 0.7161
vn 0.9519 0.0345 0.3043
vn 0.9478 0.0811 -0.3083
vn 0.9557 -0.1535 -0.2510
vn 0.6106 -0.2555 -0.7496
vn 0.5997 -0.3906 -0.6984
vn 0.6074 0.0969 -0.7885
vn 0.1975 -0.2423 -0.9499
vn 0.0000 0.1484 -0.9889
vn 0.0000 -0.2032 -0.9791
vn 0.2347 0.1141 -0.9653
vn 0.0000 -0.3365 -0.9417
vn 0.1252 -0.3665 -0.9219
vn 0.0781 -0.3512 -0.9331
vn -0.0000 -0.3093 -0.9510
vn 0.0027 -0.3023 -0.9532
vn -0.0000 -0.2868 -0.9580
vn -0.0000 -0.1985 -0.9801
vn 0.3229 -0.7302 -0.6021
vn -0.0299 -0.1777 -0.9836
vn 0.4806 -0.3535 -0.8025
vn 0.1461 -0.1553 -0.9770
vn 0.2346 0.2264 -0.9453
vn 0.1545 0.2586 -0.9535
vn 0.3001 0.5087 -0.8069
vn 0.4285 0.0901 0.8991
vn 0.5546 0.1372 0.8207
vn 0.5757 -0.2072 0.7910
vn 0.5431 0.1943 0.8169
vn 0.9160 -0.1606 0.3676
vn 0.9025 -0.0426 0.4285
vn 0.8357 -0.2389 0.4945
vn 0.8631 -0.0360 0.5038
vn 0.7533 -0.0817 0.6526
vn 0.3236 -0.9039 0.2796
vn 0.2258 -0.7579 0.6121
vn 0.5155 0.0612 0.8547
vn 0.4503 -0.1119 0.8859
vn 0.3495 -0.0158 0.9368
vn 0.6849 0.3168 0.6562
vn 0.7492 0.0766 0.6579
vn 0.6744 0.2710 0.6868
vn 0.7290 -0.6147 0.3010
vn 0.5090 -0.6631 0.5488
vn 0.2908 0.0864 0.9529
vn 0.0645 -0.9944 -0.0836
vn 0.0275 -0.9996 -0.0019
vn -0.1994 -0.6863 -0.6995
vn -0.1166 -0.6856 -0.7185
vn -0.9205 0.0278 -0.3898
vn -0.7495 -0.4963 -0.4381
vn -0.7717 -0.4521 -0.4472
vn -0.5187 -0.7663 -0.3791
vn -0.1506 -0.4998 -0.8530
vn -0.3378 -0.1750 0.9248
vn -0.6319 -0.7305 -0.2589
vn -0.4132 -0.0833 0.9068
vn 0.3214 0.1286 -0.9382
vn 0.2149 0.1394 -0.9667
vn 0.3696 0.1099 -0.9227
vn 0.0655 -0.0411 -0.9970
vn 0.5693 0.4175 -0.7082
vn 0.5470 0.4089 -0.7305
vn 0.5025 0.5206 -0.6903
vn 0.6407 0.7478 -0.1740
vn 0.6773 0.7274 -0.1103
vn 0.5375 0.8239 0.1796
vn -0.9094 0.3059 0.2818
vn -0.8681 0.2671 0.4183
vn -0.9988 -0.0474 0.0157
vn -0.9942 -0.0996 0.0402
vn -0.9869 -0.1592 0.0248
vn -0.7386 -0.3231 0.5917
vn -0.6061 -0.7655 -0.2161
vn -0.5211 -0.7530 -0.4018
vn 0.5563 -0.1652 -0.8144
vn -0.8153 -0.3628 0.4512
vn 0.4739 -0.2017 -0.8572
vn -0.6345 -0.6203 -0.4612
vn 0.3441 -0.2447 -0.9065
vn -0.3054 -0.7960 -0.5227
vn -0.4007 -0.8265 -0.3955
vn -0.3456 -0.8688 -0.3546
vn 0.0106 -0.8252 -0.5648
vn 0.7924 -0.4034 -0.4575
vn 0.5212 -0.5420 0.6592
vn -0.0000 -0.6203 0.7844
vn 0.0000 -0.4064 0.9137
vn -0.0000 -0.7845 0.6201
vn 0.4983 -0.7169 0.4876
vn 0.7311 -0.5943 0.3351
vn 0.8092 -0.3702 0.4562
vn 0.4638 -0.3375 0.8191
vn 0.8214 -0.1832 0.5401
vn 0.9731 -0.0846 0.2143
vn 0.9333 0.0307 -0.3578
vn 0.7553 0.1419 -0.6399
vn 0.0000 -0.1243 -0.9923
vn 0.4107 0.1893 -0.8919
vn 0.0149 -0.7955 0.6058
vn 0.2809 -0.3871 0.8782
vn -0.8616 -0.3545 0.3634
vn -0.3918 0.3207 0.8623
vn 0.5725 -0.2364 0.7851
vn -0.3523 -0.9232 -0.1535
vn -0.4885 -0.8725 -0.0129
vn -0.6535 -0.5275 0.5428
vn -0.6522 -0.6553 0.3810
vn -0.4597 0.1501 0.8753
vn -0.6009 -0.1434 0.7864
vn 0.6090 0.7622 0.2196
vn 0.2109 0.7211 0.6600
vn 0.4781 0.8614 0.1716
vn 0.4236 0.4230 -0.8010
vn 0.3002 0.5087 -0.8069
vn 0.3655 0.7740 -0.5171
vn 0.2346 0.2265 -0.9453
vn 0.6416 0.7480 0.1699
vn 0.5508 0.6177 0.5612
vn 0.5256 0.6223 0.5801
vn 0.6459 0.7407 0.1850
vn 0.5509 0.6300 -0.5474
vn 0.6020 0.5672 -0.5620
vn 0.4070 0.3865 -0.8277
vn 0.2838 0.1684 -0.9440
vn 0.6082 0.7806 0.1441
vn 0.6009 0.7051 -0.3765
vn 0.8064 0.5467 -0.2254
vn 0.6141 0.7583 0.2187
vn -0.3524 -0.9232 -0.1535
vn -0.4203 -0.8828 -0.2095
vn 0.0913 -0.8016 -0.5908
vn 0.7590 -0.6235 0.1876
vn 0.6500 -0.0295 -0.7594
vn 0.7921 0.5947 -0.1374
vn 0.5174 -0.8549 0.0383
vn -0.1209 -0.6600 -0.7415
vn -0.0000 -0.9906 0.1369
vn -0.0844 -0.9869 0.1374
vn 0.0000 -0.9146 0.4043
vn 0.1148 -0.8377 0.5339
vn 0.1721 -0.3557 0.9186
vn 0.0000 -0.4438 0.8961
vn 0.3862 -0.0980 0.9172
vn 0.1725 -0.1371 0.9754
vn 0.5878 -0.0298 0.8085
vn -0.7526 -0.0637 0.6554
vn -0.1045 -0.9605 -0.2580
vn 0.0000 -0.9835 -0.1807
vn 0.0000 -0.7469 -0.6649
vn 0.0776 -0.6194 -0.7812
vn -0.0878 -0.8043 -0.5877
vn -0.8016 -0.1110 0.5874
vn -0.9951 -0.0499 0.0853
vn -0.9959 -0.0896 -0.0117
vn -0.8172 -0.1748 0.5492
vn -0.9881 -0.1442 -0.0529
vn -0.4353 -0.0701 -0.8976
vn -0.7669 -0.0518 -0.6397
vn -0.8209 -0.0544 -0.5685
vn -0.9959 -0.0895 -0.0117
vn 0.7029 0.6818 0.2024
vn -0.6809 0.6378 0.3600
vn 0.7290 -0.6148 0.3010
vn 0.8035 -0.3713 0.4654
vn -0.3699 0.7200 -0.5871
vn -0.1095 0.3772 0.9196
vn -0.1104 0.4417 0.8904
vn -0.2571 0.3463 0.9022
vn -0.0982 0.2710 0.9576
vn -0.3150 0.2156 0.9243
vn -0.2520 0.4134 0.8750
vn -0.9736 -0.1017 0.2043
vn -0.9369 -0.2121 0.2777
vn -0.9009 -0.3331 0.2783
vn -0.9438 -0.1020 0.3145
vn -0.4513 0.2461 0.8578
vn -0.9874 -0.1270 0.0943
vn -0.5296 0.1111 0.8409
vn -0.7389 0.0164 0.6736
vn -0.9305 -0.0680 0.3600
vn -0.5869 0.1413 0.7973
vn -0.7957 0.0329 0.6049
vn -0.9794 -0.0849 0.1831
vn -0.8425 0.0488 0.5365
vn -0.6508 0.0959 0.7532
vn -0.3094 0.1552 0.9382
vn 0.0000 0.1922 0.9813
vn -0.2605 0.2382 0.9356
vn -0.7085 -0.0203 0.7054
vn -0.3367 0.0005 0.9416
vn -0.3565 -0.0089 0.9343
vn -0.9518 -0.0505 0.3026
vn -0.6980 0.0026 0.7161
vn -0.9519 0.0345 0.3043
vn -0.9557 -0.1535 -0.2510
vn -0.9478 0.0811 -0.3083
vn -0.6106 -0.2555 -0.7496
vn -0.6074 0.0969 -0.7885
vn -0.5997 -0.3906 -0.6984
vn -0.9667 -0.2167 -0.1363
vn -0.1975 -0.2423 -0.9499
vn -0.0000 0.2832 -0.9591
vn -0.1072 0.2757 -0.9552
vn -0.2347 0.1141 -0.9653
vn -0.1252 -0.3665 -0.9219
vn -0.0781 -0.3512 -0.9331
vn 0.0000 -0.2867 -0.9580
vn -0.2747 -0.3314 -0.9026
vn -0.4806 -0.3535 -0.8025
vn -0.3229 -0.7302 -0.6021
vn -0.2976 -0.1894 -0.9357
vn -0.2346 0.2264 -0.9453
vn -0.1545 0.2586 -0.9535
vn -0.1676 0.0135 -0.9858
vn -0.3001 0.5087 -0.8069
vn -0.5546 0.1372 0.8207
vn -0.5757 -0.2071 0.7910
vn -0.5431 0.1943 0.8169
vn -0.4591 -0.1781 0.8703
vn -0.4840 0.1692 0.8585
vn -0.5607 -0.3547 0.7482
vn -0.3324 -0.7847 0.5232
vn -0.9160 -0.1606 0.3677
vn -0.8631 -0.0360 0.5038
vn -0.7533 -0.0817 0.6526
vn -0.7100 0.1102 0.6955
vn 0.0000 0.0078 1.0000
vn -0.2258 -0.7579 0.6121
vn -0.4673 -0.4194 0.7783
vn -0.4503 -0.1119 0.8859
vn -0.3517 0.3492 0.8685
vn -0.5155 0.0612 0.8547
vn -0.7492 0.0766 0.6579
vn -0.3159 0.3057 0.8982
vn -0.6849 0.3168 0.6562
vn -0.8034 -0.3713 0.4654
vn -0.7290 -0.6147 0.3010
vn -0.0645 -0.9944 -0.0836
vn -0.0275 -0.9996 -0.0019
vn -0.6805 -0.7116 -0.1747
vn 0.1166 -0.6856 -0.7185
vn -0.5675 -0.8233 0.0140
vn -0.5076 -0.7533 0.4181
vn -0.1221 -0.9827 -0.1393
vn 0.2053 -0.9436 0.2598
vn 0.5187 -0.7663 -0.3791
vn 0.6319 -0.7305 -0.2589
vn 0.1507 -0.1093 0.9825
vn 0.3378 -0.1750 0.9248
vn 0.9087 -0.4095 -0.0816
vn -0.0480 -0.7260 -0.6860
vn -0.5470 0.4089 -0.7305
vn -0.2149 0.1394 -0.9667
vn -0.3696 0.1099 -0.9227
vn -0.5025 0.5206 -0.6903
vn 0.1301 0.1573 -0.9789
vn -0.5693 0.4175 -0.7082
vn -0.6430 0.7475 -0.1664
vn -0.6407 0.7478 -0.1740
vn 0.9094 0.3059 0.2818
vn 0.8681 0.2671 0.4183
vn 0.9988 -0.0474 0.0157
vn 0.2788 0.5999 0.7500
vn 0.9869 -0.1592 0.0248
vn -0.7909 0.2409 0.5625
vn 0.6061 -0.7655 -0.2161
vn 0.5211 -0.7530 -0.4018
vn -0.4739 -0.2017 -0.8572
vn 0.6345 -0.6203 -0.4612
vn -0.6818 0.4689 0.5615
vn -0.9070 0.3039 -0.2917
vn 0.3054 -0.7960 -0.5227
vn 0.3456 -0.8688 -0.3546
vn -0.4323 -0.1461 -0.8898
vn -0.7393 -0.1723 -0.6509
vn -0.5212 -0.5420 0.6592
vn -0.4638 -0.3375 0.8191
vn -0.4983 -0.7169 0.4876
vn -0.7311 -0.5943 0.3351
vn -0.8092 -0.3702 0.4562
vn -0.8511 -0.4674 0.2389
vn -0.9731 -0.0846 0.2143
vn -0.9333 0.0307 -0.3578
vn -0.7553 0.1419 -0.6399
vn -0.0148 -0.7955 0.6058
vn 0.0101 -0.9463 0.3232
vn 0.6987 -0.6956 -0.1671
vn -0.2809 -0.3871 0.8782
vn 0.8616 -0.3544 0.3634
vn -0.7590 -0.6235 0.1876
vn -0.8061 -0.3375 0.4861
vn -0.7921 0.5947 -0.1374
vn -0.6090 0.7622 0.2196
vn -0.4781 0.8614 0.1716
vn -0.2109 0.7211 0.6599
vn -0.4236 0.4230 -0.8010
vn -0.3002 0.5087 -0.8069
vn -0.2346 0.2265 -0.9453
vn -0.6416 0.7480 0.1699
vn -0.5508 0.6177 0.5612
vn -0.6459 0.7407 0.1850
vn -0.6082 0.7806 0.1441
vn -0.5256 0.6223 0.5801
vn -0.6141 0.7583 0.2187
vn -0.8064 0.5467 -0.2254
vn -0.6786 0.6825 -0.2714
vn 0.0844 -0.9869 0.1374
vn -0.1148 -0.8377 0.5339
vn -0.1721 -0.3557 0.9186
vn -0.5878 -0.0298 0.8085
vn -0.9402 0.2326 -0.2490
vn -0.7041 0.3219 -0.6329
vn 0.7526 -0.0637 0.6554
vn 0.3488 -0.1047 0.9313
vn 0.1045 -0.9605 -0.2580
vn -0.0776 -0.6194 -0.7812
vn 0.0878 -0.8043 -0.5877
vn 0.8016 -0.1110 0.5874
vn 0.9951 -0.0499 0.0853
vn 0.9959 -0.0896 -0.0117
vn 0.8172 -0.1748 0.5492
vn 0.9881 -0.1442 -0.0529
vn 0.3854 -0.1803 0.9050
vn 0.4353 -0.0701 -0.8976
vn 0.8209 -0.0544 -0.5685
vn 0.9959 -0.0895 -0.0117
vn -0.6077 0.7646 0.2148
vn 0.6809 0.6378 0.3600
vn -0.0419 0.8972 0.4396
vn 0.8814 -0.0882 -0.4640
vn -0.6055 0.2020 -0.7698
vn -0.6788 0.2882 0.6754
vn -0.4563 0.3020 0.8370
vn 0.8064 0.1424 -0.5740
vn 0.4563 0.3020 0.8370
vn 0.2838 0.4426 0.8506
vn 0.8577 0.2066 -0.4708
vn 0.6961 0.2548 0.6712
vn 0.4327 0.5530 0.7120
vn 0.3580 0.7957 0.4886
vn -0.4327 0.5530 0.7120
vn -0.6961 0.2548 0.6712
vn -0.3580 0.7957 0.4886
vn 0.3021 0.8624 0.4061
vn 0.2237 0.8801 0.4189
vn 0.2535 0.6429 0.7227
vn 0.2189 0.6556 0.7227
vn 0.2467 0.3637 0.8983
vn 0.2478 0.3247 0.9128
vn 0.3938 -0.4258 0.8146
vn 0.2517 0.7549 0.6056
vn 0.2302 0.8802 0.4150
vn 0.2857 0.4889 0.8242
vn 0.2599 0.6655 0.6996
vn 0.1266 0.5771 0.8068
vn 0.0538 0.4280 0.9022
vn 0.2364 0.4708 0.8500
vn -0.0433 0.5833 0.8111
vn 0.0000 0.3612 0.9325
vn -0.0000 0.4758 0.8796
vn 0.1063 0.4610 0.8810
vn 0.0000 -0.0026 1.0000
vn 0.3524 0.0444 0.9348
vn -0.0000 0.0358 0.9994
vn 0.6812 0.0635 0.7293
vn 0.8309 0.0628 0.5528
vn 0.9919 0.0941 0.0852
vn 0.9284 0.1713 -0.3297
vn 0.6158 0.2418 -0.7499
vn 0.3984 0.2634 -0.8786
vn 0.1072 0.2757 -0.9552
vn 0.1059 0.0313 -0.9939
vn -0.0256 0.0128 -0.9996
vn -0.0000 0.1678 -0.9858
vn 0.2976 -0.1894 -0.9357
vn 0.2011 -0.2225 -0.9540
vn 0.0039 0.1982 -0.9801
vn 0.0000 0.3248 -0.9458
vn 0.1676 0.0135 -0.9858
vn 0.1078 0.2403 -0.9647
vn 0.0274 0.3388 -0.9405
vn 0.0000 0.4309 -0.9024
vn 0.2268 0.5160 -0.8260
vn 0.1887 0.4704 -0.8621
vn 0.3264 0.7872 -0.5232
vn 0.3655 0.7739 -0.5171
vn 0.0829 0.4634 -0.8823
vn 0.2986 0.9528 0.0554
vn 0.3734 0.9272 -0.0299
vn 0.4002 0.9130 0.0797
vn 0.3580 0.7957 0.4885
vn 0.3784 0.7635 -0.5233
vn 0.1931 0.4950 -0.8472
vn -0.0000 0.4183 -0.9083
vn 0.4033 0.7172 -0.5683
vn 0.7645 0.6216 -0.1706
vn 0.5989 0.7890 0.1374
vn 0.8037 0.4456 0.3944
vn -0.6499 -0.7337 -0.1983
vn -0.1774 -0.5275 -0.8308
vn -0.2665 -0.4799 -0.8359
vn -0.6706 -0.4104 0.6180
vn -0.7266 -0.3441 0.5947
vn -0.5125 -0.4595 -0.7254
vn 0.6805 -0.7116 -0.1747
vn -0.2854 -0.8961 -0.3399
vn -0.1156 -0.6639 -0.7388
vn -0.3848 -0.9189 -0.0864
vn -0.4455 -0.8908 -0.0895
vn -0.2449 -0.9685 -0.0460
vn 0.6111 -0.7220 0.3245
vn 0.6111 -0.7220 0.3244
vn -0.4443 -0.7771 -0.4458
vn -0.6211 -0.6289 -0.4677
vn -0.6457 -0.6375 -0.4204
vn -0.4701 -0.8225 -0.3200
vn -0.5998 -0.6774 -0.4259
vn -0.1480 -0.9767 -0.1553
vn -0.1777 -0.8989 -0.4005
vn 0.0772 -0.9439 -0.3210
vn 0.1221 -0.9827 -0.1393
vn 0.5675 -0.8233 0.0140
vn 0.5076 -0.7533 0.4181
vn -0.2803 -0.9597 -0.0196
vn -0.2053 -0.9436 0.2598
vn 0.5742 -0.7401 0.3500
vn -0.7016 -0.5695 0.4283
vn -0.7640 -0.5315 0.3658
vn -0.0932 -0.5242 -0.8465
vn -0.1507 -0.1093 0.9825
vn 0.7383 0.5030 0.4494
vn 0.6055 0.2020 -0.7698
vn 0.8199 0.5687 0.0657
vn 0.7632 0.6313 -0.1378
vn 0.5462 0.4675 -0.6951
vn 0.6430 0.7475 -0.1664
vn 0.6073 0.7787 0.1573
vn -0.1301 0.1573 -0.9789
vn 0.5281 0.7848 0.3244
vn -0.1837 -0.1374 0.9733
vn 0.4966 0.7920 0.3551
vn 0.4738 -0.2017 -0.8572
vn -0.1940 0.1912 0.9622
vn 0.3441 -0.2448 -0.9065
vn -0.4634 -0.7383 -0.4901
vn -0.0000 -0.1584 0.9874
vn -0.0000 0.3611 0.9325
vn 0.4298 -0.1256 0.8941
vn 0.8145 0.0090 0.5802
vn 0.9651 0.1260 0.2294
vn 0.8397 0.3847 -0.3832
vn 0.1931 0.4949 -0.8472
vn 0.3544 0.3825 -0.8533
vn 0.0000 0.3217 -0.9469
vn -0.0000 0.1769 -0.9842
vn -0.6987 -0.6956 -0.1671
vn -0.0101 -0.9463 0.3233
vn -0.8026 -0.5258 -0.2816
vn -0.9619 -0.0879 0.2587
vn -0.7332 -0.6672 -0.1315
vn 0.2547 0.6914 0.6761
vn 0.6128 0.7313 0.2993
vn 0.7590 -0.1985 0.6201
vn 0.8061 -0.3375 0.4861
vn -0.5250 0.5595 0.6413
vn -0.8669 -0.0505 0.4959
vn 0.1509 0.8616 0.4846
vn -0.6572 -0.2099 0.7239
vn -0.0022 0.8087 0.5883
vn 0.4343 0.8902 0.1376
vn 0.6057 0.7645 -0.2208
vn -0.7383 -0.5243 0.4242
vn -0.5414 -0.8015 -0.2541
vn -0.6202 -0.7401 -0.2601
vn -0.7871 -0.4382 0.4342
vn -0.5598 -0.7986 -0.2211
vn 0.2595 0.7373 0.6237
vn -0.4032 0.2287 0.8861
vn -0.6001 -0.0148 0.7998
vn -0.5904 0.0864 0.8024
vn -0.3942 0.0249 0.9187
vn -0.6769 -0.5721 0.4632
vn -0.4197 -0.7174 0.5560
vn -0.4906 -0.8629 -0.1212
vn -0.3974 0.3522 0.8474
vn 0.1764 0.7244 0.6664
vn -0.3630 0.4018 0.8407
vn -0.4751 -0.8725 0.1141
vn -0.4192 -0.8413 -0.3413
vn -0.4789 -0.8684 0.1287
vn -0.4335 -0.8500 -0.2991
vn -0.3605 -0.7652 0.5334
vn -0.5291 -0.8372 0.1386
vn -0.4802 -0.8339 -0.2721
vn -0.5490 -0.7955 -0.2566
vn 0.1083 0.7608 0.6398
vn -0.0707 -0.3307 0.9411
vn -0.3973 -0.7398 0.5430
vn -0.0239 -0.3304 0.9435
vn 0.2781 0.2584 0.9251
vn -0.1112 0.3868 0.9154
vn 0.4010 0.6989 0.5922
vn 0.3700 0.2916 0.8821
vn -0.0686 -0.2872 0.9554
vn -0.4571 -0.7048 0.5426
vn 0.1255 0.7771 0.6167
vn 0.1597 0.7750 0.6115
vn -0.5976 -0.7959 0.0968
vn -0.6158 -0.7855 0.0623
vn -0.5235 -0.7560 -0.3930
vn -0.5647 -0.8208 0.0863
vn -0.4914 -0.6739 0.5517
vn -0.4784 -0.7126 0.5132
vn -0.5314 -0.7778 0.3356
vn -0.1267 -0.2446 0.9613
vn -0.1702 -0.2682 0.9482
vn 0.0809 -0.3293 0.9407
vn 0.3141 0.3276 0.8911
vn 0.3469 0.2011 0.9161
vn 0.3408 0.1906 0.9206
vn 0.3617 0.3297 0.8720
vn 0.4422 0.5215 0.7298
vn 0.2536 0.6429 0.7227
vn 0.4016 0.1670 0.9005
vn 0.5556 0.3836 0.7377
vn 0.5644 0.7033 0.4322
vn 0.5573 0.4360 0.7066
vn 0.5303 0.5919 0.6070
vn 0.7041 0.5717 0.4212
vn 0.6370 0.7691 -0.0520
vn 0.7001 0.5803 0.4160
vn 0.7457 0.6602 -0.0902
vn 0.7193 0.6872 -0.1021
vn 0.5635 0.6294 -0.5351
vn 0.5944 0.6948 -0.4049
vn -0.0062 -0.1992 -0.9799
vn 0.3113 0.3950 -0.8643
vn 0.2137 0.1347 -0.9676
vn -0.2214 -0.4786 -0.8496
vn 0.0663 0.0130 -0.9977
vn 0.3278 0.3791 -0.8653
vn 0.0421 -0.0595 -0.9973
vn -0.2585 -0.5609 -0.7865
vn 0.0690 -0.0916 -0.9934
vn -0.2414 -0.5875 -0.7724
vn 0.0524 -0.0983 -0.9938
vn 0.4058 0.3907 -0.8262
vn -0.2561 -0.5789 -0.7741
vn -0.3303 -0.6606 -0.6742
vn 0.6206 0.6999 -0.3537
vn 0.4269 0.4346 -0.7930
vn 0.5315 0.8414 0.0981
vn 0.5744 0.7155 -0.3975
vn 0.4466 0.5098 -0.7353
vn 0.4746 0.8759 0.0872
vn 0.5728 0.7219 -0.3881
vn 0.0152 -0.0407 -0.9991
vn 0.4686 0.8776 0.1008
vn 0.5716 0.7396 -0.3553
vn 0.4972 0.5356 -0.6826
vn -0.3006 -0.6555 -0.6928
vn 0.4938 0.8517 0.1757
vn 0.6502 0.6982 -0.2995
vn 0.5176 0.8119 0.2698
vn 0.7248 0.6530 -0.2198
vn 0.1486 -0.1750 -0.9733
vn 0.2745 -0.3685 -0.8882
vn 0.5913 0.4967 -0.6354
vn 0.6614 0.3627 -0.6565
vn 0.7408 0.2632 -0.6180
vn 0.8311 0.3985 -0.3878
vn -0.3000 -0.7162 -0.6302
vn 0.3307 -0.3509 -0.8761
vn -0.1772 -0.7262 -0.6643
vn 0.4783 -0.3344 -0.8120
vn -0.0323 -0.7719 -0.6350
vn 0.6259 -0.2492 -0.7391
vn 0.0877 -0.8163 -0.5710
vn -0.4885 -0.8725 -0.0130
vn 0.6966 -0.1438 -0.7029
vn -0.1613 -0.6448 -0.7472
vn -0.8026 -0.5259 -0.2816
vn 0.5370 0.0853 -0.8393
vn -0.1813 -0.4717 -0.8629
vn 0.6786 0.6825 -0.2714
vn 0.4881 0.1693 -0.8562
vn -0.0101 -0.9463 0.3232
vn -0.0000 -0.1412 0.9900
vn -0.0000 -0.0991 0.9951
vn 0.3191 -0.0782 0.9445
vn 0.7041 0.3219 -0.6329
vn 0.7341 0.2077 -0.6465
vn 0.3767 0.3822 -0.8438
vn 0.1270 0.3787 -0.9168
vn 0.1238 0.2419 -0.9624
vn 0.0000 0.3652 -0.9309
vn 0.0000 0.2284 -0.9736
vn 0.1216 -0.1431 -0.9822
vn -0.0000 -0.2024 -0.9793
vn -0.3021 0.8624 0.4061
vn -0.2535 0.6429 0.7227
vn -0.2237 0.8801 0.4189
vn -0.2189 0.6556 0.7227
vn -0.2517 0.7549 0.6056
vn -0.2302 0.8802 0.4150
vn -0.3580 0.7957 0.4885
vn -0.2467 0.3637 0.8983
vn -0.2478 0.3247 0.9128
vn -0.3938 -0.4258 0.8146
vn -0.2599 0.6655 0.6996
vn -0.2857 0.4889 0.8242
vn -0.1266 0.5770 0.8068
vn -0.0538 0.4280 0.9022
vn -0.2364 0.4708 0.8500
vn 0.0433 0.5833 0.8111
vn -0.1063 0.4610 0.8810
vn -0.4217 0.2658 0.8669
vn -0.7761 -0.2170 0.5920
vn -0.3524 0.0444 0.9348
vn -0.6812 0.0635 0.7293
vn -0.8309 0.0628 0.5528
vn -0.9919 0.0941 0.0852
vn -0.9284 0.1713 -0.3297
vn -0.6158 0.2418 -0.7499
vn -0.3984 0.2634 -0.8786
vn -0.2011 -0.2225 -0.9540
vn -0.0039 0.1982 -0.9801
vn -0.0274 0.3388 -0.9405
vn -0.1078 0.2403 -0.9647
vn -0.2268 0.5159 -0.8261
vn -0.1887 0.4704 -0.8621
vn -0.3264 0.7872 -0.5232
vn -0.3655 0.7739 -0.5171
vn -0.0829 0.4634 -0.8823
vn -0.2986 0.9528 0.0554
vn -0.3734 0.9272 -0.0299
vn -0.4002 0.9130 0.0797
vn -0.3784 0.7635 -0.5233
vn -0.1931 0.4950 -0.8472
vn -0.4033 0.7172 -0.5683
vn -0.7645 0.6216 -0.1706
vn -0.5989 0.7890 0.1374
vn -0.8037 0.4456 0.3944
vn -0.6745 0.2710 0.6868
vn 0.2665 -0.4799 -0.8359
vn 0.1774 -0.5275 -0.8308
vn 0.6499 -0.7337 -0.1983
vn 0.6706 -0.4104 0.6180
vn 0.7266 -0.3441 0.5947
vn 0.8129 -0.2638 0.5193
vn 0.3431 -0.9214 -0.1823
vn 0.4404 -0.8801 -0.1773
vn 0.2855 -0.8961 -0.3399
vn 0.1156 -0.6639 -0.7388
vn 0.3848 -0.9189 -0.0864
vn 0.4455 -0.8908 -0.0895
vn 0.2449 -0.9685 -0.0460
vn -0.6111 -0.7220 0.3245
vn -0.6111 -0.7220 0.3244
vn 0.4443 -0.7771 -0.4458
vn 0.6211 -0.6289 -0.4677
vn 0.6457 -0.6375 -0.4204
vn 0.7495 -0.4963 -0.4381
vn 0.4702 -0.8225 -0.3200
vn 0.7717 -0.4521 -0.4473
vn 0.9205 0.0278 -0.3898
vn 0.5999 -0.6774 -0.4257
vn 0.1480 -0.9767 -0.1553
vn 0.1777 -0.8989 -0.4005
vn -0.0772 -0.9439 -0.3210
vn 0.2803 -0.9597 -0.0196
vn 0.2047 -0.8674 0.4536
vn 0.4878 -0.8718 -0.0445
vn -0.5742 -0.7401 0.3500
vn 0.7016 -0.5695 0.4283
vn 0.7640 -0.5315 0.3658
vn 0.0932 -0.5242 -0.8465
vn 0.1507 -0.1094 0.9825
vn -0.8199 0.5687 0.0657
vn -0.7604 0.5691 -0.3128
vn -0.7632 0.6313 -0.1378
vn -0.6771 0.7265 -0.1171
vn -0.6073 0.7787 0.1573
vn -0.0655 -0.0411 -0.9970
vn -0.6779 0.7269 -0.1099
vn -0.5375 0.8239 0.1796
vn 0.9942 -0.0995 0.0401
vn 0.0229 0.2779 0.9603
vn 0.1836 -0.1374 0.9734
vn -0.4966 0.7920 0.3551
vn -0.3441 -0.2447 -0.9065
vn -0.4304 -0.1551 -0.8892
vn 0.1940 0.1912 0.9622
vn -0.3441 -0.2448 -0.9065
vn 0.4634 -0.7383 -0.4901
vn 0.4008 -0.8265 -0.3954
vn -0.4298 -0.1257 0.8941
vn -0.8145 0.0090 0.5802
vn -0.8214 -0.1832 0.5401
vn -0.9651 0.1260 0.2294
vn -0.8397 0.3847 -0.3832
vn -0.1931 0.4949 -0.8472
vn -0.3544 0.3825 -0.8533
vn -0.4107 0.1893 -0.8919
vn 0.8026 -0.5259 -0.2816
vn 0.9619 -0.0879 0.2587
vn 0.7332 -0.6672 -0.1315
vn 0.3918 0.3207 0.8623
vn -0.5725 -0.2364 0.7851
vn 0.8669 -0.0505 0.4959
vn 0.5250 0.5595 0.6413
vn -0.2547 0.6914 0.6761
vn -0.6128 0.7313 0.2994
vn -0.7590 -0.1985 0.6201
vn 0.6572 -0.2099 0.7239
vn 0.4885 -0.8725 -0.0129
vn -0.1509 0.8616 0.4846
vn 0.0023 0.8086 0.5883
vn -0.4343 0.8902 0.1376
vn -0.6057 0.7645 -0.2208
vn 0.6535 -0.5275 0.5428
vn 0.3523 -0.9232 -0.1535
vn 0.6522 -0.6553 0.3810
vn 0.4203 -0.8828 -0.2095
vn 0.7383 -0.5243 0.4242
vn 0.5414 -0.8015 -0.2541
vn 0.6202 -0.7401 -0.2601
vn 0.4597 0.1501 0.8753
vn 0.6009 -0.1434 0.7864
vn 0.7871 -0.4382 0.4342
vn 0.5598 -0.7986 -0.2211
vn -0.2595 0.7373 0.6237
vn 0.4032 0.2286 0.8861
vn 0.6000 -0.0148 0.7998
vn 0.5904 0.0864 0.8025
vn 0.3942 0.0249 0.9187
vn 0.6769 -0.5720 0.4632
vn 0.4197 -0.7174 0.5560
vn 0.4906 -0.8629 -0.1212
vn 0.3974 0.3522 0.8474
vn -0.1764 0.7244 0.6664
vn 0.3630 0.4018 0.8407
vn 0.4751 -0.8725 0.1141
vn 0.4192 -0.8413 -0.3413
vn 0.4789 -0.8684 0.1287
vn 0.4335 -0.8500 -0.2991
vn 0.3605 -0.7652 0.5334
vn 0.5291 -0.8372 0.1386
vn 0.4802 -0.8339 -0.2721
vn 0.5490 -0.7955 -0.2566
vn -0.1083 0.7609 0.6398
vn 0.0707 -0.3307 0.9411
vn 0.3973 -0.7398 0.5430
vn 0.0239 -0.3304 0.9435
vn -0.2781 0.2584 0.9251
vn 0.1112 0.3868 0.9155
vn -0.4010 0.6989 0.5922
vn -0.3700 0.2916 0.8821
vn 0.0686 -0.2872 0.9554
vn 0.4571 -0.7048 0.5426
vn -0.1255 0.7771 0.6167
vn -0.1597 0.7750 0.6115
vn 0.5976 -0.7959 0.0968
vn 0.6158 -0.7855 0.0623
vn 0.5235 -0.7560 -0.3930
vn 0.5647 -0.8208 0.0863
vn 0.4914 -0.6739 0.5517
vn 0.4784 -0.7126 0.5132
vn 0.5314 -0.7778 0.3356
vn 0.1267 -0.2446 0.9613
vn 0.1702 -0.2682 0.9482
vn -0.0809 -0.3293 0.9408
vn -0.3141 0.3276 0.8911
vn -0.3469 0.2011 0.9161
vn -0.3407 0.1906 0.9206
vn -0.3617 0.3297 0.8720
vn -0.4422 0.5214 0.7298
vn -0.2536 0.6429 0.7227
vn -0.4016 0.1670 0.9005
vn -0.5556 0.3836 0.7377
vn -0.5644 0.7033 0.4322
vn -0.5573 0.4360 0.7066
vn -0.5303 0.5919 0.6070
vn -0.7041 0.5717 0.4212
vn -0.6370 0.7691 -0.0520
vn -0.6999 0.5804 0.4162
vn -0.5509 0.6300 -0.5474
vn -0.3655 0.7740 -0.5171
vn -0.7457 0.6602 -0.0902
vn -0.6020 0.5672 -0.5620
vn -0.7193 0.6872 -0.1021
vn -0.2838 0.1684 -0.9440
vn -0.5635 0.6294 -0.5351
vn -0.5944 0.6948 -0.4049
vn -0.4070 0.3865 -0.8277
vn 0.0062 -0.1993 -0.9799
vn -0.3113 0.3951 -0.8643
vn -0.2137 0.1347 -0.9676
vn 0.2214 -0.4786 -0.8496
vn -0.0663 0.0130 -0.9977
vn -0.3278 0.3791 -0.8653
vn -0.0421 -0.0595 -0.9973
vn 0.2586 -0.5609 -0.7865
vn 0.4802 -0.8339 -0.2722
vn -0.0690 -0.0916 -0.9934
vn 0.2413 -0.5875 -0.7724
vn -0.0524 -0.0983 -0.9938
vn -0.4058 0.3907 -0.8262
vn 0.2561 -0.5789 -0.7741
vn 0.3303 -0.6606 -0.6742
vn -0.6206 0.6999 -0.3537
vn -0.6009 0.7051 -0.3765
vn -0.4269 0.4346 -0.7930
vn -0.5315 0.8414 0.0981
vn -0.5744 0.7155 -0.3975
vn -0.4466 0.5098 -0.7353
vn -0.4746 0.8759 0.0872
vn -0.5728 0.7219 -0.3881
vn -0.0152 -0.0407 -0.9991
vn -0.4686 0.8776 0.1008
vn -0.5716 0.7396 -0.3553
vn -0.4972 0.5356 -0.6826
vn 0.3006 -0.6555 -0.6928
vn -0.4938 0.8517 0.1757
vn -0.6502 0.6982 -0.2995
vn -0.5176 0.8119 0.2698
vn -0.7248 0.6530 -0.2198
vn -0.1486 -0.1750 -0.9733
vn -0.2745 -0.3685 -0.8882
vn -0.5913 0.4967 -0.6354
vn -0.6614 0.3627 -0.6565
vn -0.7408 0.2632 -0.6180
vn -0.8311 0.3985 -0.3878
vn 0.3000 -0.7162 -0.6302
vn -0.3307 -0.3509 -0.8761
vn 0.1772 -0.7262 -0.6643
vn -0.4783 -0.3344 -0.8120
vn 0.0323 -0.7719 -0.6350
vn -0.0913 -0.8016 -0.5908
vn 0.3524 -0.9232 -0.1535
vn -0.6259 -0.2492 -0.7391
vn -0.0878 -0.8163 -0.5710
vn 0.4885 -0.8725 -0.0130
vn -0.6966 -0.1438 -0.7029
vn 0.1613 -0.6448 -0.7472
vn -0.5370 0.0853 -0.8393
vn 0.1813 -0.4717 -0.8629
vn -0.4881 0.1693 -0.8562
vn -0.6500 -0.0295 -0.7594
vn 0.1209 -0.6600 -0.7415
vn -0.5174 -0.8549 0.0384
vn -0.1725 -0.1371 0.9754
vn -0.3191 -0.0782 0.9445
vn -0.3862 -0.0980 0.9172
vn -0.9679 0.1552 0.1976
vn -0.3767 0.3822 -0.8438
vn -0.1270 0.3787 -0.9168
vn -0.1238 0.2419 -0.9624
vn -0.0000 0.2283 -0.9736
vn -0.1216 -0.1431 -0.9822
vn -0.9034 -0.3264 -0.2781
vn -0.9019 -0.3639 -0.2329
vn -0.6266 0.1616 -0.7624
vn -0.1260 0.3206 0.9388
vn -0.1140 0.3541 0.9282
vn -0.8249 0.5577 0.0924
vn -0.7309 0.1905 -0.6554
vn -0.6714 0.7279 0.1393
vn -0.5857 0.7915 0.1747
vn -0.5933 0.6250 0.5074
vn -0.7450 0.6404 0.1866
vn -0.8565 0.5041 -0.1107
vn 0.2580 0.1802 0.9492
vn -0.6968 0.1438 -0.7027
vn 0.6266 0.1615 -0.7624
vn 0.1260 0.3206 0.9388
vn 0.1140 0.3541 0.9282
vn 0.8249 0.5577 0.0924
vn 0.7309 0.1905 -0.6554
vn 0.5857 0.7915 0.1747
vn 0.5932 0.6250 0.5074
vn 0.7450 0.6404 0.1866
vn -0.0510 0.3227 0.9451
vn -0.2580 0.1802 0.9492
vn 0.6968 0.1438 -0.7027
usemtl kido_df.png
s 1
f 1/1/1 2/2/1 3/3/1
f 4/4/2 5/5/2 6/6/2
f 7/7/3 8/8/3 9/9/3
f 10/10/4 11/11/4 12/12/4
f 13/13/5 14/14/5 15/15/5
f 16/16/6 17/17/6 18/18/6
f 19/19/7 20/20/7 21/21/7
f 22/22/8 23/23/8 24/24/8
f 25/25/9 26/26/9 27/27/9
f 28/28/10 29/29/10 30/30/10
f 31/31/11 32/32/12 33/33/13
f 34/34/14 31/31/11 33/33/13
f 34/34/14 33/33/13 35/35/15
f 36/36/16 35/35/15 33/33/13
f 37/37/17 34/34/14 35/35/15
f 36/36/16 38/38/18 35/35/15
f 37/37/17 35/35/15 39/39/19
f 38/38/18 39/39/19 35/35/15
f 38/38/18 40/40/20 39/39/19
f 41/41/21 37/37/17 39/39/19
f 40/40/20 42/42/22 39/39/19
f 41/41/21 39/39/19 42/42/22
f 43/43/23 41/41/21 42/42/22
f 44/44/17 45/45/24 46/46/25
f 46/46/25 45/45/24 47/47/11
f 45/45/24 48/48/26 47/47/11
f 49/49/27 50/50/28 51/51/29
f 50/50/28 52/52/30 51/51/29
f 52/52/30 50/50/28 53/53/31
f 53/53/31 50/50/28 54/54/32
f 55/55/33 56/56/34 57/57/35
f 55/55/33 58/58/36 56/56/34
f 59/59/37 60/60/38 61/61/39
f 62/62/39 59/59/37 61/61/39
f 62/62/39 61/61/39 63/63/40
f 61/61/39 64/64/41 63/63/40
f 63/63/40 64/64/41 65/65/42
f 64/64/41 66/66/43 65/65/42
f 66/66/43 67/67/44 65/65/42
f 67/67/44 68/68/45 65/65/42
f 69/69/46 70/70/47 71/71/48
f 69/69/46 71/71/48 72/72/49
f 73/73/50 69/69/46 72/72/49
f 73/73/50 72/72/49 74/74/51
f 75/75/52 76/76/53 69/69/46
f 75/75/52 69/69/46 73/73/50
f 77/77/54 75/75/52 73/73/50
f 73/73/50 74/74/51 77/77/54
f 75/75/52 77/77/54 78/78/55
f 75/75/52 78/78/55 79/79/56
f 80/80/57 77/77/54 81/81/58
f 77/77/54 80/80/57 78/78/55
f 80/80/57 81/81/58 82/82/59
f 78/78/55 83/83/60 84/84/61
f 85/85/62 86/86/63 87/87/64
f 85/85/62 88/88/65 86/86/63
f 89/89/66 90/90/67 91/91/68
f 86/86/63 92/92/69 87/87/64
f 92/92/69 89/89/66 87/87/64
f 88/88/65 93/93/70 86/86/63
f 94/94/71 93/93/70 88/88/65
f 95/95/72 89/89/66 92/92/69
f 89/89/66 95/95/72 90/90/67
f 92/92/69 86/86/63 96/96/73
f 86/86/63 93/93/70 96/96/73
f 96/96/73 95/95/72 92/92/69
f 97/97/74 93/93/70 94/94/71
f 97/97/74 96/96/73 93/93/70
f 97/97/74 94/94/71 98/98/75
f 97/97/74 98/98/75 96/96/73
f 94/94/71 99/99/76 98/98/75
f 100/100/77 98/98/75 99/99/76
f 96/96/73 98/98/75 101/101/78
f 101/101/78 95/95/72 96/96/73
f 101/101/78 98/98/75 100/100/77
f 90/90/67 102/102/79 103/103/80
f 90/90/67 95/95/72 102/102/79
f 101/101/78 102/102/79 95/95/72
f 101/101/78 104/104/81 102/102/79
f 104/104/81 101/101/78 100/100/77
f 105/105/82 104/104/81 100/100/77
f 102/102/79 106/106/83 103/103/80
f 104/104/81 107/107/84 102/102/79
f 107/107/84 104/104/81 105/105/82
f 107/107/84 106/106/83 102/102/79
f 105/105/82 108/108/85 107/107/84
f 105/105/82 109/109/86 108/108/85
f 108/108/85 110/110/87 107/107/84
f 106/106/83 107/107/84 110/110/87
f 110/110/87 108/108/85 111/111/88
f 108/108/85 112/112/89 111/111/88
f 108/108/85 109/109/86 112/112/89
f 113/113/90 112/112/89 109/109/86
f 113/113/90 114/114/91 111/111/88
f 115/115/92 114/114/91 113/113/90
f 115/115/92 116/116/93 114/114/91
f 116/116/93 115/115/92 117/117/94
f 117/117/94 118/118/95 116/116/93
f 119/119/96 120/120/97 121/121/98
f 121/121/98 122/122/99 123/123/100
f 123/123/100 124/124/101 125/125/102
f 125/125/102 126/126/103 127/127/104
f 128/128/105 127/127/104 129/129/106
f 128/128/105 130/130/107 131/131/108
f 132/132/109 133/133/110 134/134/111
f 135/135/112 132/132/109 134/134/111
f 135/135/112 134/134/111 136/136/113
f 118/118/95 135/135/112 136/136/113
f 118/118/95 136/136/113 116/116/93
f 116/116/93 136/136/113 137/137/114
f 116/116/93 138/138/115 114/114/91
f 139/139/116 140/140/117 141/141/118
f 142/142/119 143/143/120 140/140/117
f 144/144/121 145/145/122 146/146/123
f 147/147/124 144/144/121 146/146/123
f 148/148/125 147/147/124 146/146/123
f 147/147/124 149/149/126 144/144/121
f 147/147/124 148/148/125 149/149/126
f 150/150/127 144/144/121 149/149/126
f 151/151/128 150/150/127 149/149/126
f 149/149/126 148/148/125 151/151/128
f 148/148/125 152/152/129 153/153/130
f 154/154/128 148/148/125 153/153/130
f 154/154/128 153/153/130 155/155/131
f 153/153/130 156/156/132 155/155/131
f 156/156/132 153/153/130 157/157/133
f 155/155/131 156/156/132 158/158/121
f 156/156/132 159/159/134 158/158/121
f 156/156/132 160/160/135 159/159/134
f 161/161/136 162/162/137 163/163/138
f 162/162/137 161/161/136 164/164/139
f 165/165/140 162/162/137 164/164/139
f 162/162/137 166/166/141 163/163/138
f 162/162/137 165/165/140 167/167/142
f 167/167/142 166/166/141 162/162/137
f 165/165/140 168/168/143 167/167/142
f 168/168/143 169/169/144 167/167/142
f 169/169/144 170/170/145 167/167/142
f 167/167/142 170/170/145 171/171/146
f 170/170/145 172/172/147 171/171/146
f 173/173/148 174/174/149 175/175/150
f 173/173/148 176/176/151 177/177/152
f 173/173/148 178/178/153 176/176/151
f 178/178/153 173/173/148 179/179/154
f 180/180/155 181/181/156 182/182/157
f 183/183/158 184/184/159 185/185/160
f 183/183/158 185/185/160 186/186/161
f 187/187/162 188/188/163 184/184/159
f 183/183/158 187/187/162 184/184/159
f 189/189/160 190/190/164 191/191/165
f 192/192/166 193/193/167 187/187/162
f 192/192/166 194/194/168 191/191/165
f 194/194/168 189/189/160 191/191/165
f 195/195/169 189/189/160 194/194/168
f 196/196/170 195/195/169 194/194/168
f 196/196/170 194/194/168 197/197/171
f 194/194/168 192/192/166 197/197/171
f 197/197/171 192/192/166 198/198/172
f 192/192/166 187/187/162 198/198/172
f 198/198/172 187/187/162 183/183/158
f 199/199/173 200/200/174 198/198/172
f 199/199/173 186/186/161 201/201/170
f 199/199/173 201/201/170 200/200/174
f 202/202/175 203/203/176 204/204/177
f 205/205/178 204/204/177 206/206/179
f 205/205/178 202/202/175 204/204/177
f 207/207/180 205/205/178 206/206/179
f 208/208/181 202/202/175 205/205/178
f 209/209/182 205/205/178 207/207/180
f 209/209/182 208/208/181 205/205/178
f 210/210/183 209/209/182 207/207/180
f 208/208/181 209/209/182 211/211/184
f 210/210/183 211/211/184 209/209/182
f 208/208/181 211/211/184 212/212/185
f 213/213/186 212/212/185 211/211/184
f 213/213/186 211/211/184 210/210/183
f 214/214/187 215/215/188 216/216/189
f 217/217/190 214/214/187 216/216/189
f 217/217/190 216/216/189 218/218/191
f 219/219/192 214/214/187 217/217/190
f 220/220/193 217/217/190 218/218/191
f 220/220/193 221/221/194 217/217/190
f 221/221/194 219/219/192 217/217/190
f 222/222/195 220/220/193 218/218/191
f 223/223/196 222/222/195 218/218/191
f 221/221/194 224/224/197 219/219/192
f 224/224/197 225/225/198 219/219/192
f 226/226/199 224/224/197 221/221/194
f 226/226/199 227/227/200 224/224/197
f 228/228/201 226/226/199 221/221/194
f 228/228/201 221/221/194 220/220/193
f 222/222/195 228/228/201 220/220/193
f 229/229/202 230/230/203 226/226/199
f 229/229/202 226/226/199 228/228/201
f 222/222/195 223/223/196 231/231/204
f 223/223/196 232/232/205 231/231/204
f 233/233/206 231/231/204 232/232/205
f 233/233/206 234/234/207 231/231/204
f 234/234/207 235/235/208 231/231/204
f 235/235/208 228/228/201 222/222/195
f 231/231/204 235/235/208 222/222/195
f 235/235/208 229/229/202 228/228/201
f 234/234/207 236/236/209 235/235/208
f 229/229/202 236/236/209 237/237/210
f 238/238/211 239/239/212 240/240/213
f 238/238/211 241/241/214 242/242/215
f 242/242/215 243/243/216 244/244/217
f 244/244/217 245/245/218 246/246/219
f 244/244/217 247/247/220 245/245/218
f 245/245/218 248/248/221 249/249/222
f 247/247/220 250/250/223 245/245/218
f 245/245/218 250/250/223 248/248/221
f 250/250/223 247/247/220 251/251/224
f 252/252/225 253/253/226 248/248/221
f 250/250/223 254/254/227 248/248/221
f 252/252/225 248/248/221 254/254/227
f 252/252/225 255/255/228 256/256/229
f 257/257/230 258/258/231 254/254/227
f 250/250/223 259/259/232 257/257/230
f 259/259/232 250/250/223 251/251/224
f 257/257/230 259/259/232 260/260/233
f 259/259/232 251/251/224 261/261/234
f 257/257/230 262/262/235 263/263/236
f 264/264/237 265/265/238 266/266/239
f 267/267/240 264/264/237 266/266/239
f 267/267/240 268/268/241 264/264/237
f 269/269/242 270/270/243 265/265/238
f 264/264/237 269/269/242 265/265/238
f 271/271/244 272/272/245 273/273/246
f 270/270/243 269/269/242 274/274/247
f 271/271/244 270/270/243 274/274/247
f 271/271/244 274/274/247 275/275/248
f 275/275/248 276/276/249 272/272/245
f 276/276/249 277/277/250 272/272/245
f 278/278/251 279/279/239 280/280/252
f 281/281/253 278/278/251 282/282/254
f 276/276/249 283/283/255 284/284/256
f 285/285/257 281/281/253 282/282/254
f 286/286/258 281/281/253 285/285/257
f 287/287/259 276/276/249 275/275/248
f 276/276/249 287/287/259 283/283/255
f 283/283/255 288/288/260 285/285/257
f 287/287/259 288/288/260 283/283/255
f 285/285/257 288/288/260 289/289/261
f 289/289/261 286/286/258 285/285/257
f 290/290/262 275/275/248 274/274/247
f 290/290/262 287/287/259 275/275/248
f 286/286/258 289/289/261 291/291/263
f 288/288/260 292/292/264 289/289/261
f 289/289/261 292/292/264 293/293/265
f 287/287/259 294/294/266 288/288/260
f 294/294/266 292/292/264 288/288/260
f 294/294/266 287/287/259 290/290/262
f 295/295/267 294/294/266 290/290/262
f 296/296/268 290/290/262 274/274/247
f 295/295/267 290/290/262 296/296/268
f 296/296/268 274/274/247 269/269/242
f 297/297/269 295/295/267 296/296/268
f 295/295/267 297/297/269 298/298/270
f 299/299/271 269/269/242 264/264/237
f 299/299/271 296/296/268 269/269/242
f 297/297/269 296/296/268 299/299/271
f 300/300/272 297/297/269 299/299/271
f 301/301/273 300/300/272 299/299/271
f 301/301/273 302/302/274 268/268/241
f 268/268/241 302/302/274 264/264/237
f 302/302/274 301/301/273 299/299/271
f 302/302/274 299/299/271 264/264/237
f 303/303/258 301/301/273 268/268/241
f 304/304/275 305/305/276 306/306/277
f 307/307/278 304/304/275 306/306/277
f 304/304/275 307/307/278 308/308/279
f 307/307/278 309/309/280 308/308/279
f 309/309/280 307/307/278 310/310/281
f 307/307/278 311/311/282 310/310/281
f 307/307/278 306/306/277 311/311/282
f 312/312/283 310/310/281 311/311/282
f 313/313/284 312/312/283 311/311/282
f 313/313/284 311/311/282 314/314/285
f 312/312/283 313/313/284 315/315/286
f 313/313/284 316/316/287 317/317/288
f 313/313/284 317/317/288 315/315/286
f 315/315/286 317/317/288 318/318/289
f 319/319/290 317/317/288 320/320/291
f 317/317/288 319/319/290 318/318/289
f 321/321/292 318/318/289 319/319/290
f 318/318/289 321/321/292 322/322/293
f 322/322/293 321/321/292 323/323/294
f 321/321/292 324/324/295 323/323/294
f 323/323/294 324/324/295 325/325/296
f 326/326/297 327/327/298 328/328/279
f 329/329/299 330/330/300 331/331/301
f 332/332/302 333/333/303 334/334/304
f 332/332/302 330/330/300 335/335/305
f 335/335/305 336/336/306 337/337/307
f 332/332/302 335/335/305 337/337/307
f 338/338/308 339/339/309 340/340/310
f 339/339/309 341/341/311 340/340/310
f 340/340/310 341/341/311 342/342/312
f 339/339/309 343/343/313 341/341/311
f 341/341/311 344/344/314 342/342/312
f 342/342/312 344/344/314 345/345/315
f 344/344/314 341/341/311 346/346/316
f 346/346/316 341/341/311 343/343/313
f 347/347/317 346/346/316 343/343/313
f 344/344/314 348/348/318 345/345/315
f 345/345/315 348/348/318 349/349/319
f 348/348/318 344/344/314 350/350/320
f 350/350/320 344/344/314 346/346/316
f 347/347/317 351/351/321 346/346/316
f 347/347/317 352/352/322 351/351/321
f 348/348/318 353/353/323 349/349/319
f 354/354/324 349/349/319 353/353/323
f 348/348/318 355/355/325 353/353/323
f 355/355/325 348/348/318 350/350/320
f 351/351/321 356/356/326 346/346/316
f 355/355/325 350/350/320 356/356/326
f 350/350/320 346/346/316 356/356/326
f 357/357/327 354/354/324 353/353/323
f 354/354/324 357/357/327 358/358/328
f 355/355/325 359/359/329 353/353/323
f 353/353/323 359/359/329 357/357/327
f 357/357/327 360/360/330 358/358/328
f 358/358/328 360/360/330 361/361/331
f 356/356/326 351/351/321 362/362/332
f 352/352/322 362/362/332 351/351/321
f 356/356/326 362/362/332 363/363/333
f 364/364/334 356/356/326 363/363/333
f 364/364/334 355/355/325 356/356/326
f 355/355/325 364/364/334 359/359/329
f 359/359/329 365/365/335 357/357/327
f 357/357/327 365/365/335 360/360/330
f 364/364/334 366/366/336 359/359/329
f 364/364/334 363/363/333 366/366/336
f 359/359/329 366/366/336 365/365/335
f 366/366/336 367/367/337 365/365/335
f 365/365/335 367/367/337 360/360/330
f 368/368/338 360/360/330 367/367/337
f 360/360/330 368/368/338 361/361/331
f 369/369/339 366/366/336 363/363/333
f 366/366/336 369/369/339 367/367/337
f 361/361/331 368/368/338 370/370/340
f 371/371/341 361/361/331 370/370/340
f 368/368/338 367/367/337 372/372/342
f 369/369/339 372/372/342 367/367/337
f 370/370/340 368/368/338 372/372/342
f 371/371/341 370/370/340 373/373/343
f 374/374/344 371/371/341 373/373/343
f 375/375/345 369/369/339 363/363/333
f 372/372/342 369/369/339 375/375/345
f 376/376/346 373/373/343 370/370/340
f 376/376/346 370/370/340 372/372/342
f 374/374/344 373/373/343 377/377/347
f 378/378/348 374/374/344 377/377/347
f 378/378/348 377/377/347 379/379/349
f 377/377/347 380/380/350 379/379/349
f 381/381/188 379/379/349 380/380/350
f 380/380/350 382/382/351 381/381/188
f 377/377/347 373/373/343 383/383/352
f 380/380/350 377/377/347 383/383/352
f 384/384/353 382/382/351 380/380/350
f 385/385/191 382/382/351 384/384/353
f 380/380/350 383/383/352 386/386/354
f 384/384/353 380/380/350 386/386/354
f 387/387/355 383/383/352 373/373/343
f 376/376/346 387/387/355 373/373/343
f 388/388/356 372/372/342 375/375/345
f 388/388/356 376/376/346 372/372/342
f 386/386/354 383/383/352 389/389/357
f 387/387/355 389/389/357 383/383/352
f 388/388/356 390/390/358 376/376/346
f 387/387/355 390/390/358 389/389/357
f 390/390/358 387/387/355 376/376/346
f 385/385/191 384/384/353 391/391/359
f 391/391/359 384/384/353 386/386/354
f 386/386/354 389/389/357 392/392/360
f 391/391/359 386/386/354 392/392/360
f 392/392/360 385/385/191 391/391/359
f 393/393/361 392/392/360 389/389/357
f 392/392/360 393/393/361 385/385/191
f 394/394/196 385/385/191 393/393/361
f 388/388/356 375/375/345 395/395/362
f 390/390/358 388/388/356 395/395/362
f 396/396/363 393/393/361 389/389/357
f 395/395/362 396/396/363 390/390/358
f 396/396/363 389/389/357 390/390/358
f 394/394/196 393/393/361 397/397/364
f 397/397/364 398/398/205 394/394/196
f 397/397/364 393/393/361 399/399/365
f 399/399/365 393/393/361 396/396/363
f 399/399/365 398/398/205 397/397/364
f 400/400/366 399/399/365 396/396/363
f 400/400/366 396/396/363 395/395/362
f 401/401/367 400/400/366 395/395/362
f 395/395/362 375/375/345 401/401/367
f 400/400/366 401/401/367 402/402/368
f 400/400/366 402/402/368 403/403/369
f 403/403/369 398/398/205 399/399/365
f 400/400/366 403/403/369 399/399/365
f 375/375/345 404/404/370 401/401/367
f 401/401/367 404/404/370 402/402/368
f 375/375/345 363/363/333 404/404/370
f 404/404/370 363/363/333 405/405/371
f 362/362/332 405/405/371 363/363/333
f 404/404/370 405/405/371 402/402/368
f 406/406/372 402/402/368 405/405/371
f 406/406/372 405/405/371 362/362/332
f 352/352/322 406/406/372 362/362/332
f 407/407/373 406/406/372 352/352/322
f 407/407/373 402/402/368 406/406/372
f 352/352/322 408/408/374 407/407/373
f 403/403/369 409/409/375 398/398/205
f 409/409/375 410/410/376 398/398/205
f 407/407/373 411/411/377 402/402/368
f 403/403/369 411/411/377 409/409/375
f 402/402/368 411/411/377 403/403/369
f 412/412/378 407/407/373 408/408/374
f 407/407/373 412/412/378 411/411/377
f 408/408/374 413/413/379 412/412/378
f 409/409/375 414/414/380 410/410/376
f 414/414/380 411/411/377 412/412/378
f 413/413/379 414/414/380 412/412/378
f 411/411/377 414/414/380 409/409/375
f 415/415/381 414/414/380 413/413/379
f 415/415/381 410/410/376 414/414/380
f 415/415/381 413/413/379 416/416/382
f 417/417/383 418/418/322 419/419/317
f 420/420/374 418/418/322 417/417/383
f 421/421/384 420/420/374 417/417/383
f 420/420/374 421/421/384 422/422/385
f 423/423/386 424/424/387 425/425/388
f 426/426/389 423/423/386 425/425/388
f 426/426/389 427/427/390 423/423/386
f 428/428/391 429/429/392 430/430/393
f 428/428/391 431/431/394 432/432/395
f 428/428/391 433/433/396 426/426/389
f 433/433/396 427/427/390 426/426/389
f 434/434/397 428/428/391 432/432/395
f 433/433/396 428/428/391 434/434/397
f 435/435/398 434/434/397 436/436/399
f 437/437/400 434/434/397 435/435/398
f 437/437/400 433/433/396 434/434/397
f 438/438/401 437/437/400 435/435/398
f 433/433/396 437/437/400 438/438/401
f 439/439/402 433/433/396 438/438/401
f 427/427/390 433/433/396 439/439/402
f 439/439/402 438/438/401 440/440/403
f 441/441/404 427/427/390 439/439/402
f 438/438/401 442/442/405 440/440/403
f 441/441/404 439/439/402 443/443/406
f 443/443/406 439/439/402 440/440/403
f 444/444/407 441/441/404 443/443/406
f 442/442/405 445/445/408 440/440/403
f 443/443/406 440/440/403 446/446/409
f 444/444/407 443/443/406 447/447/410
f 443/443/406 448/448/411 447/447/410
f 449/449/412 450/450/413 451/451/414
f 450/450/413 452/452/415 451/451/414
f 451/451/414 452/452/415 453/453/416
f 453/453/416 454/454/417 451/451/414
f 452/452/415 455/455/418 453/453/416
f 456/456/419 454/454/417 453/453/416
f 40/40/20 456/456/419 457/457/420
f 457/457/420 456/456/419 453/453/416
f 453/453/416 455/455/418 457/457/420
f 42/42/22 40/40/20 457/457/420
f 455/455/418 458/458/421 457/457/420
f 458/458/421 43/43/23 42/42/22
f 457/457/420 458/458/421 42/42/22
f 459/459/422 460/460/418 461/461/423
f 459/459/422 461/461/423 462/462/424
f 463/463/425 459/459/422 462/462/424
f 464/464/426 465/465/427 466/466/428
f 467/467/429 464/464/426 466/466/428
f 464/464/426 467/467/429 468/468/430
f 464/464/426 468/468/430 469/469/431
f 470/470/432 471/471/433 472/472/434
f 473/473/435 471/471/433 470/470/432
f 474/474/435 473/473/435 470/470/432
f 473/473/435 474/474/435 475/475/436
f 476/476/437 473/473/435 475/475/436
f 476/476/437 475/475/436 477/477/438
f 478/478/439 476/476/437 477/477/438
f 478/478/439 477/477/438 479/479/440
f 477/477/438 480/480/441 479/479/440
f 481/481/48 482/482/442 483/483/443
f 484/484/444 481/481/48 483/483/443
f 485/485/49 481/481/48 484/484/444
f 484/484/444 483/483/443 486/486/445
f 487/487/446 485/485/49 484/484/444
f 485/485/49 487/487/446 488/488/51
f 489/489/447 484/484/444 486/486/445
f 487/487/446 484/484/444 489/489/447
f 490/490/448 487/487/446 489/489/447
f 487/487/446 490/490/448 488/488/51
f 490/490/448 491/491/449 488/488/51
f 490/490/448 492/492/450 491/491/449
f 493/493/451 492/492/450 490/490/448
f 489/489/447 493/493/451 490/490/448
f 492/492/450 494/494/452 495/495/453
f 493/493/451 496/496/454 497/497/455
f 492/492/450 493/493/451 498/498/456
f 499/499/457 500/500/458 501/501/459
f 502/502/460 503/503/461 504/504/462
f 502/502/460 505/505/463 503/503/461
f 506/506/464 499/499/457 501/501/459
f 499/499/457 506/506/464 507/507/465
f 508/508/466 501/501/459 505/505/463
f 502/502/460 508/508/466 505/505/463
f 509/509/467 506/506/464 501/501/459
f 508/508/466 509/509/467 501/501/459
f 506/506/464 510/510/468 507/507/465
f 510/510/468 511/511/469 507/507/465
f 508/508/466 512/512/470 509/509/467
f 512/512/470 508/508/466 502/502/460
f 509/509/467 513/513/471 506/506/464
f 513/513/471 510/510/468 506/506/464
f 512/512/470 513/513/471 509/509/467
f 512/512/470 502/502/460 514/514/472
f 514/514/472 502/502/460 504/504/462
f 513/513/471 515/515/473 510/510/468
f 510/510/468 515/515/473 511/511/469
f 511/511/469 515/515/473 516/516/474
f 516/516/474 515/515/473 513/513/471
f 517/517/475 511/511/469 516/516/474
f 516/516/474 518/518/476 517/517/475
f 516/516/474 519/519/477 518/518/476
f 514/514/472 519/519/477 512/512/470
f 512/512/470 519/519/477 513/513/471
f 516/516/474 513/513/471 519/519/477
f 519/519/477 520/520/478 518/518/476
f 520/520/478 519/519/477 514/514/472
f 520/520/478 521/521/479 518/518/476
f 522/522/480 514/514/472 504/504/462
f 523/523/481 520/520/478 514/514/472
f 520/520/478 523/523/481 521/521/479
f 522/522/480 523/523/481 514/514/472
f 524/524/482 521/521/479 523/523/481
f 525/525/483 521/521/479 524/524/482
f 526/526/484 524/524/482 523/523/481
f 526/526/484 523/523/481 522/522/480
f 524/524/482 526/526/484 527/527/485
f 525/525/483 524/524/482 528/528/486
f 529/529/487 530/530/488 531/531/489
f 526/526/484 532/532/490 533/533/491
f 534/534/492 530/530/488 529/529/487
f 530/530/488 534/534/492 535/535/493
f 535/535/493 534/534/492 536/536/494
f 534/534/492 537/537/495 536/536/494
f 538/538/496 536/536/494 537/537/495
f 539/539/109 538/538/496 540/540/497
f 534/534/492 541/541/498 542/542/499
f 543/543/105 544/544/108 545/545/500
f 543/543/105 545/545/500 546/546/501
f 547/547/104 543/543/105 546/546/501
f 547/547/104 546/546/501 548/548/502
f 549/549/102 547/547/104 548/548/502
f 549/549/102 548/548/502 550/550/503
f 551/551/100 549/549/102 550/550/503
f 529/529/487 552/552/504 553/553/505
f 554/554/506 555/555/507 556/556/508
f 557/557/96 554/554/506 556/556/508
f 557/557/96 556/556/508 558/558/509
f 559/559/510 560/560/511 561/561/512
f 562/562/513 563/563/514 560/560/511
f 564/564/515 565/565/516 566/566/517
f 564/564/515 567/567/518 565/565/516
f 567/567/518 568/568/519 565/565/516
f 569/569/520 570/570/521 571/571/522
f 569/569/520 572/572/523 570/570/521
f 572/572/523 573/573/524 570/570/521
f 574/574/525 569/569/520 571/571/522
f 572/572/523 569/569/520 574/574/525
f 571/571/522 575/575/526 574/574/525
f 572/572/523 574/574/525 576/576/527
f 575/575/526 576/576/527 574/574/525
f 572/572/523 577/577/527 578/578/528
f 577/577/527 579/579/529 578/578/528
f 579/579/529 580/580/530 578/578/528
f 580/580/530 579/579/529 581/581/531
f 582/582/532 583/583/533 584/584/534
f 583/583/533 585/585/535 584/584/534
f 583/583/533 586/586/536 585/585/535
f 586/586/536 587/587/537 585/585/535
f 588/588/538 587/587/537 586/586/536
f 589/589/539 588/588/538 586/586/536
f 589/589/539 586/586/536 590/590/540
f 591/591/541 592/592/542 593/593/543
f 594/594/544 591/591/541 595/595/545
f 591/591/541 596/596/546 597/597/547
f 594/594/544 598/598/548 599/599/549
f 600/600/550 601/601/551 602/602/552
f 603/603/553 602/602/552 604/604/554
f 594/594/544 599/599/549 605/605/555
f 599/599/549 606/606/556 607/607/557
f 599/599/549 607/607/557 605/605/555
f 608/608/551 609/609/558 610/610/559
f 608/608/551 611/611/560 609/609/558
f 611/611/560 612/612/561 609/609/558
f 613/613/562 609/609/558 614/614/563
f 609/609/558 612/612/561 614/614/563
f 613/613/562 614/614/563 615/615/564
f 602/602/552 603/603/553 615/615/564
f 603/603/553 613/613/562 615/615/564
f 600/600/550 616/616/565 617/617/566
f 617/617/566 616/616/565 615/615/564
f 618/618/567 617/617/566 615/615/564
f 600/600/550 617/617/566 619/619/561
f 619/619/561 617/617/566 618/618/567
f 620/620/568 621/621/569 622/622/570
f 620/620/568 623/623/571 624/624/572
f 620/620/568 622/622/570 625/625/573
f 626/626/574 620/620/568 625/625/573
f 623/623/571 620/620/568 626/626/574
f 627/627/575 623/623/571 626/626/574
f 626/626/574 625/625/573 628/628/576
f 628/628/576 627/627/575 626/626/574
f 628/628/576 625/625/573 629/629/577
f 629/629/577 630/630/578 628/628/576
f 628/628/576 630/630/578 627/627/575
f 631/631/188 632/632/187 633/633/579
f 632/632/187 634/634/580 633/633/579
f 635/635/581 633/633/579 634/634/580
f 632/632/187 636/636/192 634/634/580
f 637/637/582 635/635/581 634/634/580
f 636/636/192 638/638/583 634/634/580
f 638/638/583 637/637/582 634/634/580
f 637/637/582 639/639/584 635/635/581
f 639/639/584 640/640/585 635/635/581
f 641/641/586 638/638/583 636/636/192
f 642/642/198 641/641/586 636/636/192
f 641/641/586 642/642/198 643/643/587
f 641/641/586 644/644/588 638/638/583
f 644/644/588 645/645/589 638/638/583
f 638/638/583 645/645/589 637/637/582
f 645/645/589 639/639/584 637/637/582
f 645/645/589 644/644/588 646/646/590
f 640/640/585 639/639/584 647/647/591
f 648/648/592 640/640/585 647/647/591
f 647/647/591 649/649/593 648/648/592
f 649/649/593 647/647/591 650/650/594
f 647/647/591 651/651/595 650/650/594
f 651/651/595 645/645/589 646/646/590
f 647/647/591 639/639/584 651/651/595
f 639/639/584 645/645/589 651/651/595
f 651/651/595 646/646/590 652/652/596
f 650/650/594 651/651/595 652/652/596
f 653/653/597 654/654/598 655/655/599
f 653/653/597 655/655/599 656/656/600
f 655/655/599 657/657/601 656/656/600
f 658/658/602 655/655/599 659/659/603
f 658/658/602 660/660/604 661/661/605
f 662/662/606 657/657/601 658/658/602
f 663/663/607 658/658/602 661/661/605
f 663/663/607 661/661/605 664/664/608
f 662/662/606 658/658/602 663/663/607
f 665/665/609 664/664/608 666/666/610
f 665/665/609 663/663/607 664/664/608
f 667/667/611 663/663/607 665/665/609
f 667/667/611 662/662/606 663/663/607
f 662/662/606 667/667/611 668/668/612
f 669/669/613 666/666/610 670/670/614
f 669/669/613 665/665/609 666/666/610
f 665/665/609 669/669/613 671/671/615
f 669/669/613 672/672/616 671/671/615
f 673/673/617 671/671/615 674/674/618
f 667/667/611 675/675/619 668/668/612
f 673/673/617 675/675/619 667/667/611
f 675/675/619 676/676/620 677/677/621
f 678/678/622 679/679/623 680/680/624
f 681/681/625 682/682/626 683/683/627
f 684/684/628 681/681/625 683/683/627
f 678/678/622 685/685/629 686/686/630
f 679/679/623 678/678/622 687/687/631
f 683/683/627 679/679/623 687/687/631
f 686/686/630 688/688/632 689/689/633
f 687/687/631 678/678/622 690/690/634
f 678/678/622 686/686/630 690/690/634
f 691/691/635 690/690/634 686/686/630
f 691/691/635 689/689/633 692/692/636
f 692/692/636 693/693/637 694/694/638
f 695/695/639 692/692/636 694/694/638
f 695/695/639 694/694/638 696/696/640
f 695/695/639 697/697/641 698/698/642
f 698/698/642 697/697/641 699/699/643
f 698/698/642 699/699/643 700/700/644
f 691/691/635 692/692/636 701/701/645
f 692/692/636 695/695/639 701/701/645
f 702/702/646 695/695/639 698/698/642
f 695/695/639 702/702/646 701/701/645
f 703/703/647 698/698/642 700/700/644
f 702/702/646 698/698/642 703/703/647
f 704/704/648 691/691/635 701/701/645
f 690/690/634 691/691/635 704/704/648
f 705/705/649 702/702/646 703/703/647
f 701/701/645 702/702/646 706/706/650
f 702/702/646 705/705/649 706/706/650
f 705/705/649 707/707/651 706/706/650
f 704/704/648 701/701/645 706/706/650
f 706/706/650 708/708/652 709/709/653
f 709/709/653 704/704/648 706/706/650
f 710/710/654 690/690/634 704/704/648
f 710/710/654 704/704/648 709/709/653
f 687/687/631 690/690/634 710/710/654
f 711/711/655 710/710/654 709/709/653
f 683/683/627 687/687/631 712/712/656
f 712/712/656 710/710/654 711/711/655
f 712/712/656 687/687/631 710/710/654
f 713/713/657 712/712/656 711/711/655
f 711/711/655 714/714/658 713/713/657
f 712/712/656 713/713/657 715/715/659
f 715/715/659 713/713/657 716/716/660
f 717/717/661 683/683/627 712/712/656
f 717/717/661 684/684/628 683/683/627
f 684/684/628 717/717/661 715/715/659
f 717/717/661 712/712/656 715/715/659
f 718/718/644 684/684/628 715/715/659
f 715/715/659 719/719/662 718/718/644
f 720/720/663 721/721/664 722/722/665
f 722/722/665 723/723/666 720/720/663
f 723/723/666 724/724/667 720/720/663
f 724/724/667 725/725/668 720/720/663
f 725/725/668 726/726/669 720/720/663
f 726/726/669 725/725/668 727/727/670
f 726/726/669 728/728/671 729/729/672
f 728/728/671 726/726/669 727/727/670
f 727/727/670 730/730/673 728/728/671
f 728/728/671 731/731/674 729/729/672
f 730/730/673 732/732/675 728/728/671
f 730/730/673 733/733/676 732/732/675
f 733/733/676 734/734/677 732/732/675
f 732/732/675 734/734/677 735/735/678
f 734/734/677 736/736/679 735/735/678
f 733/733/676 737/737/680 734/734/677
f 737/737/680 733/733/676 738/738/681
f 737/737/680 738/738/681 739/739/682
f 734/734/677 740/740/683 736/736/679
f 737/737/680 740/740/683 734/734/677
f 741/741/665 742/742/684 743/743/685
f 741/741/665 743/743/685 744/744/686
f 745/745/666 741/741/665 744/744/686
f 746/746/687 745/745/666 744/744/686
f 746/746/687 744/744/686 747/747/688
f 748/748/689 749/749/690 750/750/691
f 751/751/692 748/748/689 750/750/691
f 752/752/693 751/751/692 750/750/691
f 752/752/693 753/753/694 754/754/695
f 752/752/693 755/755/696 751/751/692
f 756/756/308 757/757/310 758/758/697
f 757/757/310 759/759/698 758/758/697
f 760/760/699 758/758/697 759/759/698
f 757/757/310 761/761/312 759/759/698
f 759/759/698 762/762/700 760/760/699
f 762/762/700 763/763/701 760/760/699
f 761/761/312 764/764/702 759/759/698
f 759/759/698 764/764/702 762/762/700
f 761/761/312 765/765/315 764/764/702
f 765/765/315 766/766/703 764/764/702
f 766/766/703 765/765/315 767/767/319
f 768/768/704 763/763/701 762/762/700
f 769/769/705 763/763/701 768/768/704
f 764/764/702 770/770/706 762/762/700
f 764/764/702 766/766/703 770/770/706
f 771/771/707 766/766/703 767/767/319
f 767/767/319 772/772/324 771/771/707
f 762/762/700 770/770/706 773/773/708
f 773/773/708 768/768/704 762/762/700
f 766/766/703 774/774/709 770/770/706
f 774/774/709 766/766/703 771/771/707
f 770/770/706 774/774/709 773/773/708
f 772/772/324 775/775/710 771/771/707
f 775/775/710 772/772/324 776/776/328
f 777/777/711 771/771/707 775/775/710
f 777/777/711 774/774/709 771/771/707
f 778/778/712 775/775/710 776/776/328
f 776/776/328 779/779/331 778/778/712
f 768/768/704 773/773/708 780/780/713
f 780/780/713 769/769/705 768/768/704
f 780/780/713 773/773/708 781/781/714
f 774/774/709 782/782/715 773/773/708
f 782/782/715 774/774/709 777/777/711
f 773/773/708 782/782/715 781/781/714
f 783/783/716 775/775/710 778/778/712
f 783/783/716 777/777/711 775/775/710
f 777/777/711 783/783/716 784/784/717
f 781/781/714 782/782/715 784/784/717
f 784/784/717 782/782/715 777/777/711
f 785/785/718 783/783/716 778/778/712
f 783/783/716 785/785/718 784/784/717
f 779/779/331 786/786/719 778/778/712
f 778/778/712 786/786/719 785/785/718
f 787/787/720 784/784/717 785/785/718
f 784/784/717 787/787/720 781/781/714
f 786/786/719 779/779/331 788/788/721
f 779/779/331 789/789/341 788/788/721
f 788/788/721 790/790/722 786/786/719
f 790/790/722 785/785/718 786/786/719
f 790/790/722 787/787/720 785/785/718
f 788/788/721 789/789/341 791/791/723
f 789/789/341 792/792/344 791/791/723
f 787/787/720 793/793/724 781/781/714
f 787/787/720 790/790/722 793/793/724
f 791/791/723 794/794/725 788/788/721
f 788/788/721 794/794/725 790/790/722
f 791/791/723 792/792/344 795/795/726
f 792/792/344 796/796/348 795/795/726
f 795/795/726 796/796/348 797/797/349
f 798/798/727 795/795/726 797/797/349
f 797/797/349 799/799/188 798/798/727
f 800/800/728 798/798/727 799/799/188
f 791/791/723 795/795/726 801/801/729
f 795/795/726 798/798/727 801/801/729
f 800/800/728 802/802/730 798/798/727
f 800/800/728 803/803/581 802/802/730
f 798/798/727 802/802/730 804/804/731
f 801/801/729 798/798/727 804/804/731
f 801/801/729 805/805/732 791/791/723
f 805/805/732 794/794/725 791/791/723
f 790/790/722 806/806/733 793/793/724
f 794/794/725 806/806/733 790/790/722
f 807/807/734 805/805/732 801/801/729
f 801/801/729 804/804/731 807/807/734
f 794/794/725 805/805/732 808/808/735
f 806/806/733 794/794/725 808/808/735
f 808/808/735 805/805/732 807/807/734
f 802/802/730 803/803/581 809/809/736
f 802/802/730 809/809/736 804/804/731
f 807/807/734 804/804/731 810/810/737
f 804/804/731 809/809/736 810/810/737
f 803/803/581 810/810/737 809/809/736
f 811/811/738 810/810/737 803/803/581
f 810/810/737 811/811/738 807/807/734
f 803/803/581 812/812/585 811/811/738
f 806/806/733 808/808/735 813/813/739
f 793/793/724 806/806/733 813/813/739
f 814/814/740 813/813/739 808/808/735
f 811/811/738 814/814/740 807/807/734
f 807/807/734 814/814/740 808/808/735
f 811/811/738 812/812/585 815/815/741
f 816/816/592 815/815/741 812/812/585
f 816/816/592 817/817/742 815/815/741
f 811/811/738 815/815/741 817/817/742
f 811/811/738 817/817/742 814/814/740
f 814/814/740 818/818/743 813/813/739
f 817/817/742 818/818/743 814/814/740
f 793/793/724 813/813/739 819/819/744
f 818/818/743 819/819/744 813/813/739
f 819/819/744 818/818/743 820/820/745
f 820/820/745 818/818/743 821/821/746
f 821/821/746 818/818/743 817/817/742
f 816/816/592 821/821/746 817/817/742
f 781/781/714 793/793/724 822/822/747
f 822/822/747 793/793/724 819/819/744
f 819/819/744 820/820/745 822/822/747
f 823/823/748 780/780/713 781/781/714
f 781/781/714 822/822/747 823/823/748
f 820/820/745 823/823/748 822/822/747
f 823/823/748 824/824/749 780/780/713
f 820/820/745 824/824/749 823/823/748
f 824/824/749 769/769/705 780/780/713
f 820/820/745 825/825/750 824/824/749
f 824/824/749 825/825/750 769/769/705
f 826/826/751 769/769/705 825/825/750
f 827/827/752 821/821/746 816/816/592
f 828/828/753 827/827/752 816/816/592
f 829/829/754 820/820/745 821/821/746
f 821/821/746 827/827/752 829/829/754
f 829/829/754 825/825/750 820/820/745
f 825/825/750 830/830/755 826/826/751
f 830/830/755 825/825/750 829/829/754
f 831/831/756 826/826/751 830/830/755
f 832/832/757 831/831/756 830/830/755
f 832/832/757 827/827/752 828/828/753
f 827/827/752 832/832/757 829/829/754
f 829/829/754 832/832/757 830/830/755
f 828/828/753 833/833/758 832/832/757
f 832/832/757 833/833/758 831/831/756
f 831/831/756 833/833/758 834/834/759
f 835/835/705 836/836/760 837/837/761
f 836/836/760 835/835/705 838/838/751
f 839/839/762 836/836/760 838/838/751
f 839/839/762 838/838/751 840/840/763
f 841/841/764 842/842/765 843/843/766
f 841/841/764 844/844/767 842/842/765
f 841/841/764 845/845/768 844/844/767
f 841/841/764 846/846/769 845/845/768
f 841/841/764 847/847/770 846/846/769
f 841/841/764 848/848/771 847/847/770
f 841/841/764 849/849/772 848/848/771
f 841/841/764 850/850/773 849/849/772
f 851/851/774 852/852/775 853/853/776
f 851/851/774 854/854/777 852/852/775
f 851/851/774 855/855/778 854/854/777
f 851/851/774 856/856/779 855/855/778
f 851/851/774 857/857/780 856/856/779
f 851/851/774 858/858/781 857/857/780
f 427/427/390 859/859/782 423/423/386
f 423/423/386 859/859/782 860/860/783
f 859/859/782 861/861/784 860/860/783
f 862/862/785 863/863/786 859/859/782
f 862/862/785 864/864/787 865/865/788
f 427/427/390 866/866/789 859/859/782
f 866/866/789 862/862/785 859/859/782
f 867/867/790 868/868/791 862/862/785
f 862/862/785 866/866/789 867/867/790
f 867/867/790 869/869/792 868/868/791
f 867/867/790 870/870/793 869/869/792
f 867/867/790 871/871/794 870/870/793
f 866/866/789 871/871/794 867/867/790
f 871/871/794 872/872/795 870/870/793
f 871/871/794 866/866/789 872/872/795
f 866/866/789 427/427/390 873/873/796
f 427/427/390 441/441/404 873/873/796
f 866/866/789 873/873/796 872/872/795
f 872/872/795 873/873/796 874/874/797
f 875/875/798 872/872/795 874/874/797
f 873/873/796 441/441/404 876/876/799
f 873/873/796 876/876/799 874/874/797
f 441/441/404 444/444/407 876/876/799
f 874/874/797 876/876/799 877/877/800
f 874/874/797 877/877/800 878/878/801
f 876/876/799 879/879/802 877/877/800
f 444/444/407 880/880/803 881/881/804
f 876/876/799 444/444/407 881/881/804
f 882/882/805 883/883/806 884/884/807
f 885/885/808 886/886/809 887/887/810
f 888/888/811 886/886/809 885/885/808
f 885/885/808 887/887/810 889/889/812
f 890/890/813 888/888/811 885/885/808
f 891/891/814 885/885/808 889/889/812
f 891/891/814 890/890/813 885/885/808
f 892/892/815 890/890/813 891/891/814
f 893/893/816 890/890/813 892/892/815
f 894/894/817 893/893/816 892/892/815
f 895/895/818 891/891/814 889/889/812
f 894/894/817 892/892/815 896/896/819
f 892/892/815 897/897/820 896/896/819
f 898/898/821 897/897/820 892/892/815
f 896/896/819 897/897/820 899/899/822
f 899/899/822 897/897/820 900/900/823
f 901/901/824 897/897/820 898/898/821
f 902/902/824 901/901/824 898/898/821
f 898/898/821 903/903/825 904/904/826
f 903/903/825 905/905/827 904/904/826
f 906/906/828 905/905/827 903/903/825
f 907/907/807 908/908/806 909/909/829
f 910/910/811 911/911/830 912/912/831
f 911/911/830 910/910/811 913/913/832
f 911/911/830 913/913/832 914/914/833
f 914/914/833 913/913/832 915/915/834
f 916/916/835 913/913/832 910/910/811
f 913/913/832 916/916/835 915/915/834
f 916/916/835 910/910/811 917/917/813
f 915/915/834 916/916/835 918/918/836
f 916/916/835 919/919/837 918/918/836
f 919/919/837 916/916/835 917/917/813
f 919/919/837 917/917/813 920/920/838
f 921/921/839 919/919/837 922/922/840
f 923/923/841 919/919/837 920/920/838
f 919/919/837 923/923/841 922/922/840
f 923/923/841 924/924/842 922/922/840
f 925/925/843 923/923/841 920/920/838
f 926/926/844 924/924/842 923/923/841
f 927/927/845 926/926/844 923/923/841
f 923/923/841 925/925/843 927/927/845
f 925/925/843 928/928/846 927/927/845
f 929/929/847 926/926/844 927/927/845
f 928/928/846 930/930/848 927/927/845
f 930/930/848 929/929/847 927/927/845
f 931/931/849 932/932/850 933/933/851
f 934/934/852 935/935/853 936/936/854
f 935/935/853 937/937/855 936/936/854
f 935/935/853 938/938/856 937/937/855
f 938/938/856 939/939/857 937/937/855
f 939/939/857 938/938/856 940/940/858
f 938/938/856 941/941/859 940/940/858
f 942/942/860 943/943/861 944/944/862
f 945/945/863 942/942/860 944/944/862
f 942/942/860 945/945/863 946/946/864
f 944/944/862 947/947/865 945/945/863
f 945/945/863 948/948/866 946/946/864
f 945/945/863 949/949/867 948/948/866
f 950/950/868 949/949/867 951/951/869
f 950/950/868 951/951/869 952/952/870
f 950/950/868 953/953/871 949/949/867
f 953/953/871 954/954/872 949/949/867
f 955/955/873 950/950/868 952/952/870
f 953/953/871 950/950/868 956/956/874
f 956/956/874 950/950/868 955/955/873
f 955/955/873 952/952/870 957/957/875
f 952/952/870 958/958/876 957/957/875
f 957/957/875 958/958/876 959/959/877
f 958/958/876 960/960/878 959/959/877
f 961/961/879 955/955/873 957/957/875
f 957/957/875 959/959/877 961/961/879
f 962/962/880 956/956/874 955/955/873
f 962/962/880 955/955/873 961/961/879
f 959/959/877 960/960/878 963/963/881
f 960/960/878 964/964/882 963/963/881
f 965/965/883 966/966/884 967/967/885
f 959/959/877 968/968/886 961/961/879
f 959/959/877 969/969/887 968/968/886
f 970/970/888 962/962/880 961/961/879
f 970/970/888 961/961/879 968/968/886
f 971/971/889 970/970/888 968/968/886
f 972/972/890 966/966/884 973/973/891
f 972/972/890 973/973/891 974/974/892
f 972/972/890 974/974/892 975/975/893
f 976/976/894 977/977/895 975/975/893
f 970/970/888 978/978/896 962/962/880
f 971/971/889 978/978/896 970/970/888
f 962/962/880 978/978/896 979/979/897
f 956/956/874 962/962/880 980/980/898
f 980/980/898 962/962/880 979/979/897
f 980/980/898 981/981/899 982/982/900
f 982/982/900 983/983/901 984/984/902
f 980/980/898 985/985/903 956/956/874
f 980/980/898 982/982/900 985/985/903
f 986/986/904 982/982/900 984/984/902
f 986/986/904 984/984/902 987/987/905
f 956/956/874 985/985/903 988/988/906
f 982/982/900 986/986/904 989/989/907
f 990/990/908 986/986/904 987/987/905
f 990/990/908 987/987/905 991/991/909
f 992/992/910 988/988/906 985/985/903
f 989/989/907 992/992/910 985/985/903
f 993/993/911 986/986/904 990/990/908
f 989/989/907 993/993/911 992/992/910
f 989/989/907 986/986/904 993/993/911
f 993/993/911 990/990/908 994/994/912
f 994/994/912 990/990/908 991/991/909
f 994/994/912 991/991/909 995/995/913
f 996/996/914 994/994/912 995/995/913
f 997/997/915 994/994/912 996/996/914
f 998/998/916 992/992/910 993/993/911
f 993/993/911 994/994/912 998/998/916
f 994/994/912 997/997/915 998/998/916
f 999/999/917 988/988/906 992/992/910
f 999/999/917 992/992/910 1000/1000/918
f 999/999/917 1001/1001/919 988/988/906
f 999/999/917 1000/1000/918 1001/1001/919
f 1001/1001/919 1002/1002/920 953/953/871
f 953/953/871 1002/1002/920 954/954/872
f 1000/1000/918 1002/1002/920 1001/1001/919
f 1000/1000/918 1003/1003/921 1002/1002/920
f 1004/1004/922 948/948/866 954/954/872
f 1002/1002/920 1004/1004/922 954/954/872
f 1003/1003/921 1004/1004/922 1002/1002/920
f 1005/1005/923 1004/1004/922 1003/1003/921
f 1006/1006/924 1004/1004/922 1005/1005/923
f 948/948/866 1004/1004/922 1007/1007/925
f 1008/1008/925 948/948/866 1007/1007/925
f 1009/1009/926 1010/1010/927 1011/1011/928
f 1011/1011/928 1012/1012/929 1009/1009/926
f 1012/1012/929 1013/1013/930 1009/1009/926
f 1013/1013/930 1012/1012/929 1014/1014/931
f 1015/1015/932 1016/1016/933 1017/1017/934
f 1016/1016/933 1018/1018/935 1017/1017/934
f 1016/1016/933 1019/1019/936 1018/1018/935
f 1019/1019/936 1020/1020/937 1018/1018/935
f 1021/1021/938 1022/1022/939 1023/1023/940
f 1024/1024/941 1022/1022/939 1021/1021/938
f 1021/1021/938 1025/1025/942 1026/1026/943
f 1026/1026/943 1025/1025/942 1027/1027/944
f 1026/1026/943 1027/1027/944 1028/1028/945
f 1029/1029/946 1028/1028/945 1030/1030/947
f 1031/1031/948 1028/1028/945 1029/1029/946
f 1031/1031/948 1026/1026/943 1028/1028/945
f 1026/1026/943 1031/1031/948 1032/1032/949
f 1032/1032/949 1021/1021/938 1026/1026/943
f 1033/1033/950 1021/1021/938 1032/1032/949
f 1034/1034/951 1021/1021/938 1033/1033/950
f 1035/1035/952 1034/1034/951 1033/1033/950
f 1034/1034/951 1035/1035/952 1036/1036/953
f 1029/1029/946 1037/1037/954 1038/1038/955
f 1039/1039/956 1040/1040/957 1041/1041/958
f 1042/1042/959 1040/1040/957 1039/1039/956
f 1042/1042/959 1039/1039/956 1043/1043/960
f 1044/1044/961 1042/1042/959 1043/1043/960
f 1038/1038/955 1045/1045/962 1029/1029/946
f 1038/1038/955 1046/1046/963 1045/1045/962
f 1045/1045/962 1047/1047/964 1048/1048/965
f 1049/1049/966 1045/1045/962 1048/1048/965
f 1045/1045/962 1049/1049/966 1029/1029/946
f 1050/1050/967 1049/1049/966 1048/1048/965
f 1029/1029/946 1049/1049/966 1051/1051/968
f 1049/1049/966 1050/1050/967 1051/1051/968
f 1050/1050/967 1052/1052/969 1051/1051/968
f 1053/1053/970 1051/1051/968 1052/1052/969
f 1054/1054/971 1051/1051/968 1053/1053/970
f 1054/1054/971 1031/1031/948 1029/1029/946
f 1054/1054/971 1029/1029/946 1051/1051/968
f 1053/1053/970 1055/1055/972 1054/1054/971
f 1054/1054/971 1056/1056/973 1031/1031/948
f 1055/1055/972 1056/1056/973 1054/1054/971
f 1056/1056/973 1057/1057/974 1031/1031/948
f 1031/1031/948 1057/1057/974 1032/1032/949
f 1055/1055/972 1058/1058/975 1056/1056/973
f 1055/1055/972 1059/1059/976 1058/1058/975
f 1058/1058/975 1059/1059/976 1060/1060/977
f 1058/1058/975 1060/1060/977 1061/1061/978
f 1058/1058/975 1062/1062/979 1056/1056/973
f 1056/1056/973 1062/1062/979 1057/1057/974
f 1062/1062/979 1058/1058/975 1061/1061/978
f 1063/1063/980 1062/1062/979 1061/1061/978
f 1063/1063/980 1057/1057/974 1062/1062/979
f 1057/1057/974 1063/1063/980 1032/1032/949
f 1064/1064/981 1063/1063/980 1061/1061/978
f 1063/1063/980 1065/1065/982 1032/1032/949
f 1032/1032/949 1065/1065/982 1033/1033/950
f 1063/1063/980 1064/1064/981 1065/1065/982
f 1066/1066/983 1065/1065/982 1064/1064/981
f 1065/1065/982 1066/1066/983 1067/1067/984
f 1065/1065/982 1067/1067/984 1033/1033/950
f 1068/1068/985 1067/1067/984 1066/1066/983
f 1069/1069/986 1067/1067/984 1068/1068/985
f 1035/1035/952 1033/1033/950 1069/1069/986
f 1033/1033/950 1067/1067/984 1069/1069/986
f 1070/1070/987 1069/1069/986 1068/1068/985
f 1035/1035/952 1071/1071/988 1036/1036/953
f 1069/1069/986 1071/1071/988 1035/1035/952
f 1069/1069/986 1070/1070/987 1071/1071/988
f 1070/1070/987 1072/1072/989 1071/1071/988
f 1036/1036/953 1071/1071/988 1072/1072/989
f 1036/1036/953 1072/1072/989 1073/1073/990
f 1074/1074/991 1075/1075/992 1076/1076/993
f 1077/1077/994 1074/1074/991 1076/1076/993
f 1076/1076/993 1078/1078/995 1077/1077/994
f 1079/1079/996 1074/1074/991 1077/1077/994
f 1078/1078/995 1080/1080/997 1077/1077/994
f 1081/1081/998 1077/1077/994 1080/1080/997
f 1081/1081/998 1079/1079/996 1077/1077/994
f 1082/1082/999 1081/1081/998 1080/1080/997
f 1083/1083/997 1084/1084/1000 1085/1085/1001
f 1083/1083/997 1086/1086/995 1084/1084/1000
f 1086/1086/995 1087/1087/1002 1084/1084/1000
f 1088/1088/1003 1084/1084/1000 1087/1087/1002
f 1089/1089/1004 1090/1090/1005 1091/1091/1006
f 1092/1092/1007 1093/1093/1008 1089/1089/1004
f 1094/1094/1009 1089/1089/1004 1093/1093/1008
f 1095/1095/1010 1096/1096/1011 1097/1097/1012
f 1097/1097/1012 1096/1096/1011 1098/1098/1013
f 1099/1099/1014 1100/1100/1014 1101/1101/1015
f 1102/1102/1014 1099/1099/1014 1101/1101/1015
f 1103/1103/1016 1104/1104/1017 1105/1105/1016
f 1104/1104/1017 1106/1106/1018 1105/1105/1016
f 1104/1104/1017 1107/1107/1019 1106/1106/1018
f 1108/1108/1020 1109/1109/1021 1110/1110/1022
f 1111/1111/1023 1110/1110/1022 1112/1112/1024
f 1112/1112/1024 1113/1113/1025 1111/1111/1023
f 1113/1113/1025 1114/1114/1026 1111/1111/1023
f 1113/1113/1025 1112/1112/1024 1115/1115/1027
f 1115/1115/1027 1112/1112/1024 1116/1116/1028
f 1115/1115/1027 1117/1117/1029 1113/1113/1025
f 1115/1115/1027 1118/1118/1020 1117/1117/1029
f 1115/1115/1027 1116/1116/1028 1118/1118/1020
f 1119/1119/1030 1120/1120/1031 1121/1121/1032
f 1122/1122/1033 1123/1123/1034 1124/1124/1035
f 1125/1125/1036 1126/1126/1037 1121/1121/1032
f 1127/1127/1038 1121/1121/1032 1126/1126/1037
f 1126/1126/1037 1125/1125/1036 1128/1128/1034
f 1126/1126/1037 1129/1129/1039 1127/1127/1038
f 1128/1128/1034 1129/1129/1039 1126/1126/1037
f 1130/1130/1040 1131/1131/1041 1132/1132/1042
f 1133/1133/1043 1130/1130/1040 1132/1132/1042
f 1134/1134/1044 1133/1133/1043 1132/1132/1042
f 1135/1135/1045 1134/1134/1044 1132/1132/1042
f 1132/1132/1042 1136/1136/1046 1135/1135/1045
f 1132/1132/1042 1131/1131/1041 1136/1136/1046
f 1131/1131/1041 1137/1137/1047 1136/1136/1046
f 1135/1135/1045 1136/1136/1046 1138/1138/1048
f 1137/1137/1047 1139/1139/1049 1136/1136/1046
f 1138/1138/1048 1136/1136/1046 1140/1140/1050
f 1139/1139/1049 1140/1140/1050 1136/1136/1046
f 1141/1141/1051 1140/1140/1050 1139/1139/1049
f 1138/1138/1048 1140/1140/1050 1141/1141/1051
f 1141/1141/1051 1139/1139/1049 1142/1142/1052
f 1141/1141/1051 1142/1142/1052 1138/1138/1048
f 1142/1142/1052 1143/1143/1053 1138/1138/1048
f 1139/1139/1049 1144/1144/429 1142/1142/1052
f 1143/1143/1053 1142/1142/1052 1145/1145/1054
f 1144/1144/429 1146/1146/1055 1142/1142/1052
f 1146/1146/1055 1145/1145/1054 1142/1142/1052
f 1147/1147/1056 1148/1148/1057 1149/1149/1058
f 1148/1148/1057 1150/1150/1059 1149/1149/1058
f 1151/1151/1060 1147/1147/1056 1149/1149/1058
f 1152/1152/1061 1151/1151/1060 1149/1149/1058
f 1153/1153/1062 1151/1151/1060 1152/1152/1061
f 1152/1152/1061 1154/1154/1063 1155/1155/1064
f 1151/1151/1060 1153/1153/1062 1156/1156/1065
f 1151/1151/1060 1156/1156/1065 1157/1157/1066
f 1158/1158/1067 1156/1156/1065 1153/1153/1062
f 1159/1159/1057 1156/1156/1065 1158/1158/1067
f 1157/1157/1066 1156/1156/1065 1159/1159/1057
f 1160/1160/1068 1161/1161/1069 1162/1162/1070
f 1163/1163/1071 1164/1164/1072 1165/1165/1073
f 1166/1166/1074 1163/1163/1071 1165/1165/1073
f 1167/1167/1075 1161/1161/1069 1168/1168/1076
f 1166/1166/1074 1165/1165/1073 1167/1167/1075
f 1169/1169/1077 1167/1167/1075 1168/1168/1076
f 1168/1168/1076 1170/1170/1078 1169/1169/1077
f 1167/1167/1075 1169/1169/1077 1171/1171/1074
f 1172/1172/1079 1171/1171/1074 1169/1169/1077
f 1172/1172/1079 1169/1169/1077 1170/1170/1078
f 1173/1173/1080 1174/1174/1081 1175/1175/1082
f 1173/1173/1080 1175/1175/1082 1176/1176/1083
f 1174/1174/1081 1177/1177/1084 1175/1175/1082
f 1178/1178/1085 1177/1177/1084 1174/1174/1081
f 1175/1175/1082 1179/1179/1086 1176/1176/1083
f 1176/1176/1083 1179/1179/1086 1180/1180/1087
f 1179/1179/1086 1175/1175/1082 1181/1181/1088
f 1179/1179/1086 1181/1181/1088 1180/1180/1087
f 1181/1181/1088 1182/1182/1089 1180/1180/1087
f 1180/1180/1087 1182/1182/1089 1183/1183/1090
f 1177/1177/1084 1184/1184/1091 1175/1175/1082
f 1184/1184/1091 1185/1185/1092 1175/1175/1082
f 1175/1175/1082 1185/1185/1092 1181/1181/1088
f 1182/1182/1089 1181/1181/1088 1186/1186/1093
f 1185/1185/1092 1184/1184/1091 1186/1186/1093
f 1181/1181/1088 1185/1185/1092 1186/1186/1093
f 1182/1182/1089 1187/1187/1094 1183/1183/1090
f 1187/1187/1094 1182/1182/1089 1186/1186/1093
f 1184/1184/1091 1188/1188/1095 1186/1186/1093
f 1188/1188/1095 1184/1184/1091 1177/1177/1084
f 1178/1178/1085 1188/1188/1095 1177/1177/1084
f 1189/1189/1096 1187/1187/1094 1186/1186/1093
f 1183/1183/1090 1187/1187/1094 1189/1189/1096
f 1188/1188/1095 1190/1190/1097 1186/1186/1093
f 1178/1178/1085 1190/1190/1097 1188/1188/1095
f 1190/1190/1097 1191/1191/1098 1186/1186/1093
f 1191/1191/1098 1190/1190/1097 1178/1178/1085
f 1192/1192/1099 1191/1191/1098 1178/1178/1085
f 1191/1191/1098 1193/1193/1100 1186/1186/1093
f 1192/1192/1099 1193/1193/1100 1191/1191/1098
f 1192/1192/1099 1194/1194/1101 1193/1193/1100
f 1195/1195/1102 1194/1194/1101 1192/1192/1099
f 1194/1194/1101 1196/1196/1103 1193/1193/1100
f 1193/1193/1100 1196/1196/1103 1186/1186/1093
f 1196/1196/1103 1197/1197/1104 1186/1186/1093
f 1197/1197/1104 1196/1196/1103 1194/1194/1101
f 1197/1197/1104 1189/1189/1096 1186/1186/1093
f 1198/1198/1105 1197/1197/1104 1194/1194/1101
f 1189/1189/1096 1197/1197/1104 1198/1198/1105
f 1198/1198/1105 1194/1194/1101 1195/1195/1102
f 1199/1199/1106 1198/1198/1105 1195/1195/1102
f 1199/1199/1106 1200/1200/1107 1198/1198/1105
f 1201/1201/1108 1189/1189/1096 1198/1198/1105
f 1200/1200/1107 1201/1201/1108 1198/1198/1105
f 1201/1201/1108 1183/1183/1090 1189/1189/1096
f 1183/1183/1090 1201/1201/1108 1200/1200/1107
f 1133/1133/1043 1134/1134/1044 1202/1202/1109
f 1130/1130/1040 1133/1133/1043 1202/1202/1109
f 1203/1203/1110 1130/1130/1040 1202/1202/1109
f 1134/1134/1044 1204/1204/1111 1202/1202/1109
f 1205/1205/1112 1202/1202/1109 1204/1204/1111
f 1203/1203/1110 1202/1202/1109 1205/1205/1112
f 1206/1206/1113 1203/1203/1110 1205/1205/1112
f 1205/1205/1112 1204/1204/1111 1207/1207/1114
f 1206/1206/1113 1205/1205/1112 1208/1208/1115
f 1205/1205/1112 1209/1209/1116 1208/1208/1115
f 1205/1205/1112 1207/1207/1114 1209/1209/1116
f 1209/1209/1116 1210/1210/1117 1208/1208/1115
f 1209/1209/1116 1207/1207/1114 1210/1210/1117
f 1211/1211/1118 1210/1210/1117 1207/1207/1114
f 1210/1210/1117 1211/1211/1118 1208/1208/1115
f 1212/1212/1119 1211/1211/1118 1207/1207/1114
f 1211/1211/1118 1213/1213/30 1208/1208/1115
f 1211/1211/1118 1212/1212/1119 1214/1214/1120
f 1215/1215/1121 1213/1213/30 1211/1211/1118
f 1214/1214/1120 1215/1215/1121 1211/1211/1118
f 1216/1216/1122 1217/1217/1123 1218/1218/1124
f 1218/1218/1124 1217/1217/1123 1219/1219/1125
f 1220/1220/1126 1216/1216/1122 1218/1218/1124
f 1220/1220/1126 1221/1221/1127 1216/1216/1122
f 1222/1222/1128 1218/1218/1124 1219/1219/1125
f 1222/1222/1128 1219/1219/1125 1223/1223/1129
f 1218/1218/1124 1222/1222/1128 1224/1224/1130
f 1224/1224/1130 1222/1222/1128 1223/1223/1129
f 1225/1225/1131 1224/1224/1130 1223/1223/1129
f 1223/1223/1129 1226/1226/1132 1225/1225/1131
f 1220/1220/1126 1218/1218/1124 1227/1227/1133
f 1218/1218/1124 1228/1228/1134 1227/1227/1133
f 1228/1228/1134 1218/1218/1124 1224/1224/1130
f 1228/1228/1134 1224/1224/1130 1229/1229/1135
f 1224/1224/1130 1225/1225/1131 1229/1229/1135
f 1227/1227/1133 1228/1228/1134 1229/1229/1135
f 1226/1226/1132 1230/1230/1136 1225/1225/1131
f 1225/1225/1131 1230/1230/1136 1229/1229/1135
f 1231/1231/1137 1227/1227/1133 1229/1229/1135
f 1227/1227/1133 1231/1231/1137 1220/1220/1126
f 1231/1231/1137 1221/1221/1127 1220/1220/1126
f 1230/1230/1136 1232/1232/1138 1229/1229/1135
f 1230/1230/1136 1226/1226/1132 1232/1232/1138
f 1233/1233/1139 1231/1231/1137 1229/1229/1135
f 1233/1233/1139 1221/1221/1127 1231/1231/1137
f 1221/1221/1127 1233/1233/1139 1234/1234/1140
f 1234/1234/1140 1233/1233/1139 1229/1229/1135
f 1235/1235/1141 1221/1221/1127 1234/1234/1140
f 1236/1236/1142 1234/1234/1140 1229/1229/1135
f 1236/1236/1142 1235/1235/1141 1234/1234/1140
f 1237/1237/1143 1235/1235/1141 1236/1236/1142
f 1237/1237/1143 1238/1238/1144 1235/1235/1141
f 1239/1239/1145 1236/1236/1142 1229/1229/1135
f 1239/1239/1145 1237/1237/1143 1236/1236/1142
f 1237/1237/1143 1239/1239/1145 1240/1240/1146
f 1232/1232/1138 1240/1240/1146 1229/1229/1135
f 1240/1240/1146 1239/1239/1145 1229/1229/1135
f 1237/1237/1143 1241/1241/1147 1238/1238/1144
f 1241/1241/1147 1237/1237/1143 1240/1240/1146
f 1241/1241/1147 1240/1240/1146 1232/1232/1138
f 1241/1241/1147 1242/1242/1148 1238/1238/1144
f 1243/1243/1149 1242/1242/1148 1241/1241/1147
f 1244/1244/1150 1243/1243/1149 1241/1241/1147
f 1226/1226/1132 1244/1244/1150 1232/1232/1138
f 1244/1244/1150 1241/1241/1147 1232/1232/1138
f 1244/1244/1150 1226/1226/1132 1243/1243/1149
f 1245/1245/1151 1246/1246/1152 1247/1247/1153
f 58/58/36 1248/1248/1154 56/56/34
f 1248/1248/1154 58/58/36 1249/1249/1155
f 1250/1250/1156 1248/1248/1154 1249/1249/1155
f 1249/1249/1155 60/60/38 1250/1250/1156
f 1251/1251/1157 1252/1252/1158 1253/1253/1159
f 1251/1251/1157 1254/1254/1160 1255/1255/1161
f 1256/1256/1162 1257/1257/1163 1258/1258/1164
f 1256/1256/1162 1259/1259/1165 1260/1260/1166
f 1256/1256/1162 1261/1261/1167 1259/1259/1165
f 1260/1260/1166 1262/1262/1168 1263/1263/1169
f 1263/1263/1169 1262/1262/1168 1264/1264/1170
f 1265/1265/1171 1266/1266/1172 1267/1267/1173
f 1266/1266/1172 1268/1268/1174 1267/1267/1173
f 1266/1266/1172 1269/1269/1175 1268/1268/1174
f 1268/1268/1174 1270/1270/1176 1271/1271/1177
f 1269/1269/1175 1270/1270/1176 1268/1268/1174
f 1270/1270/1176 1269/1269/1175 1272/1272/1178
f 70/70/47 1270/1270/1176 1272/1272/1178
f 70/70/47 1272/1272/1178 71/71/48
f 1270/1270/1176 70/70/47 1273/1273/1179
f 70/70/47 76/76/53 1273/1273/1179
f 1274/1274/1180 1275/1275/1181 1276/1276/1182
f 1277/1277/1183 1278/1278/1184 1279/1279/1185
f 1277/1277/1183 1279/1279/1185 79/79/56
f 1280/1280/1186 80/80/57 82/82/59
f 1280/1280/1186 82/82/59 1281/1281/1187
f 1280/1280/1186 83/83/60 80/80/57
f 83/83/60 78/78/55 80/80/57
f 1277/1277/1183 84/84/61 1282/1282/1188
f 83/83/60 1280/1280/1186 1283/1283/1189
f 1283/1283/1189 1284/1284/1190 83/83/60
f 1280/1280/1186 1285/1285/1191 1283/1283/1189
f 1285/1285/1191 1280/1280/1186 1281/1281/1187
f 1285/1285/1191 1281/1281/1187 1286/1286/1192
f 1286/1286/1192 1287/1287/1193 1288/1288/1194
f 1289/1289/1195 1283/1283/1189 1285/1285/1191
f 1286/1286/1192 1289/1289/1195 1285/1285/1191
f 91/91/68 1286/1286/1192 1288/1288/1194
f 1288/1288/1194 1290/1290/1196 91/91/68
f 1291/1291/1197 1275/1275/1181 1277/1277/1183
f 1291/1291/1197 1277/1277/1183 1282/1282/1188
f 1289/1289/1195 1292/1292/1198 1283/1283/1189
f 1293/1293/1199 1289/1289/1195 1286/1286/1192
f 91/91/68 1293/1293/1199 1286/1286/1192
f 103/103/80 1292/1292/1198 1289/1289/1195
f 1293/1293/1199 103/103/80 1289/1289/1195
f 87/87/64 91/91/68 1290/1290/1196
f 1290/1290/1196 85/85/62 87/87/64
f 91/91/68 90/90/67 1293/1293/1199
f 1293/1293/1199 90/90/67 103/103/80
f 87/87/64 89/89/66 91/91/68
f 112/112/89 113/113/90 111/111/88
f 111/111/88 1294/1294/1200 110/110/87
f 1294/1294/1200 111/111/88 1295/1295/1201
f 1291/1291/1197 1282/1282/1188 1296/1296/1202
f 1297/1297/1203 1298/1298/1204 1299/1299/1205
f 1297/1297/1203 1300/1300/1206 1301/1301/1207
f 1302/1302/1208 1276/1276/1182 1300/1300/1206
f 1302/1302/1208 1300/1300/1206 1303/1303/1209
f 1303/1303/1209 1300/1300/1206 1304/1304/1210
f 1303/1303/1209 1305/1305/1211 1306/1306/1212
f 1299/1299/1205 1307/1307/1213 1297/1297/1203
f 1308/1308/1214 1309/1309/1215 1310/1310/1216
f 1311/1311/1217 1308/1308/1214 1310/1310/1216
f 1310/1310/1216 1309/1309/1215 1312/1312/1218
f 1309/1309/1215 1313/1313/1219 1314/1314/1220
f 1309/1309/1215 1314/1314/1220 1312/1312/1218
f 1312/1312/1218 1314/1314/1220 1315/1315/1221
f 1316/1316/1222 1317/1317/1223 1318/1318/1224
f 1317/1317/1223 1319/1319/1225 1318/1318/1224
f 120/120/97 122/122/99 121/121/98
f 122/122/99 124/124/101 123/123/100
f 124/124/101 126/126/103 125/125/102
f 126/126/103 129/129/106 127/127/104
f 1320/1320/1226 131/131/108 1321/1321/1227
f 126/126/103 1322/1322/1228 129/129/106
f 126/126/103 124/124/101 1323/1323/1229
f 126/126/103 1323/1323/1229 1322/1322/1228
f 122/122/99 1324/1324/1230 124/124/101
f 1323/1323/1229 124/124/101 1324/1324/1230
f 122/122/99 120/120/97 1325/1325/1231
f 122/122/99 1325/1325/1231 1324/1324/1230
f 1326/1326/1232 1320/1320/1226 1327/1327/1233
f 1323/1323/1229 1324/1324/1230 1328/1328/1234
f 1324/1324/1230 1325/1325/1231 1328/1328/1234
f 1325/1325/1231 120/120/97 1329/1329/1235
f 1329/1329/1235 120/120/97 1319/1319/1225
f 1325/1325/1231 1330/1330/1236 1328/1328/1234
f 1329/1329/1235 1319/1319/1225 1330/1330/1236
f 1325/1325/1231 1329/1329/1235 1330/1330/1236
f 1330/1330/1236 1317/1317/1223 1331/1331/1237
f 1331/1331/1237 1317/1317/1223 1316/1316/1222
f 1328/1328/1234 1330/1330/1236 1331/1331/1237
f 1323/1323/1229 1328/1328/1234 1332/1332/1238
f 1332/1332/1238 1328/1328/1234 1331/1331/1237
f 1333/1333/1239 1332/1332/1238 1331/1331/1237
f 1331/1331/1237 1316/1316/1222 1333/1333/1239
f 1332/1332/1238 1333/1333/1239 1334/1334/1240
f 1323/1323/1229 1334/1334/1240 1322/1322/1228
f 1332/1332/1238 1334/1334/1240 1323/1323/1229
f 1335/1335/1241 1333/1333/1239 1316/1316/1222
f 1335/1335/1241 1334/1334/1240 1333/1333/1239
f 1335/1335/1241 1316/1316/1222 1336/1336/1242
f 1337/1337/1243 1322/1322/1228 1334/1334/1240
f 1337/1337/1243 1335/1335/1241 1338/1338/1244
f 1335/1335/1241 1337/1337/1243 1334/1334/1240
f 1339/1339/1245 1340/1340/1246 1341/1341/1247
f 1342/1342/1248 1341/1341/1247 1343/1343/1249
f 1342/1342/1248 1339/1339/1245 1341/1341/1247
f 1344/1344/1250 1338/1338/1244 1339/1339/1245
f 1342/1342/1248 1343/1343/1249 1345/1345/1251
f 1345/1345/1251 1346/1346/1252 1347/1347/1253
f 1345/1345/1251 1347/1347/1253 1348/1348/1254
f 1349/1349/1255 1347/1347/1253 1295/1295/1201
f 1350/1350/1256 1342/1342/1248 1345/1345/1251
f 1350/1350/1256 1351/1351/1257 1342/1342/1248
f 1342/1342/1248 1351/1351/1257 1339/1339/1245
f 1352/1352/1258 1350/1350/1256 1345/1345/1251
f 1352/1352/1258 1345/1345/1251 1348/1348/1254
f 1353/1353/1259 1350/1350/1256 1352/1352/1258
f 1354/1354/1260 1352/1352/1258 1348/1348/1254
f 1354/1354/1260 1353/1353/1259 1352/1352/1258
f 1353/1353/1259 1355/1355/1261 1350/1350/1256
f 1355/1355/1261 1351/1351/1257 1350/1350/1256
f 1356/1356/1262 1354/1354/1260 1348/1348/1254
f 1357/1357/1263 1356/1356/1262 1348/1348/1254
f 1351/1351/1257 1355/1355/1261 1358/1358/1264
f 1351/1351/1257 1358/1358/1264 1339/1339/1245
f 1355/1355/1261 1359/1359/1265 1358/1358/1264
f 1360/1360/1266 1357/1357/1263 1348/1348/1254
f 1349/1349/1255 1360/1360/1266 1348/1348/1254
f 1361/1361/1267 1357/1357/1263 1360/1360/1266
f 1358/1358/1264 1362/1362/1268 1339/1339/1245
f 1358/1358/1264 1359/1359/1265 1362/1362/1268
f 1359/1359/1265 1363/1363/1269 1362/1362/1268
f 1363/1363/1269 1364/1364/1270 1365/1365/1271
f 1366/1366/1272 1349/1349/1255 1295/1295/1201
f 1360/1360/1266 1349/1349/1255 1366/1366/1272
f 1367/1367/1273 1368/1368/1274 1369/1369/1275
f 1367/1367/1273 1370/1370/1276 1368/1368/1274
f 1368/1368/1274 1371/1371/1277 1372/1372/1278
f 1370/1370/1276 1371/1371/1277 1368/1368/1274
f 1370/1370/1276 1373/1373/1279 1371/1371/1277
f 1373/1373/1279 1374/1374/1280 1371/1371/1277
f 1373/1373/1279 1375/1375/1281 1374/1374/1280
f 1376/1376/1282 1372/1372/1278 1371/1371/1277
f 1374/1374/1280 1376/1376/1282 1371/1371/1277
f 1375/1375/1281 1377/1377/1283 1374/1374/1280
f 1374/1374/1280 1377/1377/1283 1376/1376/1282
f 1378/1378/1284 1361/1361/1267 1360/1360/1266
f 1378/1378/1284 1360/1360/1266 1366/1366/1272
f 1375/1375/1281 1361/1361/1267 1378/1378/1284
f 1377/1377/1283 1375/1375/1281 1378/1378/1284
f 1366/1366/1272 1379/1379/1285 1378/1378/1284
f 1379/1379/1285 1377/1377/1283 1378/1378/1284
f 1377/1377/1283 1379/1379/1285 1376/1376/1282
f 1380/1380/1286 1381/1381/1287 1372/1372/1278
f 1372/1372/1278 1376/1376/1282 1380/1380/1286
f 1366/1366/1272 1295/1295/1201 1382/1382/1288
f 1379/1379/1285 1366/1366/1272 1382/1382/1288
f 1382/1382/1288 1383/1383/1289 1379/1379/1285
f 1383/1383/1289 1376/1376/1282 1379/1379/1285
f 1376/1376/1282 1383/1383/1289 1380/1380/1286
f 1383/1383/1289 1382/1382/1288 1384/1384/1290
f 1383/1383/1289 1384/1384/1290 1380/1380/1286
f 1380/1380/1286 1385/1385/1291 1381/1381/1287
f 1382/1382/1288 1386/1386/1292 1384/1384/1290
f 1382/1382/1288 1295/1295/1201 1386/1386/1292
f 1387/1387/1293 1326/1326/1232 1388/1388/1294
f 1387/1387/1293 1389/1389/1295 133/133/110
f 138/138/115 1386/1386/1292 114/114/91
f 1386/1386/1292 138/138/115 137/137/114
f 138/138/115 116/116/93 137/137/114
f 1390/1390/1296 114/114/91 1386/1386/1292
f 111/111/88 1390/1390/1296 1295/1295/1201
f 1390/1390/1296 111/111/88 114/114/91
f 1295/1295/1201 1390/1390/1296 1386/1386/1292
f 1391/1391/1297 1392/1392/1298 1393/1393/1299
f 1391/1391/1297 1394/1394/1300 1395/1395/1301
f 1391/1391/1297 1395/1395/1301 1396/1396/1302
f 1397/1397/1303 1398/1398/1304 1399/1399/1305
f 1397/1397/1303 1399/1399/1305 1400/1400/1306
f 1401/1401/1307 1402/1402/1308 1403/1403/1309
f 1401/1401/1307 1403/1403/1309 1404/1404/1310
f 1405/1405/1311 1401/1401/1307 1404/1404/1310
f 1405/1405/1311 1404/1404/1310 1406/1406/1312
f 140/140/117 1407/1407/1313 1408/1408/1314
f 1408/1408/1314 142/142/119 140/140/117
f 140/140/117 143/143/120 141/141/118
f 1409/1409/1315 1410/1410/1316 1411/1411/1317
f 1412/1412/1318 1413/1413/1319 1414/1414/1320
f 1415/1415/1321 145/145/122 1416/1416/1322
f 1415/1415/1321 1416/1416/1322 152/152/129
f 1415/1415/1321 146/146/123 145/145/122
f 1415/1415/1321 152/152/129 146/146/123
f 1417/1417/1323 1418/1418/1324 1409/1409/1315
f 1409/1409/1315 1413/1413/1319 1417/1417/1323
f 157/157/133 152/152/129 1410/1410/1316
f 1417/1417/1323 1419/1419/1325 1420/1420/1326
f 1417/1417/1323 1420/1420/1326 1418/1418/1324
f 1420/1420/1326 1421/1421/1327 1418/1418/1324
f 160/160/135 157/157/133 1421/1421/1327
f 160/160/135 156/156/132 157/157/133
f 160/160/135 1421/1421/1327 1422/1422/1328
f 1420/1420/1326 1423/1423/1329 1421/1421/1327
f 1424/1424/1330 1425/1425/1331 1426/1426/1332
f 1427/1427/1333 1428/1428/1334 1429/1429/1335
f 1427/1427/1333 1430/1430/1336 1431/1431/1337
f 1427/1427/1333 1432/1432/1338 1433/1433/1339
f 1434/1434/1340 1435/1435/1341 1436/1436/1342
f 1435/1435/1341 1437/1437/1343 1436/1436/1342
f 1435/1435/1341 1434/1434/1340 1438/1438/1344
f 1438/1438/1344 1439/1439/1345 1440/1440/1346
f 1441/1441/1347 1438/1438/1344 1440/1440/1346
f 1440/1440/1346 1442/1442/1348 1441/1441/1347
f 1443/1443/1349 1435/1435/1341 1438/1438/1344
f 1438/1438/1344 1441/1441/1347 1443/1443/1349
f 1444/1444/1350 1435/1435/1341 1443/1443/1349
f 1444/1444/1350 1437/1437/1343 1435/1435/1341
f 1442/1442/1348 163/163/138 1441/1441/1347
f 1442/1442/1348 161/161/136 163/163/138
f 1441/1441/1347 163/163/138 1445/1445/1351
f 1441/1441/1347 1445/1445/1351 1443/1443/1349
f 163/163/138 166/166/141 1445/1445/1351
f 171/171/146 166/166/141 167/167/142
f 1445/1445/1351 166/166/141 1446/1446/1352
f 166/166/141 171/171/146 1446/1446/1352
f 171/171/146 172/172/147 1446/1446/1352
f 172/172/147 1447/1447/1353 1446/1446/1352
f 1447/1447/1353 1448/1448/1354 1446/1446/1352
f 1443/1443/1349 1445/1445/1351 1449/1449/1355
f 1445/1445/1351 1446/1446/1352 1449/1449/1355
f 1444/1444/1350 1449/1449/1355 1448/1448/1354
f 1444/1444/1350 1448/1448/1354 1450/1450/1356
f 1444/1444/1350 1451/1451/1357 1437/1437/1343
f 1452/1452/1358 1433/1433/1339 1453/1453/1359
f 1452/1452/1358 1454/1454/1360 1430/1430/1336
f 177/177/152 1455/1455/1361 1456/1456/1362
f 177/177/152 1456/1456/1362 174/174/149
f 1452/1452/1358 1455/1455/1361 1457/1457/1363
f 174/174/149 173/173/148 177/177/152
f 1457/1457/1363 1458/1458/1364 1452/1452/1358
f 176/176/151 1457/1457/1363 177/177/152
f 179/179/154 173/173/148 175/175/150
f 184/184/159 1459/1459/1365 185/185/160
f 1460/1460/1366 178/178/153 179/179/154
f 1460/1460/1366 179/179/154 1461/1461/1367
f 1460/1460/1366 1462/1462/1368 178/178/153
f 1460/1460/1366 1463/1463/1369 1464/1464/1370
f 1465/1465/1371 1463/1463/1369 1466/1466/1372
f 1466/1466/1372 193/193/167 1465/1465/1371
f 193/193/167 188/188/163 187/187/162
f 1466/1466/1372 188/188/163 193/193/167
f 193/193/167 191/191/165 1465/1465/1371
f 1465/1465/1371 191/191/165 190/190/164
f 193/193/167 192/192/166 191/191/165
f 1467/1467/1373 198/198/172 183/183/158
f 1467/1467/1373 183/183/158 186/186/161
f 1467/1467/1373 186/186/161 199/199/173
f 1467/1467/1373 199/199/173 198/198/172
f 1468/1468/1374 1469/1469/1375 203/203/176
f 1469/1469/1375 204/204/177 203/203/176
f 1469/1469/1375 1470/1470/1376 204/204/177
f 1470/1470/1376 206/206/179 204/204/177
f 236/236/209 229/229/202 235/235/208
f 1471/1471/1377 236/236/209 234/234/207
f 1472/1472/1378 236/236/209 1471/1471/1377
f 1473/1473/1379 237/237/210 1472/1472/1378
f 1474/1474/1379 1475/1475/1380 1476/1476/1381
f 1477/1477/1382 1478/1478/1383 1479/1479/1384
f 1477/1477/1382 1480/1480/1385 1481/1481/1386
f 1482/1482/1387 1477/1477/1382 1483/1483/1388
f 1484/1484/1389 1482/1482/1387 1483/1483/1388
f 1484/1484/1389 1483/1483/1388 1485/1485/1390
f 1486/1486/1391 1484/1484/1389 1485/1485/1390
f 1486/1486/1391 1485/1485/1390 1487/1487/1392
f 1488/1488/1393 1480/1480/1385 1482/1482/1387
f 1489/1489/1394 1482/1482/1387 1484/1484/1389
f 1488/1488/1393 1482/1482/1387 1489/1489/1394
f 1490/1490/1395 1489/1489/1394 1484/1484/1389
f 1490/1490/1395 1484/1484/1389 1486/1486/1391
f 1486/1486/1391 1487/1487/1392 1491/1491/1396
f 1491/1491/1396 1490/1490/1395 1486/1486/1391
f 1490/1490/1395 1491/1491/1396 239/239/212
f 1491/1491/1396 1492/1492/1397 239/239/212
f 1493/1493/1398 1494/1494/1399 1495/1495/1400
f 1496/1496/1401 1490/1490/1395 239/239/212
f 1490/1490/1395 1496/1496/1401 1489/1489/1394
f 1497/1497/1402 1498/1498/1403 1494/1494/1399
f 1493/1493/1398 1497/1497/1402 1494/1494/1399
f 1499/1499/1404 1500/1500/1405 1501/1501/1406
f 1502/1502/1407 1499/1499/1404 1501/1501/1406
f 1496/1496/1401 239/239/212 242/242/215
f 241/241/214 238/238/211 1503/1503/1408
f 1504/1504/1409 1505/1505/1410 1500/1500/1405
f 1499/1499/1404 1504/1504/1409 1500/1500/1405
f 1506/1506/1411 1499/1499/1404 1502/1502/1407
f 1507/1507/1412 1506/1506/1411 1502/1502/1407
f 1507/1507/1412 1508/1508/1413 1506/1506/1411
f 1509/1509/1414 241/241/214 1505/1505/1410
f 1504/1504/1409 1509/1509/1414 1505/1505/1410
f 1509/1509/1414 1504/1504/1409 1510/1510/1415
f 1504/1504/1409 1499/1499/1404 1511/1511/1416
f 1504/1504/1409 1511/1511/1416 1510/1510/1415
f 1499/1499/1404 1506/1506/1411 1511/1511/1416
f 1508/1508/1413 1512/1512/1417 1506/1506/1411
f 1511/1511/1416 1506/1506/1411 1512/1512/1417
f 1508/1508/1413 1513/1513/1418 1512/1512/1417
f 241/241/214 243/243/216 242/242/215
f 241/241/214 1509/1509/1414 243/243/216
f 1514/1514/1419 1511/1511/1416 1512/1512/1417
f 1511/1511/1416 1514/1514/1419 1510/1510/1415
f 1496/1496/1401 242/242/215 244/244/217
f 1509/1509/1414 1510/1510/1415 1515/1515/1420
f 1509/1509/1414 1515/1515/1420 243/243/216
f 1496/1496/1401 1516/1516/1421 1489/1489/1394
f 1516/1516/1421 1496/1496/1401 244/244/217
f 1517/1517/1422 1488/1488/1393 1489/1489/1394
f 1493/1493/1398 1488/1488/1393 1517/1517/1422
f 1497/1497/1402 1493/1493/1398 1517/1517/1422
f 1489/1489/1394 1516/1516/1421 1517/1517/1422
f 1497/1497/1402 1517/1517/1422 246/246/219
f 1516/1516/1421 246/246/219 1517/1517/1422
f 1516/1516/1421 244/244/217 246/246/219
f 243/243/216 1515/1515/1420 247/247/220
f 243/243/216 247/247/220 244/244/217
f 249/249/222 1497/1497/1402 246/246/219
f 246/246/219 245/245/218 249/249/222
f 1515/1515/1420 251/251/224 247/247/220
f 255/255/228 252/252/225 254/254/227
f 255/255/228 1518/1518/1423 256/256/229
f 1519/1519/1424 1520/1520/1407 1521/1521/1425
f 255/255/228 258/258/231 1518/1518/1423
f 258/258/231 255/255/228 254/254/227
f 258/258/231 1519/1519/1424 1518/1518/1423
f 1519/1519/1424 258/258/231 1522/1522/1426
f 1519/1519/1424 1522/1522/1426 1520/1520/1407
f 1522/1522/1426 1523/1523/1412 1520/1520/1407
f 254/254/227 250/250/223 257/257/230
f 1522/1522/1426 1524/1524/1427 1523/1523/1412
f 1524/1524/1427 1525/1525/1413 1523/1523/1412
f 1525/1525/1413 1524/1524/1427 1526/1526/1428
f 258/258/231 257/257/230 263/263/236
f 258/258/231 263/263/236 1522/1522/1426
f 1524/1524/1427 1527/1527/1429 1526/1526/1428
f 1528/1528/1430 1526/1526/1428 1527/1527/1429
f 1522/1522/1426 263/263/236 1529/1529/1431
f 1524/1524/1427 1522/1522/1426 1529/1529/1431
f 1530/1530/1432 1527/1527/1429 1524/1524/1427
f 1529/1529/1431 1530/1530/1432 1524/1524/1427
f 260/260/233 259/259/232 261/261/234
f 260/260/233 261/261/234 1531/1531/1433
f 262/262/235 257/257/230 260/260/233
f 262/262/235 260/260/233 1531/1531/1433
f 1532/1532/1434 1529/1529/1431 263/263/236
f 1532/1532/1434 262/262/235 1531/1531/1433
f 262/262/235 1532/1532/1434 263/263/236
f 1532/1532/1434 1533/1533/1435 1529/1529/1431
f 1533/1533/1435 1532/1532/1434 1531/1531/1433
f 1533/1533/1435 1530/1530/1432 1529/1529/1431
f 1534/1534/1436 261/261/234 251/251/224
f 1510/1510/1415 1534/1534/1436 1515/1515/1420
f 1515/1515/1420 1534/1534/1436 251/251/224
f 261/261/234 1534/1534/1436 1535/1535/1437
f 261/261/234 1535/1535/1437 1531/1531/1433
f 1534/1534/1436 1536/1536/1438 1535/1535/1437
f 1534/1534/1436 1510/1510/1415 1536/1536/1438
f 1514/1514/1419 1537/1537/1439 1510/1510/1415
f 1510/1510/1415 1537/1537/1439 1536/1536/1438
f 1535/1535/1437 1536/1536/1438 1538/1538/1440
f 1538/1538/1440 1536/1536/1438 1537/1537/1439
f 1535/1535/1437 1539/1539/1441 1531/1531/1433
f 1539/1539/1441 1535/1535/1437 1538/1538/1440
f 1540/1540/1442 1537/1537/1439 1514/1514/1419
f 1540/1540/1442 1538/1538/1440 1537/1537/1439
f 1541/1541/1443 1540/1540/1442 1514/1514/1419
f 1514/1514/1419 1512/1512/1417 1541/1541/1443
f 1538/1538/1440 1540/1540/1442 1542/1542/1444
f 1542/1542/1444 1540/1540/1442 1541/1541/1443
f 1512/1512/1417 1543/1543/1445 1541/1541/1443
f 1513/1513/1418 1543/1543/1445 1512/1512/1417
f 1544/1544/1446 1541/1541/1443 1543/1543/1445
f 1543/1543/1445 1513/1513/1418 1544/1544/1446
f 1544/1544/1446 1542/1542/1444 1541/1541/1443
f 1513/1513/1418 1545/1545/1430 1544/1544/1446
f 1544/1544/1446 1545/1545/1430 265/265/238
f 1545/1545/1430 266/266/239 265/265/238
f 1539/1539/1441 1546/1546/1447 1531/1531/1433
f 1546/1546/1447 1533/1533/1435 1531/1531/1433
f 1546/1546/1447 1547/1547/1448 1533/1533/1435
f 1547/1547/1448 1546/1546/1447 1539/1539/1441
f 1538/1538/1440 273/273/246 1539/1539/1441
f 273/273/246 1538/1538/1440 1542/1542/1444
f 1542/1542/1444 1544/1544/1446 270/270/243
f 1544/1544/1446 265/265/238 270/270/243
f 1530/1530/1432 1533/1533/1435 1548/1548/1449
f 1547/1547/1448 1548/1548/1449 1533/1533/1435
f 1549/1549/1450 1547/1547/1448 1539/1539/1441
f 273/273/246 1549/1549/1450 1539/1539/1441
f 1542/1542/1444 270/270/243 271/271/244
f 273/273/246 1542/1542/1444 271/271/244
f 1547/1547/1448 277/277/250 1548/1548/1449
f 277/277/250 1547/1547/1448 1549/1549/1450
f 272/272/245 1549/1549/1450 273/273/246
f 272/272/245 277/277/250 1549/1549/1450
f 1527/1527/1429 1530/1530/1432 1550/1550/1451
f 1550/1550/1451 1530/1530/1432 1548/1548/1449
f 1548/1548/1449 284/284/256 1550/1550/1451
f 277/277/250 284/284/256 1548/1548/1449
f 272/272/245 271/271/244 275/275/248
f 277/277/250 276/276/249 284/284/256
f 1551/1551/1452 1527/1527/1429 1550/1550/1451
f 1551/1551/1452 1528/1528/1430 1527/1527/1429
f 284/284/256 1552/1552/1453 1550/1550/1451
f 1550/1550/1451 1552/1552/1453 1551/1551/1452
f 1551/1551/1452 280/280/252 1528/1528/1430
f 1552/1552/1453 280/280/252 1551/1551/1452
f 282/282/254 278/278/251 280/280/252
f 1552/1552/1453 282/282/254 280/280/252
f 282/282/254 1552/1552/1453 283/283/255
f 1552/1552/1453 284/284/256 283/283/255
f 282/282/254 283/283/255 285/285/257
f 1553/1553/1454 286/286/258 291/291/263
f 291/291/263 289/289/261 293/293/265
f 293/293/265 292/292/264 294/294/266
f 1554/1554/1455 293/293/265 294/294/266
f 1554/1554/1455 294/294/266 295/295/267
f 1555/1555/1456 1554/1554/1455 295/295/267
f 1555/1555/1456 295/295/267 298/298/270
f 298/298/270 297/297/269 300/300/272
f 1556/1556/1457 298/298/270 300/300/272
f 1556/1556/1457 300/300/272 301/301/273
f 1557/1557/1458 1556/1556/1457 301/301/273
f 1557/1557/1458 301/301/273 303/303/258
f 1558/1558/1459 1557/1557/1458 303/303/258
f 305/305/276 1559/1559/1458 1560/1560/1460
f 306/306/277 305/305/276 1560/1560/1460
f 314/314/285 306/306/277 1560/1560/1460
f 1561/1561/1461 314/314/285 1560/1560/1460
f 306/306/277 314/314/285 311/311/282
f 316/316/287 313/313/284 314/314/285
f 314/314/285 1561/1561/1461 316/316/287
f 1561/1561/1461 1562/1562/265 316/316/287
f 316/316/287 1562/1562/265 320/320/291
f 316/316/287 320/320/291 317/317/288
f 1562/1562/265 1563/1563/1455 320/320/291
f 320/320/291 1563/1563/1455 1564/1564/1456
f 1565/1565/1462 319/319/290 320/320/291
f 1565/1565/1462 320/320/291 1564/1564/1456
f 1565/1565/1462 1564/1564/1456 1566/1566/1463
f 1564/1564/1456 1567/1567/270 1566/1566/1463
f 1568/1568/1464 319/319/290 1565/1565/1462
f 1568/1568/1464 321/321/292 319/319/290
f 1568/1568/1464 1565/1565/1462 1566/1566/1463
f 1568/1568/1464 1569/1569/1465 321/321/292
f 1570/1570/1466 324/324/295 1569/1569/1465
f 324/324/295 1570/1570/1466 325/325/296
f 325/325/296 1570/1570/1466 1571/1571/1467
f 1570/1570/1466 1572/1572/1468 1571/1571/1467
f 1571/1571/1467 1572/1572/1468 336/336/306
f 1566/1566/1463 1567/1567/270 1573/1573/1469
f 1573/1573/1469 1567/1567/270 1574/1574/1470
f 1572/1572/1468 1570/1570/1466 1575/1575/1471
f 1575/1575/1471 1570/1570/1466 1569/1569/1465
f 1573/1573/1469 1576/1576/1472 1566/1566/1463
f 1575/1575/1471 1569/1569/1465 1577/1577/1473
f 1578/1578/1474 1573/1573/1469 1574/1574/1470
f 1578/1578/1474 1574/1574/1470 1579/1579/1458
f 1580/1580/276 1578/1578/1474 1579/1579/1458
f 1578/1578/1474 1580/1580/276 1581/1581/1475
f 1578/1578/1474 1581/1581/1475 1573/1573/1469
f 1580/1580/276 1582/1582/275 1581/1581/1475
f 1583/1583/1476 1584/1584/1477 1585/1585/1478
f 1586/1586/1479 1583/1583/1476 1585/1585/1478
f 1587/1587/1480 1575/1575/1471 1577/1577/1473
f 1587/1587/1480 1588/1588/1481 1589/1589/1482
f 1590/1590/1483 1583/1583/1476 1586/1586/1479
f 1583/1583/1476 1590/1590/1483 1591/1591/1484
f 331/331/301 1590/1590/1483 1586/1586/1479
f 1592/1592/1485 1575/1575/1471 1587/1587/1480
f 1592/1592/1485 1572/1572/1468 1575/1575/1471
f 1591/1591/1484 1593/1593/1486 1587/1587/1480
f 1593/1593/1486 1592/1592/1485 1587/1587/1480
f 1591/1591/1484 334/334/304 1593/1593/1486
f 1591/1591/1484 1590/1590/1483 334/334/304
f 330/330/300 1590/1590/1483 331/331/301
f 1590/1590/1483 330/330/300 334/334/304
f 330/330/300 329/329/299 335/335/305
f 1594/1594/1487 1592/1592/1485 1593/1593/1486
f 1592/1592/1485 1594/1594/1487 1572/1572/1468
f 333/333/303 1594/1594/1487 1593/1593/1486
f 334/334/304 333/333/303 1593/1593/1486
f 330/330/300 332/332/302 334/334/304
f 1594/1594/1487 333/333/303 332/332/302
f 1594/1594/1487 337/337/307 1572/1572/1468
f 1572/1572/1468 337/337/307 336/336/306
f 337/337/307 1594/1594/1487 332/332/302
f 1595/1595/1263 1596/1596/1488 1597/1597/1262
f 1598/1598/1267 1596/1596/1488 1595/1595/1263
f 1599/1599/1281 1596/1596/1488 1598/1598/1267
f 1600/1600/1279 1596/1596/1488 1599/1599/1281
f 1601/1601/1276 1596/1596/1488 1600/1600/1279
f 1602/1602/1273 1596/1596/1488 1601/1601/1276
f 1603/1603/1489 1604/1604/1490 1605/1605/1491
f 1606/1606/1492 1604/1604/1490 1603/1603/1489
f 1607/1607/1493 1604/1604/1490 1606/1606/1492
f 1608/1608/1494 1604/1604/1490 1607/1607/1493
f 1609/1609/1495 1604/1604/1490 1608/1608/1494
f 1610/1610/1496 1604/1604/1490 1609/1609/1495
f 431/431/394 428/428/391 430/430/393
f 436/436/399 434/434/397 432/432/395
f 1611/1611/1497 445/445/408 442/442/405
f 1612/1612/1498 1613/1613/1499 440/440/403
f 880/880/803 444/444/407 447/447/410
f 1614/1614/1500 1615/1615/1501 1616/1616/1502
f 1617/1617/1503 1615/1615/1501 1614/1614/1500
f 1618/1618/1504 1617/1617/1503 1614/1614/1500
f 1617/1617/1503 1618/1618/1504 1619/1619/1505
f 1618/1618/1504 472/472/434 1619/1619/1505
f 1620/1620/1506 1621/1621/1507 1622/1622/1508
f 1623/1623/1509 1624/1624/1510 1625/1625/1511
f 1626/1626/1512 1624/1624/1510 1623/1623/1509
f 1623/1623/1509 1627/1627/1513 1628/1628/1514
f 1623/1623/1509 1625/1625/1511 1629/1629/1515
f 1630/1630/1516 1631/1631/1517 1632/1632/1518
f 1630/1630/1516 1632/1632/1518 1633/1633/1519
f 1630/1630/1516 1634/1634/1520 1635/1635/1521
f 1636/1636/1172 1637/1637/1171 1638/1638/1522
f 1639/1639/1523 1636/1636/1172 1638/1638/1522
f 1639/1639/1523 1638/1638/1522 1640/1640/1524
f 1641/1641/1175 1636/1636/1172 1639/1639/1523
f 1642/1642/1525 1641/1641/1175 1639/1639/1523
f 1642/1642/1525 1639/1639/1523 1643/1643/1526
f 482/482/442 1641/1641/1175 1642/1642/1525
f 483/483/443 482/482/442 1642/1642/1525
f 1642/1642/1525 1644/1644/1527 483/483/443
f 1645/1645/1528 497/497/455 496/496/454
f 498/498/456 493/493/451 497/497/455
f 494/494/452 492/492/450 498/498/456
f 1646/1646/1529 497/497/455 1645/1645/1528
f 1647/1647/1530 1646/1646/1529 1645/1645/1528
f 498/498/456 497/497/455 1648/1648/1531
f 498/498/456 1649/1649/1532 494/494/452
f 1649/1649/1532 498/498/456 1648/1648/1531
f 1649/1649/1532 1650/1650/1533 494/494/452
f 494/494/452 1650/1650/1533 1651/1651/1534
f 1650/1650/1533 1652/1652/1535 1651/1651/1534
f 1652/1652/1535 1653/1653/1536 1651/1651/1534
f 1653/1653/1536 1652/1652/1535 1654/1654/1537
f 1650/1650/1533 1649/1649/1532 1655/1655/1538
f 1652/1652/1535 1650/1650/1533 1655/1655/1538
f 1652/1652/1535 505/505/463 1654/1654/1537
f 500/500/458 1654/1654/1537 505/505/463
f 1649/1649/1532 1648/1648/1531 1656/1656/1539
f 1655/1655/1538 1649/1649/1532 1656/1656/1539
f 1652/1652/1535 1655/1655/1538 503/503/461
f 505/505/463 1652/1652/1535 503/503/461
f 503/503/461 1655/1655/1538 504/504/462
f 1655/1655/1538 1656/1656/1539 504/504/462
f 505/505/463 501/501/459 500/500/458
f 504/504/462 1656/1656/1539 522/522/480
f 528/528/486 524/524/482 527/527/485
f 528/528/486 531/531/489 525/525/483
f 528/528/486 527/527/485 531/531/489
f 527/527/485 529/529/487 531/531/489
f 533/533/491 527/527/485 526/526/484
f 533/533/491 1657/1657/1540 527/527/485
f 1646/1646/1529 1658/1658/1541 1659/1659/1542
f 533/533/491 1660/1660/1543 1657/1657/1540
f 533/533/491 1661/1661/1544 1660/1660/1543
f 540/540/497 538/538/496 537/537/495
f 1662/1662/110 539/539/109 540/540/497
f 540/540/497 1663/1663/1545 1662/1662/110
f 537/537/495 1664/1664/1546 540/540/497
f 537/537/495 534/534/492 542/542/499
f 537/537/495 542/542/499 1664/1664/1546
f 1665/1665/1232 1666/1666/1547 1667/1667/1548
f 1668/1668/1226 1665/1665/1232 1667/1667/1548
f 541/541/498 534/534/492 529/529/487
f 553/553/505 541/541/498 529/529/487
f 544/544/108 1669/1669/1549 545/545/500
f 1670/1670/1550 545/545/500 1669/1669/1549
f 546/546/501 545/545/500 1670/1670/1550
f 1670/1670/1550 548/548/502 546/546/501
f 552/552/504 1657/1657/1540 553/553/505
f 527/527/485 552/552/504 529/529/487
f 1657/1657/1540 552/552/504 527/527/485
f 553/553/505 1671/1671/1551 1672/1672/1552
f 1657/1657/1540 1671/1671/1551 553/553/505
f 550/550/503 548/548/502 1673/1673/1553
f 1673/1673/1553 548/548/502 1670/1670/1550
f 550/550/503 555/555/507 551/551/100
f 555/555/507 554/554/506 551/551/100
f 1674/1674/1554 1675/1675/1555 1657/1657/1540
f 1657/1657/1540 1675/1675/1555 1671/1671/1551
f 1676/1676/1556 555/555/507 550/550/503
f 550/550/503 1673/1673/1553 1676/1676/1556
f 556/556/508 555/555/507 1677/1677/1557
f 1677/1677/1557 555/555/507 1676/1676/1556
f 1675/1675/1555 1674/1674/1554 1678/1678/1558
f 1676/1676/1556 1673/1673/1553 1679/1679/1559
f 1677/1677/1557 1676/1676/1556 1679/1679/1559
f 556/556/508 1680/1680/1560 558/558/509
f 556/556/508 1677/1677/1557 1680/1680/1560
f 1681/1681/1561 1677/1677/1557 1679/1679/1559
f 1680/1680/1560 1681/1681/1561 558/558/509
f 1680/1680/1560 1677/1677/1557 1681/1681/1561
f 1682/1682/1218 1683/1683/1221 1684/1684/1562
f 1682/1682/1218 1684/1684/1562 1685/1685/1563
f 1686/1686/1216 1682/1682/1218 1685/1685/1563
f 1686/1686/1216 1685/1685/1563 1687/1687/1564
f 1688/1688/1217 1686/1686/1216 1687/1687/1564
f 1685/1685/1563 1689/1689/1565 1687/1687/1564
f 1690/1690/1566 1691/1691/1567 558/558/509
f 1681/1681/1561 1690/1690/1566 558/558/509
f 1681/1681/1561 1679/1679/1559 1692/1692/1568
f 1690/1690/1566 1681/1681/1561 1692/1692/1568
f 1690/1690/1566 1692/1692/1568 1693/1693/1569
f 1694/1694/1570 1695/1695/1571 1696/1696/1572
f 1679/1679/1559 1673/1673/1553 1697/1697/1573
f 1679/1679/1559 1697/1697/1573 1692/1692/1568
f 1694/1694/1570 1698/1698/1574 1699/1699/1575
f 1693/1693/1569 1692/1692/1568 1700/1700/1576
f 1697/1697/1573 1700/1700/1576 1692/1692/1568
f 1700/1700/1576 1697/1697/1573 1701/1701/1577
f 1701/1701/1577 1673/1673/1553 1670/1670/1550
f 1701/1701/1577 1697/1697/1573 1673/1673/1553
f 1647/1647/1530 1702/1702/1578 1703/1703/1579
f 1700/1700/1576 1704/1704/1580 1693/1693/1569
f 1701/1701/1577 1704/1704/1580 1700/1700/1576
f 1693/1693/1569 1704/1704/1580 1705/1705/1581
f 1706/1706/1582 1704/1704/1580 1701/1701/1577
f 1706/1706/1582 1670/1670/1550 1669/1669/1549
f 1670/1670/1550 1706/1706/1582 1701/1701/1577
f 1707/1707/1583 1698/1698/1574 1708/1708/1584
f 1707/1707/1583 1709/1709/1585 1703/1703/1579
f 1710/1710/1586 1658/1658/1541 1709/1709/1585
f 1707/1707/1583 1710/1710/1586 1709/1709/1585
f 1710/1710/1586 1707/1707/1583 1711/1711/1587
f 1707/1707/1583 1708/1708/1584 1711/1711/1587
f 1693/1693/1569 1705/1705/1581 1712/1712/1588
f 1713/1713/1589 1714/1714/1590 1715/1715/1591
f 1716/1716/1592 1713/1713/1589 1717/1717/1593
f 1718/1718/1594 1713/1713/1589 1715/1715/1591
f 1718/1718/1594 1717/1717/1593 1713/1713/1589
f 1716/1716/1592 1719/1719/1595 1720/1720/1596
f 1719/1719/1595 1716/1716/1592 1717/1717/1593
f 1719/1719/1595 1717/1717/1593 1721/1721/1597
f 1722/1722/1598 1719/1719/1595 1721/1721/1597
f 1723/1723/1599 1720/1720/1596 1722/1722/1598
f 1723/1723/1599 1724/1724/765 1720/1720/1596
f 1724/1724/765 1678/1678/1558 1720/1720/1596
f 1721/1721/1597 1717/1717/1593 1725/1725/1600
f 1717/1717/1593 1718/1718/1594 1725/1725/1600
f 1724/1724/765 1726/1726/767 1678/1678/1558
f 1727/1727/1601 1718/1718/1594 1715/1715/1591
f 1725/1725/1600 1718/1718/1594 1727/1727/1601
f 1728/1728/1602 1725/1725/1600 1727/1727/1601
f 1726/1726/767 1729/1729/1603 1678/1678/1558
f 1729/1729/1603 1675/1675/1555 1678/1678/1558
f 1726/1726/767 1730/1730/768 1729/1729/1603
f 1728/1728/1602 1727/1727/1601 1731/1731/1604
f 1732/1732/1605 1731/1731/1604 1715/1715/1591
f 1733/1733/1606 1728/1728/1602 1731/1731/1604
f 1733/1733/1606 1731/1731/1604 1734/1734/1607
f 1735/1735/1608 1736/1736/1609 1737/1737/1610
f 1738/1738/771 1735/1735/1608 1739/1739/770
f 1740/1740/1611 1737/1737/1610 1741/1741/1612
f 1735/1735/1608 1737/1737/1610 1740/1740/1611
f 1742/1742/1613 1735/1735/1608 1740/1740/1611
f 1735/1735/1608 1742/1742/1613 1739/1739/770
f 1739/1739/770 1742/1742/1613 1743/1743/769
f 1744/1744/1614 1745/1745/1615 1672/1672/1552
f 1744/1744/1614 1740/1740/1611 1741/1741/1612
f 1743/1743/769 1746/1746/1616 1730/1730/768
f 1742/1742/1613 1746/1746/1616 1743/1743/769
f 1742/1742/1613 1740/1740/1611 1747/1747/1617
f 1747/1747/1617 1740/1740/1611 1744/1744/1614
f 1746/1746/1616 1742/1742/1613 1747/1747/1617
f 1748/1748/1618 1747/1747/1617 1744/1744/1614
f 1671/1671/1551 1748/1748/1618 1672/1672/1552
f 1748/1748/1618 1744/1744/1614 1672/1672/1552
f 1746/1746/1616 1749/1749/1619 1730/1730/768
f 1749/1749/1619 1746/1746/1616 1747/1747/1617
f 1730/1730/768 1749/1749/1619 1729/1729/1603
f 1675/1675/1555 1750/1750/1620 1671/1671/1551
f 1749/1749/1619 1750/1750/1620 1729/1729/1603
f 1750/1750/1620 1749/1749/1619 1747/1747/1617
f 1671/1671/1551 1750/1750/1620 1748/1748/1618
f 1750/1750/1620 1747/1747/1617 1748/1748/1618
f 1750/1750/1620 1675/1675/1555 1729/1729/1603
f 561/561/512 563/563/514 1751/1751/1621
f 1752/1752/1622 1753/1753/1623 1754/1754/1624
f 1755/1755/1625 1756/1756/1626 1757/1757/1627
f 1756/1756/1626 1758/1758/1628 1757/1757/1627
f 1759/1759/1629 1760/1760/1630 566/566/517
f 565/565/516 1759/1759/1629 566/566/517
f 1759/1759/1629 565/565/516 1761/1761/1631
f 565/565/516 568/568/519 1761/1761/1631
f 1762/1762/1632 1763/1763/1633 1764/1764/1634
f 1765/1765/1635 1766/1766/1636 1767/1767/1637
f 1767/1767/1637 1768/1768/1638 1765/1765/1635
f 570/570/521 1769/1769/1639 1770/1770/1640
f 570/570/521 1770/1770/1640 571/571/522
f 1762/1762/1632 1764/1764/1634 1771/1771/1641
f 1762/1762/1632 1772/1772/1642 1766/1766/1636
f 1772/1772/1642 1762/1762/1632 1771/1771/1641
f 1767/1767/1637 1766/1766/1636 1773/1773/1643
f 1772/1772/1642 1773/1773/1643 1766/1766/1636
f 1772/1772/1642 1771/1771/1641 1774/1774/1644
f 1775/1775/1645 1771/1771/1641 1776/1776/1646
f 1776/1776/1646 573/573/524 578/578/528
f 1776/1776/1646 578/578/528 580/580/530
f 1777/1777/1647 1776/1776/1646 580/580/530
f 1777/1777/1647 580/580/530 1778/1778/1648
f 1776/1776/1646 1777/1777/1647 1775/1775/1645
f 1777/1777/1647 1778/1778/1648 1779/1779/1649
f 1775/1775/1645 1777/1777/1647 1780/1780/1650
f 1774/1774/1644 1781/1781/1651 1782/1782/1652
f 1774/1774/1644 1782/1782/1652 1773/1773/1643
f 1767/1767/1637 1783/1783/1653 1784/1784/1654
f 1767/1767/1637 1784/1784/1654 1768/1768/1638
f 1785/1785/1655 1786/1786/1656 1787/1787/1657
f 1785/1785/1655 1788/1788/1658 1789/1789/1659
f 1785/1785/1655 1790/1790/1660 1791/1791/1661
f 1785/1785/1655 1792/1792/1662 1790/1790/1660
f 1793/1793/1663 1794/1794/1664 1795/1795/1665
f 1796/1796/1666 1797/1797/1667 1794/1794/1664
f 1796/1796/1666 1794/1794/1664 1793/1793/1663
f 1798/1798/1668 1797/1797/1667 1796/1796/1666
f 1799/1799/1669 1798/1798/1668 1796/1796/1666
f 1798/1798/1668 1799/1799/1669 1800/1800/1670
f 1801/1801/1671 1796/1796/1666 1793/1793/1663
f 1796/1796/1666 1801/1801/1671 1799/1799/1669
f 1793/1793/1663 1802/1802/1672 1801/1801/1671
f 1799/1799/1669 1803/1803/1673 1800/1800/1670
f 1800/1800/1670 1803/1803/1673 582/582/532
f 1799/1799/1669 1804/1804/1674 1803/1803/1673
f 1801/1801/1671 1804/1804/1674 1799/1799/1669
f 1803/1803/1673 583/583/533 582/582/532
f 1804/1804/1674 1805/1805/1675 1803/1803/1673
f 1805/1805/1675 583/583/533 1803/1803/1673
f 1805/1805/1675 586/586/536 583/583/533
f 1805/1805/1675 590/590/540 586/586/536
f 1806/1806/1676 589/589/539 590/590/540
f 590/590/540 1805/1805/1675 1807/1807/1677
f 1806/1806/1676 590/590/540 1807/1807/1677
f 1805/1805/1675 1804/1804/1674 1807/1807/1677
f 1808/1808/1678 1806/1806/1676 1807/1807/1677
f 1804/1804/1674 1801/1801/1671 1809/1809/1679
f 1802/1802/1672 1809/1809/1679 1801/1801/1671
f 1807/1807/1677 1804/1804/1674 1809/1809/1679
f 1802/1802/1672 1810/1810/1680 1811/1811/1681
f 1812/1812/1682 1792/1792/1662 1789/1789/1659
f 1813/1813/1683 593/593/543 592/592/542
f 593/593/543 1814/1814/1684 1815/1815/1685
f 592/592/542 591/591/541 597/597/547
f 1812/1812/1682 1816/1816/1686 1817/1817/1687
f 1815/1815/1685 1812/1812/1682 1817/1817/1687
f 595/595/545 1815/1815/1685 1817/1817/1687
f 595/595/545 591/591/541 593/593/543
f 1815/1815/1685 595/595/545 593/593/543
f 595/595/545 598/598/548 594/594/544
f 596/596/546 591/591/541 594/594/544
f 596/596/546 1818/1818/1688 597/597/547
f 596/596/546 1819/1819/1689 1820/1820/1690
f 1821/1821/1691 596/596/546 594/594/544
f 604/604/554 602/602/552 601/601/551
f 1821/1821/1691 594/594/544 605/605/555
f 1822/1822/1692 1823/1823/1693 1819/1819/1689
f 1824/1824/1694 1822/1822/1692 1825/1825/1695
f 610/610/559 1824/1824/1694 1825/1825/1695
f 610/610/559 1825/1825/1695 1826/1826/1696
f 1824/1824/1694 610/610/559 613/613/562
f 1824/1824/1694 613/613/562 603/603/553
f 610/610/559 609/609/558 613/613/562
f 616/616/565 602/602/552 615/615/564
f 616/616/565 600/600/550 602/602/552
f 1827/1827/1697 1828/1828/1698 1829/1829/1699
f 1827/1827/1697 1830/1830/1700 1831/1831/1701
f 1829/1829/1699 1832/1832/1702 1827/1827/1697
f 1832/1832/1702 621/621/569 1827/1827/1697
f 1830/1830/1700 1827/1827/1697 621/621/569
f 624/624/572 1830/1830/1700 621/621/569
f 621/621/569 1832/1832/1702 622/622/570
f 621/621/569 620/620/568 624/624/572
f 652/652/596 1833/1833/1703 650/650/594
f 1834/1834/1704 652/652/596 1835/1835/1705
f 652/652/596 1834/1834/1704 1833/1833/1703
f 1836/1836/1706 1834/1834/1704 1835/1835/1705
f 1837/1837/1706 1838/1838/1705 1839/1839/1707
f 1840/1840/1708 1841/1841/1709 1842/1842/1710
f 1840/1840/1708 1843/1843/1711 1844/1844/1712
f 1840/1840/1708 1844/1844/1712 1841/1841/1709
f 1844/1844/1712 1845/1845/1713 1841/1841/1709
f 1846/1846/1714 1847/1847/1715 1845/1845/1713
f 1848/1848/1716 1849/1849/1717 1850/1850/1718
f 1848/1848/1716 1851/1851/1719 1843/1843/1711
f 1844/1844/1712 1852/1852/1720 1845/1845/1713
f 1844/1844/1712 1851/1851/1719 1852/1852/1720
f 1852/1852/1720 1853/1853/1721 1845/1845/1713
f 1846/1846/1714 1845/1845/1713 1853/1853/1721
f 1854/1854/1722 1846/1846/1714 1853/1853/1721
f 1846/1846/1714 1854/1854/1722 1855/1855/1723
f 1854/1854/1722 1856/1856/1724 1855/1855/1723
f 659/659/603 654/654/598 1853/1853/1721
f 659/659/603 1853/1853/1721 1852/1852/1720
f 1857/1857/1725 1848/1848/1716 1858/1858/1726
f 1859/1859/1727 1860/1860/1728 1861/1861/1729
f 1862/1862/1730 1859/1859/1727 1863/1863/1731
f 1859/1859/1727 1864/1864/1732 1860/1860/1728
f 1864/1864/1732 1865/1865/1733 1860/1860/1728
f 1865/1865/1733 1864/1864/1732 1866/1866/1734
f 1862/1862/1730 1867/1867/1735 1868/1868/1736
f 1868/1868/1736 1869/1869/1737 1862/1862/1730
f 1864/1864/1732 1859/1859/1727 1870/1870/1738
f 1869/1869/1737 1870/1870/1738 1862/1862/1730
f 1859/1859/1727 1862/1862/1730 1870/1870/1738
f 1864/1864/1732 1870/1870/1738 1871/1871/1739
f 1864/1864/1732 1871/1871/1739 1866/1866/1734
f 1872/1872/1740 1866/1866/1734 1871/1871/1739
f 656/656/600 657/657/601 1868/1868/1736
f 1870/1870/1738 1873/1873/1741 1871/1871/1739
f 1870/1870/1738 1869/1869/1737 1873/1873/1741
f 657/657/601 655/655/599 658/658/602
f 1868/1868/1736 1874/1874/1742 1869/1869/1737
f 657/657/601 1874/1874/1742 1868/1868/1736
f 660/660/604 658/658/602 659/659/603
f 660/660/604 659/659/603 1852/1852/1720
f 1851/1851/1719 1875/1875/1743 1852/1852/1720
f 1851/1851/1719 1848/1848/1716 1875/1875/1743
f 1848/1848/1716 1857/1857/1725 1875/1875/1743
f 660/660/604 1852/1852/1720 1875/1875/1743
f 661/661/605 1875/1875/1743 1857/1857/1725
f 661/661/605 660/660/604 1875/1875/1743
f 1874/1874/1742 657/657/601 662/662/606
f 664/664/608 1857/1857/1725 1876/1876/1744
f 664/664/608 661/661/605 1857/1857/1725
f 668/668/612 1874/1874/1742 662/662/606
f 671/671/615 667/667/611 665/665/609
f 672/672/616 669/669/613 1877/1877/1745
f 1878/1878/1746 1879/1879/1747 1880/1880/1748
f 1881/1881/1728 1878/1878/1746 1880/1880/1748
f 674/674/618 672/672/616 1879/1879/1747
f 671/671/615 672/672/616 674/674/618
f 1878/1878/1746 674/674/618 1879/1879/1747
f 674/674/618 1878/1878/1746 1882/1882/1749
f 1882/1882/1749 1878/1878/1746 1881/1881/1728
f 1883/1883/1733 1882/1882/1749 1881/1881/1728
f 671/671/615 673/673/617 667/667/611
f 1884/1884/1750 674/674/618 1882/1882/1749
f 674/674/618 1884/1884/1750 673/673/617
f 1885/1885/1751 1882/1882/1749 1883/1883/1733
f 1886/1886/1734 1885/1885/1751 1883/1883/1733
f 1885/1885/1751 1886/1886/1734 1887/1887/1740
f 1882/1882/1749 1885/1885/1751 1888/1888/1752
f 1884/1884/1750 1882/1882/1749 1888/1888/1752
f 1889/1889/1753 1885/1885/1751 1887/1887/1740
f 1887/1887/1740 1890/1890/1754 1889/1889/1753
f 1889/1889/1753 1891/1891/1755 1885/1885/1751
f 1891/1891/1755 1888/1888/1752 1885/1885/1751
f 676/676/620 675/675/619 673/673/617
f 668/668/612 675/675/619 677/677/621
f 676/676/620 1892/1892/1756 677/677/621
f 1893/1893/1757 676/676/620 673/673/617
f 1884/1884/1750 1893/1893/1757 673/673/617
f 676/676/620 1893/1893/1757 1892/1892/1756
f 1884/1884/1750 1888/1888/1752 1894/1894/1758
f 1893/1893/1757 1894/1894/1758 1892/1892/1756
f 1893/1893/1757 1884/1884/1750 1894/1894/1758
f 1891/1891/1755 1895/1895/1759 1888/1888/1752
f 1892/1892/1756 1894/1894/1758 1895/1895/1759
f 1895/1895/1759 1894/1894/1758 1888/1888/1752
f 677/677/621 1896/1896/1760 668/668/612
f 1896/1896/1760 1874/1874/1742 668/668/612
f 1874/1874/1742 1896/1896/1760 1869/1869/1737
f 1892/1892/1756 1897/1897/1761 677/677/621
f 677/677/621 1897/1897/1761 1896/1896/1760
f 1897/1897/1761 1898/1898/1762 1896/1896/1760
f 1896/1896/1760 1898/1898/1762 1869/1869/1737
f 1898/1898/1762 1899/1899/1763 1869/1869/1737
f 1869/1869/1737 1899/1899/1763 1873/1873/1741
f 1899/1899/1763 1898/1898/1762 1900/1900/1764
f 1900/1900/1764 1898/1898/1762 1897/1897/1761
f 1901/1901/1765 1900/1900/1764 1897/1897/1761
f 1901/1901/1765 1897/1897/1761 1892/1892/1756
f 1902/1902/1766 1899/1899/1763 1900/1900/1764
f 1899/1899/1763 1902/1902/1766 1873/1873/1741
f 1902/1902/1766 1903/1903/1767 1873/1873/1741
f 1871/1871/1739 1873/1873/1741 1903/1903/1767
f 1903/1903/1767 1902/1902/1766 685/685/629
f 685/685/629 1902/1902/1766 1900/1900/1764
f 1904/1904/1768 1872/1872/1740 1871/1871/1739
f 1904/1904/1768 1871/1871/1739 1903/1903/1767
f 1903/1903/1767 680/680/624 1904/1904/1768
f 1872/1872/1740 1904/1904/1768 680/680/624
f 680/680/624 1903/1903/1767 685/685/629
f 1905/1905/1754 1872/1872/1740 680/680/624
f 1905/1905/1754 680/680/624 679/679/623
f 1906/1906/1769 1892/1892/1756 1895/1895/1759
f 1906/1906/1769 1901/1901/1765 1892/1892/1756
f 1901/1901/1765 1906/1906/1769 1907/1907/1770
f 1907/1907/1770 1906/1906/1769 1895/1895/1759
f 688/688/632 1900/1900/1764 1901/1901/1765
f 688/688/632 685/685/629 1900/1900/1764
f 685/685/629 678/678/622 680/680/624
f 1895/1895/1759 1891/1891/1755 1908/1908/1771
f 1908/1908/1771 1907/1907/1770 1895/1895/1759
f 1909/1909/1772 688/688/632 1901/1901/1765
f 1909/1909/1772 1901/1901/1765 1907/1907/1770
f 685/685/629 688/688/632 686/686/630
f 1907/1907/1770 693/693/637 1909/1909/1772
f 693/693/637 1907/1907/1770 1908/1908/1771
f 693/693/637 689/689/633 1909/1909/1772
f 688/688/632 1909/1909/1772 689/689/633
f 1891/1891/1755 1889/1889/1753 1910/1910/1773
f 1891/1891/1755 1910/1910/1773 1908/1908/1771
f 689/689/633 691/691/635 686/686/630
f 694/694/638 693/693/637 1908/1908/1771
f 694/694/638 1908/1908/1771 1910/1910/1773
f 689/689/633 693/693/637 692/692/636
f 1890/1890/1754 1911/1911/1774 1889/1889/1753
f 1889/1889/1753 1911/1911/1774 1910/1910/1773
f 696/696/640 1910/1910/1773 1911/1911/1774
f 696/696/640 694/694/638 1910/1910/1773
f 1911/1911/1774 1890/1890/1754 1912/1912/1775
f 1890/1890/1754 1913/1913/626 1912/1912/1775
f 697/697/641 1912/1912/1775 1914/1914/1776
f 697/697/641 696/696/640 1912/1912/1775
f 697/697/641 1914/1914/1776 699/699/643
f 697/697/641 695/695/639 696/696/640
f 1915/1915/1777 703/703/647 700/700/644
f 1916/1916/1778 1915/1915/1777 700/700/644
f 1915/1915/1777 707/707/651 703/703/647
f 707/707/651 705/705/649 703/703/647
f 707/707/651 708/708/652 706/706/650
f 708/708/652 1917/1917/1779 709/709/653
f 1917/1917/1779 714/714/658 709/709/653
f 714/714/658 711/711/655 709/709/653
f 714/714/658 716/716/660 713/713/657
f 719/719/662 715/715/659 716/716/660
f 719/719/662 1918/1918/1780 718/718/644
f 1919/1919/1781 1920/1920/662 1921/1921/684
f 721/721/664 1919/1919/1781 1921/1921/684
f 721/721/664 1921/1921/684 722/722/665
f 721/721/664 729/729/672 1919/1919/1781
f 729/729/672 1922/1922/1782 1919/1919/1781
f 729/729/672 721/721/664 726/726/669
f 721/721/664 720/720/663 726/726/669
f 729/729/672 731/731/674 1922/1922/1782
f 731/731/674 1923/1923/651 1922/1922/1782
f 731/731/674 728/728/671 732/732/675
f 731/731/674 735/735/678 1923/1923/651
f 735/735/678 731/731/674 732/732/675
f 735/735/678 1924/1924/652 1923/1923/651
f 1925/1925/1779 1924/1924/652 735/735/678
f 736/736/679 1925/1925/1779 735/735/678
f 736/736/679 1926/1926/1783 1925/1925/1779
f 1926/1926/1783 1927/1927/658 1925/1925/1779
f 736/736/679 740/740/683 1926/1926/1783
f 1928/1928/1784 737/737/680 739/739/682
f 1928/1928/1784 739/739/682 1929/1929/1785
f 1928/1928/1784 1930/1930/1786 737/737/680
f 1931/1931/1787 1928/1928/1784 1929/1929/1785
f 1928/1928/1784 1931/1931/1787 1930/1930/1786
f 1931/1931/1787 1929/1929/1785 1932/1932/1788
f 1933/1933/1789 1931/1931/1787 1932/1932/1788
f 1933/1933/1789 1932/1932/1788 1934/1934/1790
f 1927/1927/658 1926/1926/1783 1935/1935/1791
f 1927/1927/658 1935/1935/1791 1936/1936/660
f 740/740/683 1937/1937/1792 1926/1926/1783
f 740/740/683 1930/1930/1786 1937/1937/1792
f 1931/1931/1787 1933/1933/1789 1938/1938/1793
f 1931/1931/1787 1938/1938/1793 1930/1930/1786
f 1935/1935/1791 1939/1939/1794 1936/1936/660
f 1936/1936/660 1939/1939/1794 1940/1940/662
f 1939/1939/1794 742/742/684 1940/1940/662
f 742/742/684 1939/1939/1794 743/743/685
f 1939/1939/1794 1935/1935/1791 743/743/685
f 1935/1935/1791 1941/1941/1795 743/743/685
f 1942/1942/1796 747/747/688 1943/1943/1797
f 1944/1944/1798 1945/1945/1799 1942/1942/1796
f 1942/1942/1796 1943/1943/1797 1946/1946/1800
f 1944/1944/1798 1942/1942/1796 1947/1947/1801
f 1947/1947/1801 1942/1942/1796 1946/1946/1800
f 749/749/690 1944/1944/1798 1947/1947/1801
f 1933/1933/1789 1948/1948/1802 1938/1938/1793
f 1949/1949/1803 1938/1938/1793 1948/1948/1802
f 1950/1950/1804 1949/1949/1803 1948/1948/1802
f 1949/1949/1803 1950/1950/1804 1946/1946/1800
f 1946/1946/1800 1950/1950/1804 1951/1951/1805
f 1947/1947/1801 1946/1946/1800 1951/1951/1805
f 749/749/690 1947/1947/1801 750/750/691
f 750/750/691 1947/1947/1801 1951/1951/1805
f 1948/1948/1802 1933/1933/1789 754/754/695
f 1950/1950/1804 1948/1948/1802 754/754/695
f 1950/1950/1804 753/753/694 1951/1951/1805
f 753/753/694 1950/1950/1804 754/754/695
f 750/750/691 1951/1951/1805 752/752/693
f 1951/1951/1805 753/753/694 752/752/693
f 1933/1933/1789 755/755/696 754/754/695
f 755/755/696 752/752/693 754/754/695
f 755/755/696 1933/1933/1789 1934/1934/1790
f 755/755/696 1934/1934/1790 751/751/692
f 424/424/387 423/423/386 860/860/783
f 1952/1952/1806 1953/1953/1807 874/874/797
f 1954/1954/895 1955/1955/1808 1956/1956/1809
f 1955/1955/1808 1957/1957/1810 1956/1956/1809
f 1958/1958/1811 1956/1956/1809 1957/1957/1810
f 1958/1958/1811 1957/1957/1810 1959/1959/1812
f 1957/1957/1810 1960/1960/896 1959/1959/1812
f 1955/1955/1808 882/882/805 1957/1957/1810
f 1957/1957/1810 882/882/805 1960/1960/896
f 1955/1955/1808 883/883/806 882/882/805
f 1961/1961/1813 887/887/810 886/886/809
f 909/909/829 1962/1962/1814 907/907/807
f 1963/1963/1815 932/932/850 931/931/849
f 1963/1963/1815 1964/1964/1816 936/936/854
f 1965/1965/1817 940/940/858 941/941/859
f 1965/1965/1817 941/941/859 1966/1966/1818
f 1966/1966/1818 941/941/859 1967/1967/1819
f 941/941/859 1968/1968/1820 1967/1967/1819
f 1967/1967/1819 1968/1968/1820 1969/1969/1821
f 1968/1968/1820 1970/1970/1822 1969/1969/1821
f 947/947/865 949/949/867 945/945/863
f 949/949/867 947/947/865 951/951/869
f 949/949/867 954/954/872 948/948/866
f 963/963/881 964/964/882 1971/1971/1823
f 964/964/882 1972/1972/1824 1971/1971/1823
f 1972/1972/1824 1973/1973/1819 1971/1971/1823
f 963/963/881 1971/1971/1823 1974/1974/1825
f 1974/1974/1825 1971/1971/1823 1975/1975/1826
f 1975/1975/1826 1971/1971/1823 1973/1973/1819
f 1973/1973/1819 967/967/885 1975/1975/1826
f 1976/1976/1827 967/967/885 1973/1973/1819
f 1976/1976/1827 965/965/883 967/967/885
f 1975/1975/1826 1977/1977/1828 1974/1974/1825
f 1975/1975/1826 967/967/885 1977/1977/1828
f 1974/1974/1825 1977/1977/1828 969/969/887
f 1978/1978/1829 963/963/881 1974/1974/1825
f 1978/1978/1829 1974/1974/1825 969/969/887
f 1978/1978/1829 969/969/887 959/959/877
f 1978/1978/1829 959/959/877 963/963/881
f 967/967/885 1979/1979/1830 1977/1977/1828
f 967/967/885 966/966/884 1979/1979/1830
f 969/969/887 971/971/889 968/968/886
f 1979/1979/1830 1980/1980/1831 1977/1977/1828
f 969/969/887 1977/1977/1828 1980/1980/1831
f 1979/1979/1830 966/966/884 972/972/890
f 1979/1979/1830 972/972/890 975/975/893
f 975/975/893 974/974/892 976/976/894
f 1981/1981/1809 975/975/893 977/977/895
f 1981/1981/1809 1982/1982/1832 975/975/893
f 1982/1982/1832 1980/1980/1831 1979/1979/1830
f 1982/1982/1832 1979/1979/1830 975/975/893
f 1983/1983/1811 1980/1980/1831 1982/1982/1832
f 1981/1981/1809 1983/1983/1811 1982/1982/1832
f 1983/1983/1811 1984/1984/1812 1980/1980/1831
f 1985/1985/1833 1984/1984/1812 971/971/889
f 1985/1985/1833 969/969/887 1980/1980/1831
f 1984/1984/1812 1985/1985/1833 1980/1980/1831
f 1985/1985/1833 971/971/889 969/969/887
f 1984/1984/1812 978/978/896 971/971/889
f 1020/1020/937 1986/1986/1834 1018/1018/935
f 1986/1986/1834 1020/1020/937 1987/1987/1835
f 1020/1020/937 1019/1019/936 1988/1988/1836
f 1989/1989/1837 1987/1987/1835 1020/1020/937
f 1989/1989/1837 1020/1020/937 1988/1988/1836
f 1990/1990/1838 1986/1986/1834 1987/1987/1835
f 1990/1990/1838 1991/1991/1839 1986/1986/1834
f 1991/1991/1839 1990/1990/1838 1992/1992/1840
f 1993/1993/1841 1990/1990/1838 1987/1987/1835
f 1990/1990/1838 1993/1993/1841 1992/1992/1840
f 1994/1994/1842 1992/1992/1840 1993/1993/1841
f 1995/1995/1843 1993/1993/1841 1987/1987/1835
f 1995/1995/1843 1996/1996/1844 1993/1993/1841
f 1023/1023/940 1996/1996/1844 1995/1995/1843
f 1996/1996/1844 1023/1023/940 1997/1997/1845
f 1023/1023/940 1998/1998/1846 1997/1997/1845
f 1997/1997/1845 1998/1998/1846 1999/1999/1847
f 1998/1998/1846 1023/1023/940 2000/2000/1848
f 1999/1999/1847 1998/1998/1846 2000/2000/1848
f 1023/1023/940 1022/1022/939 2000/2000/1848
f 1025/1025/942 1023/1023/940 1995/1995/1843
f 1025/1025/942 1021/1021/938 1023/1023/940
f 1995/1995/1843 1987/1987/1835 2001/2001/1849
f 1027/1027/944 1995/1995/1843 2001/2001/1849
f 1025/1025/942 1995/1995/1843 1027/1027/944
f 2001/2001/1849 1987/1987/1835 2002/2002/1850
f 2002/2002/1850 1987/1987/1835 1989/1989/1837
f 1988/1988/1836 2003/2003/1851 1989/1989/1837
f 2002/2002/1850 1989/1989/1837 2003/2003/1851
f 1027/1027/944 2001/2001/1849 1028/1028/945
f 2004/2004/1852 2002/2002/1850 2003/2003/1851
f 2001/2001/1849 2002/2002/1850 2004/2004/1852
f 2004/2004/1852 1030/1030/947 2001/2001/1849
f 1030/1030/947 1028/1028/945 2001/2001/1849
f 2004/2004/1852 2005/2005/1853 1030/1030/947
f 2004/2004/1852 2003/2003/1851 2005/2005/1853
f 1030/1030/947 1037/1037/954 1029/1029/946
f 1030/1030/947 2005/2005/1853 1037/1037/954
f 2006/2006/1854 1037/1037/954 2005/2005/1853
f 2007/2007/1855 2006/2006/1854 2005/2005/1853
f 1037/1037/954 2006/2006/1854 1038/1038/955
f 2005/2005/1853 2008/2008/1856 2007/2007/1855
f 1988/1988/1836 2009/2009/1857 2003/2003/1851
f 2009/2009/1857 1041/1041/958 2008/2008/1856
f 2009/2009/1857 1039/1039/956 1041/1041/958
f 2009/2009/1857 1988/1988/1836 1039/1039/956
f 1988/1988/1836 1043/1043/960 1039/1039/956
f 1046/1046/963 1047/1047/964 1045/1045/962
f 2010/2010/1858 2011/2011/1859 2012/2012/997
f 2010/2010/1858 2013/2013/1860 2011/2011/1859
f 2013/2013/1860 2014/2014/1861 2011/2011/1859
f 2015/2015/1862 2011/2011/1859 2014/2014/1861
f 2016/2016/1863 2014/2014/1861 2013/2013/1860
f 2017/2017/1864 2016/2016/1863 2013/2013/1860
f 2016/2016/1863 2018/2018/1865 2014/2014/1861
f 2018/2018/1865 2015/2015/1862 2014/2014/1861
f 2018/2018/1865 2019/2019/1866 2015/2015/1862
f 2020/2020/1867 2021/2021/1868 2022/2022/1869
f 2023/2023/1842 2020/2020/1867 2022/2022/1869
f 2024/2024/1870 2025/2025/1871 2026/2026/1872
f 2025/2025/1871 2027/2027/1873 2026/2026/1872
f 2026/2026/1872 2027/2027/1873 2028/2028/1874
f 2025/2025/1871 2029/2029/1875 2027/2027/1873
f 2027/2027/1873 1091/1091/1006 2028/2028/1874
f 2029/2029/1875 1089/1089/1004 2027/2027/1873
f 2027/2027/1873 1089/1089/1004 1091/1091/1006
f 2029/2029/1875 1092/1092/1007 1089/1089/1004
f 1096/1096/1011 2030/2030/1876 1098/1098/1013
f 2031/2031/1877 1098/1098/1013 2030/2030/1876
f 2032/2032/1878 2033/2033/1879 2034/2034/1152
f 2035/2035/1880 2032/2032/1878 2034/2034/1152
f 2032/2032/1878 2035/2035/1880 2036/2036/1881
f 2037/2037/1874 2036/2036/1881 2035/2035/1880
f 2038/2038/1870 2035/2035/1880 2034/2034/1152
f 2039/2039/1151 2038/2038/1870 2034/2034/1152
f 1110/1110/1022 1109/1109/1021 1112/1112/1024
f 2040/2040/1882 1110/1110/1022 1111/1111/1023
f 2040/2040/1882 2041/2041/1883 2042/2042/1884
f 2043/2043/1885 2044/2044/1886 2045/2045/1887
f 2043/2043/1885 2045/2045/1887 2046/2046/1888
f 2043/2043/1885 2046/2046/1888 2047/2047/1889
f 2048/2048/1890 2049/2049/1891 2047/2047/1889
f 2050/2050/1892 2051/2051/1893 2048/2048/1890
f 2048/2048/1890 2052/2052/1894 2050/2050/1892
f 2053/2053/1895 2054/2054/1896 2055/2055/1897
f 2053/2053/1895 2056/2056/1898 2057/2057/1899
f 2053/2053/1895 2057/2057/1899 2058/2058/1900
f 2059/2059/1901 2060/2060/1902 2061/2061/1903
f 1120/1120/1031 1119/1119/1030 2062/2062/1904
f 2062/2062/1904 2059/2059/1901 1120/1120/1031
f 1124/1124/1035 2059/2059/1901 2061/2061/1903
f 2059/2059/1901 1124/1124/1035 1120/1120/1031
f 2061/2061/1903 1122/1122/1033 1124/1124/1035
f 1120/1120/1031 1125/1125/1036 1121/1121/1032
f 1124/1124/1035 1123/1123/1034 1125/1125/1036
f 1120/1120/1031 1124/1124/1035 1125/1125/1036
f 1149/1149/1058 1150/1150/1059 2063/2063/1905
f 1149/1149/1058 2063/2063/1905 1152/1152/1061
f 2063/2063/1905 2064/2064/1906 1154/1154/1063
f 2063/2063/1905 1154/1154/1063 1152/1152/1061
f 2065/2065/1907 2064/2064/1906 2066/2066/1908
f 2065/2065/1907 2067/2067/1909 2068/2068/1910
f 2069/2069/1911 2067/2067/1909 2070/2070/1912
f 2069/2069/1911 2071/2071/1913 2068/2068/1910
f 2072/2072/1914 2069/2069/1911 2070/2070/1912
f 2069/2069/1911 2072/2072/1914 2071/2071/1913
f 2072/2072/1914 2073/2073/1915 2074/2074/1916
f 2072/2072/1914 2074/2074/1916 2071/2071/1913
f 2075/2075/1917 2076/2076/1918 2077/2077/1919
f 2075/2075/1917 2078/2078/1920 2079/2079/1921
f 1162/1162/1070 2080/2080/1922 1160/1160/1068
f 2081/2081/1923 2078/2078/1920 1162/1162/1070
f 2081/2081/1923 1162/1162/1070 1161/1161/1069
f 1161/1161/1069 1160/1160/1068 1168/1168/1076
f 1165/1165/1073 2081/2081/1923 1161/1161/1069
f 2081/2081/1923 1165/1165/1073 1164/1164/1072
f 1165/1165/1073 1161/1161/1069 1167/1167/1075
f 60/60/38 59/59/37 1250/1250/1156
f 2082/2082/1924 2083/2083/1925 2084/2084/1926
f 2085/2085/1927 2082/2082/1924 2084/2084/1926
f 2085/2085/1927 2086/2086/1928 2082/2082/1924
f 2087/2087/1929 2088/2088/1930 2083/2083/1925
f 2082/2082/1924 2087/2087/1929 2083/2083/1925
f 2086/2086/1928 2089/2089/1931 2082/2082/1924
f 2086/2086/1928 2090/2090/1932 2089/2089/1931
f 2089/2089/1931 2091/2091/1933 2082/2082/1924
f 2091/2091/1933 2087/2087/1929 2082/2082/1924
f 2089/2089/1931 2092/2092/1934 2091/2091/1933
f 2093/2093/1935 1253/1253/1159 2088/2088/1930
f 2093/2093/1935 2088/2088/1930 2087/2087/1929
f 2094/2094/1936 1252/1252/1158 1251/1251/1157
f 2094/2094/1936 2095/2095/1937 2096/2096/1938
f 2095/2095/1937 2097/2097/1939 2096/2096/1938
f 2094/2094/1936 1255/1255/1161 2095/2095/1937
f 1255/1255/1161 2094/2094/1936 1251/1251/1157
f 2093/2093/1935 1254/1254/1160 1251/1251/1157
f 2098/2098/1940 2093/2093/1935 2087/2087/1929
f 2093/2093/1935 2098/2098/1940 1254/1254/1160
f 2095/2095/1937 2099/2099/1941 2097/2097/1939
f 2095/2095/1937 1257/1257/1163 2099/2099/1941
f 1255/1255/1161 1257/1257/1163 2095/2095/1937
f 2087/2087/1929 2091/2091/1933 2100/2100/1942
f 2098/2098/1940 2087/2087/1929 2100/2100/1942
f 2098/2098/1940 2101/2101/1943 1254/1254/1160
f 2101/2101/1943 2098/2098/1940 2100/2100/1942
f 1254/1254/1160 1258/1258/1164 1255/1255/1161
f 1254/1254/1160 2101/2101/1943 1258/1258/1164
f 1257/1257/1163 1255/1255/1161 1258/1258/1164
f 2100/2100/1942 2102/2102/1944 2103/2103/1945
f 2101/2101/1943 2100/2100/1942 2103/2103/1945
f 2101/2101/1943 2103/2103/1945 1258/1258/1164
f 1257/1257/1163 1260/1260/1166 2099/2099/1941
f 1257/1257/1163 1256/1256/1162 1260/1260/1166
f 1258/1258/1164 2104/2104/1946 1256/1256/1162
f 2105/2105/1947 2103/2103/1945 2102/2102/1944
f 2106/2106/1948 2105/2105/1947 2102/2102/1944
f 2106/2106/1948 2107/2107/1949 2105/2105/1947
f 2106/2106/1948 2108/2108/1950 2107/2107/1949
f 2108/2108/1950 2109/2109/1951 2107/2107/1949
f 2110/2110/1952 2109/2109/1951 2108/2108/1950
f 2107/2107/1949 2109/2109/1951 2111/2111/1953
f 2107/2107/1949 2112/2112/1954 2105/2105/1947
f 2105/2105/1947 2112/2112/1954 2104/2104/1946
f 2112/2112/1954 2107/2107/1949 2113/2113/1955
f 2112/2112/1954 2114/2114/1956 2115/2115/1957
f 2116/2116/1958 2112/2112/1954 2115/2115/1957
f 2116/2116/1958 2115/2115/1957 2117/2117/1959
f 2117/2117/1959 2118/2118/1960 2116/2116/1958
f 2118/2118/1960 1261/1261/1167 2116/2116/1958
f 2117/2117/1959 2119/2119/1961 2120/2120/1962
f 2121/2121/1963 2122/2122/1964 2123/2123/1965
f 2122/2122/1964 2120/2120/1962 2123/2123/1965
f 2122/2122/1964 2124/2124/1966 2120/2120/1962
f 2117/2117/1959 2120/2120/1962 2125/2125/1967
f 2118/2118/1960 2117/2117/1959 2125/2125/1967
f 2126/2126/1968 2125/2125/1967 2127/2127/1969
f 2118/2118/1960 2126/2126/1968 1259/1259/1165
f 2126/2126/1968 1262/1262/1168 1259/1259/1165
f 1262/1262/1168 1260/1260/1166 1259/1259/1165
f 2128/2128/1970 2126/2126/1968 2127/2127/1969
f 2129/2129/1971 2128/2128/1970 2127/2127/1969
f 2129/2129/1971 2130/2130/1972 2128/2128/1970
f 2099/2099/1941 1263/1263/1169 2131/2131/1973
f 2099/2099/1941 1260/1260/1166 1263/1263/1169
f 1264/1264/1170 1262/1262/1168 2126/2126/1968
f 2128/2128/1970 1264/1264/1170 2126/2126/1968
f 2130/2130/1972 2132/2132/1974 2128/2128/1970
f 2130/2130/1972 2133/2133/1521 2132/2132/1974
f 2134/2134/1975 1263/1263/1169 1264/1264/1170
f 2134/2134/1975 2131/2131/1973 1263/1263/1169
f 1264/1264/1170 2128/2128/1970 2135/2135/1976
f 2134/2134/1975 1264/1264/1170 2135/2135/1976
f 2128/2128/1970 2132/2132/1974 2135/2135/1976
f 2136/2136/1977 2137/2137/1978 2138/2138/1979
f 2139/2139/1980 1267/1267/1173 1268/1268/1174
f 1271/1271/1177 2139/2139/1980 1268/1268/1174
f 2139/2139/1980 1271/1271/1177 2140/2140/1981
f 1271/1271/1177 2141/2141/1982 2140/2140/1981
f 2140/2140/1981 2141/2141/1982 2142/2142/1983
f 1273/1273/1179 1271/1271/1177 1270/1270/1176
f 2141/2141/1982 1271/1271/1177 1273/1273/1179
f 2141/2141/1982 1278/1278/1184 2142/2142/1983
f 2142/2142/1983 1278/1278/1184 1274/1274/1180
f 76/76/53 70/70/47 69/69/46
f 1278/1278/1184 2141/2141/1982 1279/1279/1185
f 1273/1273/1179 76/76/53 1279/1279/1185
f 1279/1279/1185 2141/2141/1982 1273/1273/1179
f 1278/1278/1184 1275/1275/1181 1274/1274/1180
f 1275/1275/1181 1278/1278/1184 1277/1277/1183
f 74/74/51 81/81/58 77/77/54
f 76/76/53 75/75/52 79/79/56
f 76/76/53 79/79/56 1279/1279/1185
f 79/79/56 78/78/55 84/84/61
f 84/84/61 1277/1277/1183 79/79/56
f 84/84/61 1284/1284/1190 1282/1282/1188
f 1284/1284/1190 84/84/61 83/83/60
f 1281/1281/1187 1287/1287/1193 1286/1286/1192
f 1292/1292/1198 1284/1284/1190 1283/1283/1189
f 1301/1301/1207 1275/1275/1181 1291/1291/1197
f 1276/1276/1182 1275/1275/1181 1301/1301/1207
f 1292/1292/1198 103/103/80 106/106/83
f 2143/2143/1984 1292/1292/1198 106/106/83
f 1284/1284/1190 1292/1292/1198 2143/2143/1984
f 2144/2144/1985 106/106/83 110/110/87
f 2143/2143/1984 106/106/83 2144/2144/1985
f 1284/1284/1190 2145/2145/1986 1282/1282/1188
f 2145/2145/1986 1284/1284/1190 2143/2143/1984
f 2144/2144/1985 110/110/87 1294/1294/1200
f 2145/2145/1986 2143/2143/1984 2146/2146/1987
f 2146/2146/1987 2143/2143/1984 2144/2144/1985
f 2145/2145/1986 1296/1296/1202 1282/1282/1188
f 2146/2146/1987 2144/2144/1985 1346/1346/1252
f 1346/1346/1252 2144/2144/1985 1294/1294/1200
f 2147/2147/1988 2145/2145/1986 2146/2146/1987
f 2145/2145/1986 2147/2147/1988 1296/1296/1202
f 1298/1298/1204 1291/1291/1197 1296/1296/1202
f 1298/1298/1204 1301/1301/1207 1291/1291/1197
f 1298/1298/1204 1296/1296/1202 1299/1299/1205
f 2147/2147/1988 1299/1299/1205 1296/1296/1202
f 1298/1298/1204 1297/1297/1203 1301/1301/1207
f 2147/2147/1988 2146/2146/1987 1343/1343/1249
f 1343/1343/1249 2146/2146/1987 1346/1346/1252
f 1276/1276/1182 1301/1301/1207 1300/1300/1206
f 2148/2148/1989 1302/1302/1208 1303/1303/1209
f 2148/2148/1989 1303/1303/1209 1306/1306/1212
f 1300/1300/1206 1297/1297/1203 1304/1304/1210
f 2149/2149/1990 1306/1306/1212 1305/1305/1211
f 1307/1307/1213 1304/1304/1210 1297/1297/1203
f 2147/2147/1988 2150/2150/1991 1299/1299/1205
f 2150/2150/1991 1307/1307/1213 1299/1299/1205
f 1307/1307/1213 2150/2150/1991 1336/1336/1242
f 1341/1341/1247 2147/2147/1988 1343/1343/1249
f 1341/1341/1247 2150/2150/1991 2147/2147/1988
f 1336/1336/1242 2150/2150/1991 1341/1341/1247
f 1304/1304/1210 2151/2151/1992 1303/1303/1209
f 1304/1304/1210 1307/1307/1213 2152/2152/1993
f 2152/2152/1993 1307/1307/1213 1336/1336/1242
f 1336/1336/1242 1316/1316/1222 2152/2152/1993
f 1313/1313/1219 2149/2149/1990 1305/1305/1211
f 2149/2149/1990 1313/1313/1219 1308/1308/1214
f 1318/1318/1224 1313/1313/1219 1305/1305/1211
f 1313/1313/1219 1309/1309/1215 1308/1308/1214
f 1313/1313/1219 1318/1318/1224 1314/1314/1220
f 1319/1319/1225 1314/1314/1220 1318/1318/1224
f 1314/1314/1220 1319/1319/1225 1315/1315/1221
f 1315/1315/1221 1319/1319/1225 119/119/96
f 1319/1319/1225 120/120/97 119/119/96
f 130/130/107 128/128/105 129/129/106
f 130/130/107 1321/1321/1227 131/131/108
f 130/130/107 1322/1322/1228 1321/1321/1227
f 130/130/107 129/129/106 1322/1322/1228
f 1327/1327/1233 1320/1320/1226 1321/1321/1227
f 1319/1319/1225 1317/1317/1223 1330/1330/1236
f 1321/1321/1227 1322/1322/1228 1337/1337/1243
f 2153/2153/1994 2154/2154/1995 2155/2155/1996
f 1343/1343/1249 1346/1346/1252 1345/1345/1251
f 1346/1346/1252 1294/1294/1200 1347/1347/1253
f 1347/1347/1253 1294/1294/1200 1295/1295/1201
f 1347/1347/1253 1349/1349/1255 1348/1348/1254
f 1362/1362/1268 1344/1344/1250 1339/1339/1245
f 1362/1362/1268 1365/1365/1271 1344/1344/1250
f 1365/1365/1271 2153/2153/1994 1344/1344/1250
f 1362/1362/1268 1363/1363/1269 1365/1365/1271
f 1364/1364/1270 2156/2156/1997 1365/1365/1271
f 2156/2156/1997 1369/1369/1275 1365/1365/1271
f 2153/2153/1994 1365/1365/1271 1369/1369/1275
f 2156/2156/1997 1367/1367/1273 1369/1369/1275
f 2157/2157/1998 2153/2153/1994 1369/1369/1275
f 2157/2157/1998 2154/2154/1995 2153/2153/1994
f 1369/1369/1275 1368/1368/1274 2157/2157/1998
f 2157/2157/1998 1381/1381/1287 2154/2154/1995
f 1381/1381/1287 2157/2157/1998 1372/1372/1278
f 2157/2157/1998 1368/1368/1274 1372/1372/1278
f 1384/1384/1290 1385/1385/1291 1380/1380/1286
f 1388/1388/1294 1327/1327/1233 1381/1381/1287
f 1385/1385/1291 1388/1388/1294 1381/1381/1287
f 1388/1388/1294 1326/1326/1232 1327/1327/1233
f 1389/1389/1295 1387/1387/1293 1388/1388/1294
f 1388/1388/1294 1385/1385/1291 1389/1389/1295
f 2158/2158/1999 1385/1385/1291 1384/1384/1290
f 1385/1385/1291 2158/2158/1999 1389/1389/1295
f 1389/1389/1295 134/134/111 133/133/110
f 1389/1389/1295 2158/2158/1999 134/134/111
f 2158/2158/1999 136/136/113 134/134/111
f 137/137/114 2158/2158/1999 1384/1384/1290
f 137/137/114 136/136/113 2158/2158/1999
f 1384/1384/1290 1386/1386/1292 137/137/114
f 2159/2159/2000 2160/2160/2001 1398/1398/1304
f 2161/2161/2002 1397/1397/1303 1400/1400/1306
f 2161/2161/2002 1400/1400/1306 2162/2162/2003
f 2163/2163/2004 2164/2164/2005 2165/2165/2006
f 1407/1407/1313 2166/2166/2007 2167/2167/2008
f 1407/1407/1313 2167/2167/2008 1408/1408/1314
f 1407/1407/1313 140/140/117 139/139/116
f 1411/1411/1317 2168/2168/2009 2169/2169/2010
f 1411/1411/1317 1416/1416/1322 2170/2170/2011
f 1411/1411/1317 2169/2169/2010 1409/1409/1315
f 1410/1410/1316 1416/1416/1322 1411/1411/1317
f 2169/2169/2010 1413/1413/1319 1409/1409/1315
f 1413/1413/1319 2169/2169/2010 1414/1414/1320
f 1413/1413/1319 1412/1412/1318 1424/1424/1330
f 2171/2171/2012 1424/1424/1330 1412/1412/1318
f 1416/1416/1322 1410/1410/1316 152/152/129
f 1418/1418/1324 1410/1410/1316 1409/1409/1315
f 1413/1413/1319 1424/1424/1330 1419/1419/1325
f 1413/1413/1319 1419/1419/1325 1417/1417/1323
f 1418/1418/1324 157/157/133 1410/1410/1316
f 1418/1418/1324 1421/1421/1327 157/157/133
f 152/152/129 148/148/125 146/146/123
f 152/152/129 157/157/133 153/153/130
f 2172/2172/2013 2173/2173/2014 2174/2174/2015
f 2172/2172/2013 2175/2175/2016 2176/2176/2017
f 2175/2175/2016 2172/2172/2013 2177/2177/2018
f 2175/2175/2016 2177/2177/2018 2178/2178/2019
f 2177/2177/2018 2179/2179/2020 2178/2178/2019
f 1430/1430/1336 2180/2180/2021 1431/1431/1337
f 1432/1432/1338 1427/1427/1333 1429/1429/1335
f 1429/1429/1335 2181/2181/2022 1432/1432/1338
f 1430/1430/1336 1454/1454/1360 2180/2180/2021
f 2181/2181/2022 2182/2182/2023 1432/1432/1338
f 2182/2182/2023 2181/2181/2022 2183/2183/2024
f 1437/1437/1343 1432/1432/1338 2182/2182/2023
f 1432/1432/1338 1437/1437/1343 1433/1433/1339
f 2182/2182/2023 2184/2184/2025 1436/1436/1342
f 1436/1436/1342 1437/1437/1343 2182/2182/2023
f 1436/1436/1342 2185/2185/2026 1434/1434/1340
f 1439/1439/1345 1438/1438/1344 1434/1434/1340
f 1448/1448/1354 1449/1449/1355 1446/1446/1352
f 1449/1449/1355 1444/1444/1350 1443/1443/1349
f 1451/1451/1357 1444/1444/1350 1450/1450/1356
f 2186/2186/2027 179/179/154 175/175/150
f 175/175/150 2187/2187/2028 2186/2186/2027
f 2188/2188/2029 2187/2187/2028 2189/2189/2030
f 2186/2186/2027 2188/2188/2029 2190/2190/2031
f 2186/2186/2027 2190/2190/2031 179/179/154
f 2188/2188/2029 2191/2191/2032 2192/2192/2033
f 2188/2188/2029 2192/2192/2033 2190/2190/2031
f 2192/2192/2033 2193/2193/2034 184/184/159
f 2192/2192/2033 184/184/159 188/188/163
f 2190/2190/2031 2192/2192/2033 188/188/163
f 2190/2190/2031 188/188/163 1461/1461/1367
f 2190/2190/2031 1461/1461/1367 179/179/154
f 1463/1463/1369 1460/1460/1366 1461/1461/1367
f 188/188/163 1466/1466/1372 1461/1461/1367
f 1463/1463/1369 1461/1461/1367 1466/1466/1372
f 2194/2194/2035 2195/2195/2036 2196/2196/2037
f 2197/2197/2038 2194/2194/2035 2196/2196/2037
f 2197/2197/2038 2196/2196/2037 2198/2198/2039
f 2194/2194/2035 2197/2197/2038 1468/1468/1374
f 2197/2197/2038 1469/1469/1375 1468/1468/1374
f 2197/2197/2038 2198/2198/2039 1469/1469/1375
f 2198/2198/2039 1470/1470/1376 1469/1469/1375
f 2199/2199/587 225/225/198 224/224/197
f 227/227/200 2199/2199/587 224/224/197
f 230/230/203 227/227/200 226/226/199
f 230/230/203 229/229/202 237/237/210
f 237/237/210 236/236/209 1472/1472/1378
f 2200/2200/2040 2201/2201/2041 2202/2202/2042
f 2203/2203/2043 2201/2201/2041 2200/2200/2040
f 2204/2204/2044 2203/2203/2043 2200/2200/2040
f 2204/2204/2044 2200/2200/2040 2205/2205/2045
f 2200/2200/2040 2206/2206/2046 2205/2205/2045
f 2206/2206/2046 2200/2200/2040 2207/2207/2047
f 2205/2205/2045 2206/2206/2046 1475/1475/1380
f 2206/2206/2046 2208/2208/2048 2209/2209/2049
f 2206/2206/2046 1476/1476/1381 1475/1475/1380
f 1476/1476/1381 2206/2206/2046 2209/2209/2049
f 1476/1476/1381 2209/2209/2049 2210/2210/210
f 2210/2210/210 1474/1474/1379 1476/1476/1381
f 2211/2211/203 2210/2210/210 2212/2212/2050
f 2213/2213/200 2211/2211/203 2214/2214/2051
f 2215/2215/2052 2213/2213/200 2216/2216/2053
f 2217/2217/2054 2218/2218/2055 2219/2219/2056
f 2218/2218/2055 2220/2220/2057 2219/2219/2056
f 2218/2218/2055 2221/2221/2058 2220/2220/2057
f 2222/2222/2059 2223/2223/2060 2224/2224/2061
f 2224/2224/2061 2225/2225/2062 2222/2222/2059
f 2224/2224/2061 2226/2226/2063 2227/2227/2064
f 2224/2224/2061 2227/2227/2064 2225/2225/2062
f 2228/2228/2065 2229/2229/2066 2230/2230/2067
f 2231/2231/2068 2232/2232/2069 2233/2233/2070
f 2234/2234/2071 2232/2232/2069 2231/2231/2068
f 2235/2235/2072 2236/2236/2073 2237/2237/2074
f 2235/2235/2072 2238/2238/2075 2236/2236/2073
f 2231/2231/2068 2239/2239/2076 2240/2240/2077
f 2231/2231/2068 2241/2241/2078 2242/2242/2079
f 2235/2235/2072 2243/2243/2080 2244/2244/2081
f 2228/2228/2065 2245/2245/2082 2246/2246/2083
f 2247/2247/2084 2248/2248/2085 2249/2249/2086
f 2250/2250/2087 2251/2251/2088 2252/2252/2089
f 2250/2250/2087 2253/2253/2090 2254/2254/2091
f 2255/2255/2092 2256/2256/2093 2257/2257/2094
f 2256/2256/2093 2258/2258/2095 2257/2257/2094
f 2258/2258/2095 2259/2259/2096 2260/2260/2097
f 1487/1487/1392 2261/2261/2098 2262/2262/2099
f 1485/1485/1390 2263/2263/2100 2261/2261/2098
f 1485/1485/1390 2261/2261/2098 1487/1487/1392
f 1483/1483/1388 1477/1477/1382 1479/1479/1384
f 1480/1480/1385 1477/1477/1382 1482/1482/1387
f 1480/1480/1385 1488/1488/1393 1493/1493/1398
f 1487/1487/1392 1492/1492/1397 1491/1491/1396
f 1492/1492/1397 1487/1487/1392 2264/2264/2101
f 1492/1492/1397 240/240/213 239/239/212
f 240/240/213 1492/1492/1397 2264/2264/2101
f 2265/2265/2102 2266/2266/2103 2267/2267/2104
f 2268/2268/2092 2266/2266/2103 2269/2269/2093
f 2265/2265/2102 2270/2270/2105 2271/2271/2106
f 1498/1498/1403 2271/2271/2106 2270/2270/2105
f 2272/2272/2107 240/240/213 2264/2264/2101
f 2272/2272/2107 2264/2264/2101 2273/2273/2108
f 2274/2274/2109 2272/2272/2107 2273/2273/2108
f 2272/2272/2107 2274/2274/2109 2275/2275/2110
f 2274/2274/2109 2276/2276/2111 2275/2275/2110
f 2272/2272/2107 2275/2275/2110 1503/1503/1408
f 240/240/213 2272/2272/2107 1503/1503/1408
f 1500/1500/1405 2275/2275/2110 2276/2276/2111
f 1501/1501/1406 1500/1500/1405 2276/2276/2111
f 1503/1503/1408 238/238/211 240/240/213
f 1503/1503/1408 2275/2275/2110 1505/1505/1410
f 2275/2275/2110 1500/1500/1405 1505/1505/1410
f 239/239/212 238/238/211 242/242/215
f 1505/1505/1410 241/241/214 1503/1503/1408
f 1498/1498/1403 1497/1497/1402 249/249/222
f 253/253/226 1498/1498/1403 249/249/222
f 2277/2277/2112 1498/1498/1403 253/253/226
f 253/253/226 249/249/222 248/248/221
f 253/253/226 2278/2278/2113 2277/2277/2112
f 2278/2278/2113 2279/2279/2114 2277/2277/2112
f 2278/2278/2113 253/253/226 252/252/225
f 2279/2279/2114 2278/2278/2113 2280/2280/2115
f 2281/2281/2108 2279/2279/2114 2280/2280/2115
f 2280/2280/2115 2278/2278/2113 2282/2282/2111
f 2278/2278/2113 256/256/229 2282/2282/2111
f 256/256/229 2278/2278/2113 252/252/225
f 256/256/229 1518/1518/1423 2282/2282/2111
f 1518/1518/1423 1521/1521/1425 2282/2282/2111
f 1518/1518/1423 1519/1519/1424 1521/1521/1425
f 280/280/252 279/279/239 1528/1528/1430
f 1569/1569/1465 324/324/295 321/321/292
f 2283/2283/2116 1568/1568/1464 1566/1566/1463
f 1569/1569/1465 1568/1568/1464 2283/2283/2116
f 1576/1576/1472 2283/2283/2116 1566/1566/1463
f 2283/2283/2116 1576/1576/1472 1577/1577/1473
f 1577/1577/1473 1569/1569/1465 2283/2283/2116
f 1581/1581/1475 1576/1576/1472 1573/1573/1469
f 1581/1581/1475 1582/1582/275 327/327/298
f 327/327/298 1582/1582/275 328/328/279
f 1581/1581/1475 2284/2284/2117 1576/1576/1472
f 1581/1581/1475 327/327/298 2284/2284/2117
f 1584/1584/1477 327/327/298 326/326/297
f 327/327/298 1584/1584/1477 2284/2284/2117
f 1585/1585/1478 1584/1584/1477 326/326/297
f 2284/2284/2117 1588/1588/1481 1576/1576/1472
f 1576/1576/1472 1588/1588/1481 1577/1577/1473
f 2284/2284/2117 1584/1584/1477 1589/1589/1482
f 1588/1588/1481 2284/2284/2117 1589/1589/1482
f 1584/1584/1477 1583/1583/1476 1589/1589/1482
f 1588/1588/1481 1587/1587/1480 1577/1577/1473
f 1589/1589/1482 1583/1583/1476 1591/1591/1484
f 1589/1589/1482 1591/1591/1484 1587/1587/1480
f 2285/2285/2118 1596/1596/1488 1602/1602/1273
f 2286/2286/2119 1596/1596/1488 2285/2285/2118
f 2287/2287/2120 426/426/389 425/425/388
f 2287/2287/2120 429/429/392 426/426/389
f 429/429/392 428/428/391 426/426/389
f 445/445/408 1612/1612/1498 440/440/403
f 446/446/409 440/440/403 1613/1613/1499
f 448/448/411 443/443/406 446/446/409
f 471/471/433 1619/1619/1505 472/472/434
f 2288/2288/1927 2289/2289/1926 2290/2290/2121
f 2291/2291/1928 2288/2288/1927 2290/2290/2121
f 2290/2290/2121 2292/2292/2122 2293/2293/2123
f 2294/2294/2124 2291/2291/1928 2290/2290/2121
f 2294/2294/2124 2290/2290/2121 2295/2295/2125
f 2290/2290/2121 2293/2293/2123 2295/2295/2125
f 2293/2293/2123 2296/2296/2126 1622/1622/1508
f 2297/2297/2127 2298/2298/2128 2299/2299/2129
f 2300/2300/2130 2298/2298/2128 2297/2297/2127
f 2298/2298/2128 2300/2300/2130 1620/1620/1506
f 1621/1621/1507 1620/1620/1506 2300/2300/2130
f 2301/2301/2131 2293/2293/2123 1622/1622/1508
f 1622/1622/1508 1621/1621/1507 2301/2301/2131
f 1625/1625/1511 2297/2297/2127 2302/2302/2132
f 1624/1624/1510 2297/2297/2127 1625/1625/1511
f 1624/1624/1510 2300/2300/2130 2297/2297/2127
f 2301/2301/2131 2303/2303/2133 2293/2293/2123
f 2303/2303/2133 2295/2295/2125 2293/2293/2123
f 1621/1621/1507 2304/2304/2134 2301/2301/2131
f 2301/2301/2131 2304/2304/2134 2303/2303/2133
f 2300/2300/2130 1624/1624/1510 2305/2305/2135
f 2305/2305/2135 1621/1621/1507 2300/2300/2130
f 2304/2304/2134 1621/1621/1507 2305/2305/2135
f 2303/2303/2133 2306/2306/2136 2295/2295/2125
f 2304/2304/2134 2307/2307/2137 2303/2303/2133
f 2307/2307/2137 2306/2306/2136 2303/2303/2133
f 2307/2307/2137 2304/2304/2134 2305/2305/2135
f 1624/1624/1510 1626/1626/1512 2305/2305/2135
f 2305/2305/2135 2308/2308/2138 2307/2307/2137
f 2307/2307/2137 2309/2309/2139 2306/2306/2136
f 2307/2307/2137 2308/2308/2138 2309/2309/2139
f 2309/2309/2139 2310/2310/2140 2306/2306/2136
f 2311/2311/2141 2312/2312/2142 2313/2313/2143
f 2310/2310/2140 2311/2311/2141 2313/2313/2143
f 2314/2314/1952 2312/2312/2142 2311/2311/2141
f 2315/2315/2144 2310/2310/2140 2309/2309/2139
f 2311/2311/2141 2310/2310/2140 2315/2315/2144
f 2314/2314/1952 2316/2316/2145 2317/2317/2146
f 2318/2318/2147 2315/2315/2144 2309/2309/2139
f 2318/2318/2147 2309/2309/2139 2308/2308/2138
f 2315/2315/2144 2318/2318/2147 2319/2319/2148
f 2315/2315/2144 2319/2319/2148 2317/2317/2146
f 2318/2318/2147 2320/2320/2149 2319/2319/2148
f 2321/2321/2150 2322/2322/2151 2318/2318/2147
f 2321/2321/2150 2318/2318/2147 2308/2308/2138
f 2323/2323/2152 2324/2324/2153 2322/2322/2151
f 2321/2321/2150 2323/2323/2152 2322/2322/2151
f 1628/1628/1514 1626/1626/1512 1623/1623/1509
f 2325/2325/2154 2326/2326/2155 1628/1628/1514
f 2325/2325/2154 2323/2323/2152 2321/2321/2150
f 2323/2323/2152 2327/2327/2156 2324/2324/2153
f 2328/2328/1963 2329/2329/2157 2330/2330/2158
f 2328/2328/1963 2331/2331/2159 2332/2332/1964
f 2323/2323/2152 2325/2325/2154 2333/2333/2160
f 2334/2334/2161 2333/2333/2160 2325/2325/2154
f 2334/2334/2161 2325/2325/2154 1628/1628/1514
f 1627/1627/1513 2334/2334/2161 1628/1628/1514
f 2334/2334/2161 1631/1631/1517 2335/2335/1969
f 1631/1631/1517 2336/2336/2162 2335/2335/1969
f 2336/2336/2162 1631/1631/1517 2337/2337/1972
f 1631/1631/1517 2334/2334/2161 2338/2338/2163
f 2334/2334/2161 1627/1627/1513 2338/2338/2163
f 1627/1627/1513 1623/1623/1509 1629/1629/1515
f 2338/2338/2163 1627/1627/1513 1629/1629/1515
f 1631/1631/1517 1630/1630/1516 2337/2337/1972
f 2337/2337/1972 1630/1630/1516 1635/1635/1521
f 2339/2339/2164 2338/2338/2163 1629/1629/1515
f 2338/2338/2163 2339/2339/2164 1632/1632/1518
f 1631/1631/1517 2338/2338/2163 1632/1632/1518
f 2339/2339/2164 2340/2340/2165 2341/2341/2166
f 2339/2339/2164 2341/2341/2166 1632/1632/1518
f 2342/2342/2167 2343/2343/2168 2344/2344/2169
f 2342/2342/2167 2345/2345/2170 2343/2343/2168
f 1643/1643/1526 1639/1639/1523 1640/1640/1524
f 1643/1643/1526 1640/1640/1524 2346/2346/2171
f 2347/2347/2172 1643/1643/1526 2346/2346/2171
f 2346/2346/2171 2348/2348/2173 2347/2347/2172
f 1643/1643/1526 2347/2347/2172 1644/1644/1527
f 1643/1643/1526 1644/1644/1527 1642/1642/1525
f 2348/2348/2173 2349/2349/2174 2347/2347/2172
f 2349/2349/2174 2348/2348/2173 2350/2350/2175
f 1644/1644/1527 486/486/445 483/483/443
f 2347/2347/2172 2349/2349/2174 2351/2351/2176
f 1644/1644/1527 2351/2351/2176 486/486/445
f 2347/2347/2172 2351/2351/2176 1644/1644/1527
f 1702/1702/1578 2349/2349/2174 2350/2350/2175
f 1702/1702/1578 2350/2350/2175 2352/2352/2177
f 486/486/445 496/496/454 489/489/447
f 2351/2351/2176 496/496/454 486/486/445
f 2349/2349/2174 1702/1702/1578 1645/1645/1528
f 2349/2349/2174 1645/1645/1528 2351/2351/2176
f 2351/2351/2176 1645/1645/1528 496/496/454
f 491/491/449 492/492/450 495/495/453
f 496/496/454 493/493/451 489/489/447
f 495/495/453 494/494/452 1651/1651/1534
f 1702/1702/1578 1647/1647/1530 1645/1645/1528
f 1648/1648/1531 497/497/455 1646/1646/1529
f 1656/1656/1539 1648/1648/1531 2353/2353/2178
f 1656/1656/1539 2353/2353/2178 522/522/480
f 532/532/490 522/522/480 2353/2353/2178
f 532/532/490 526/526/484 522/522/480
f 1648/1648/1531 1659/1659/1542 2353/2353/2178
f 1648/1648/1531 1646/1646/1529 1659/1659/1542
f 2354/2354/2179 532/532/490 2353/2353/2178
f 2354/2354/2179 2353/2353/2178 1659/1659/1542
f 1658/1658/1541 1646/1646/1529 1647/1647/1530
f 532/532/490 1661/1661/1544 533/533/491
f 1661/1661/1544 532/532/490 2354/2354/2179
f 1659/1659/1542 1658/1658/1541 2355/2355/2180
f 2355/2355/2180 2354/2354/2179 1659/1659/1542
f 2356/2356/2181 1661/1661/1544 2354/2354/2179
f 2354/2354/2179 2355/2355/2180 2356/2356/2181
f 1661/1661/1544 1716/1716/1592 1660/1660/1543
f 1661/1661/1544 2356/2356/2181 1716/1716/1592
f 1660/1660/1543 1716/1716/1592 1720/1720/1596
f 1660/1660/1543 1720/1720/1596 1674/1674/1554
f 1660/1660/1543 1674/1674/1554 1657/1657/1540
f 1663/1663/1545 2357/2357/2182 1662/1662/110
f 1664/1664/1546 1663/1663/1545 540/540/497
f 1663/1663/1545 1666/1666/1547 2357/2357/2182
f 1666/1666/1547 1665/1665/1232 2357/2357/2182
f 1663/1663/1545 1664/1664/1546 1745/1745/1615
f 1666/1666/1547 1663/1663/1545 1745/1745/1615
f 1667/1667/1548 1669/1669/1549 1668/1668/1226
f 1669/1669/1549 544/544/108 1668/1668/1226
f 1666/1666/1547 1745/1745/1615 1741/1741/1612
f 1667/1667/1548 1666/1666/1547 1741/1741/1612
f 1672/1672/1552 1745/1745/1615 1664/1664/1546
f 542/542/499 1672/1672/1552 1664/1664/1546
f 1672/1672/1552 542/542/499 553/553/505
f 542/542/499 541/541/498 553/553/505
f 1683/1683/1221 557/557/96 558/558/509
f 1720/1720/1596 1678/1678/1558 1674/1674/1554
f 1683/1683/1221 558/558/509 1684/1684/1562
f 1689/1689/1565 1685/1685/1563 1684/1684/1562
f 1689/1689/1565 2358/2358/2183 1687/1687/1564
f 1691/1691/1567 1689/1689/1565 1684/1684/1562
f 1691/1691/1567 1684/1684/1562 558/558/509
f 2358/2358/2183 1689/1689/1565 2359/2359/2184
f 1689/1689/1565 1691/1691/1567 2359/2359/2184
f 1696/1696/1572 2358/2358/2183 2359/2359/2184
f 1691/1691/1567 1690/1690/1566 1693/1693/1569
f 1691/1691/1567 2360/2360/2185 2359/2359/2184
f 2359/2359/2184 2360/2360/2185 1694/1694/1570
f 2359/2359/2184 1694/1694/1570 1696/1696/1572
f 1695/1695/1571 1694/1694/1570 1699/1699/1575
f 2352/2352/2177 1699/1699/1575 1698/1698/1574
f 1698/1698/1574 1694/1694/1570 1708/1708/1584
f 1702/1702/1578 2352/2352/2177 1703/1703/1579
f 1703/1703/1579 2352/2352/2177 1698/1698/1574
f 1705/1705/1581 1704/1704/1580 2361/2361/2186
f 1698/1698/1574 1707/1707/1583 1703/1703/1579
f 1709/1709/1585 1647/1647/1530 1703/1703/1579
f 1709/1709/1585 1658/1658/1541 1647/1647/1530
f 1658/1658/1541 1710/1710/1586 2355/2355/2180
f 1705/1705/1581 2362/2362/2187 1711/1711/1587
f 1711/1711/1587 2362/2362/2187 1710/1710/1586
f 2362/2362/2187 2355/2355/2180 1710/1710/1586
f 1667/1667/1548 2363/2363/2188 1669/1669/1549
f 1741/1741/1612 2363/2363/2188 1667/1667/1548
f 1712/1712/1588 1711/1711/1587 1708/1708/1584
f 1712/1712/1588 1705/1705/1581 1711/1711/1587
f 1712/1712/1588 2360/2360/2185 1693/1693/1569
f 2362/2362/2187 1714/1714/1590 2355/2355/2180
f 1714/1714/1590 2362/2362/2187 1705/1705/1581
f 2355/2355/2180 1714/1714/1590 2356/2356/2181
f 1741/1741/1612 1737/1737/1610 2363/2363/2188
f 1714/1714/1590 2364/2364/2189 1715/1715/1591
f 1714/1714/1590 1713/1713/1589 2356/2356/2181
f 2356/2356/2181 1713/1713/1589 1716/1716/1592
f 2365/2365/2190 1732/1732/1605 2361/2361/2186
f 1720/1720/1596 1719/1719/1595 1722/1722/1598
f 1731/1731/1604 1727/1727/1601 1715/1715/1591
f 2365/2365/2190 1734/1734/1607 1732/1732/1605
f 1734/1734/1607 1731/1731/1604 1732/1732/1605
f 2366/2366/2191 1733/1733/1606 1734/1734/1607
f 2366/2366/2191 1734/1734/1607 2367/2367/2192
f 1734/1734/1607 1736/1736/1609 2367/2367/2192
f 1737/1737/1610 1736/1736/1609 2365/2365/2190
f 1736/1736/1609 1734/1734/1607 2365/2365/2190
f 2367/2367/2192 1736/1736/1609 1738/1738/771
f 1736/1736/1609 1735/1735/1608 1738/1738/771
f 1745/1745/1615 1744/1744/1614 1741/1741/1612
f 2368/2368/2193 2369/2369/2194 2370/2370/2195
f 1753/1753/1623 2371/2371/2196 1754/1754/1624
f 2372/2372/2197 2373/2373/2198 2374/2374/2199
f 1758/1758/1628 2375/2375/2200 1757/1757/1627
f 566/566/517 1760/1760/1630 2376/2376/2201
f 2377/2377/2202 2378/2378/2203 2379/2379/2204
f 1763/1763/1633 2377/2377/2202 2379/2379/2204
f 2377/2377/2202 1763/1763/1633 1762/1762/1632
f 1763/1763/1633 2380/2380/2205 1764/1764/1634
f 1766/1766/1636 2377/2377/2202 1762/1762/1632
f 2377/2377/2202 1766/1766/1636 2381/2381/2206
f 1766/1766/1636 1765/1765/1635 2381/2381/2206
f 2380/2380/2205 1769/1769/1639 573/573/524
f 1764/1764/1634 2380/2380/2205 573/573/524
f 573/573/524 1769/1769/1639 570/570/521
f 1764/1764/1634 573/573/524 1776/1776/1646
f 1771/1771/1641 1764/1764/1634 1776/1776/1646
f 1771/1771/1641 1775/1775/1645 1774/1774/1644
f 573/573/524 572/572/523 578/578/528
f 1768/1768/1638 1784/1784/1654 2382/2382/2207
f 2383/2383/2208 2384/2384/2209 2382/2382/2207
f 2385/2385/2210 2386/2386/2211 2383/2383/2208
f 2383/2383/2208 2387/2387/2212 2385/2385/2210
f 2387/2387/2212 2382/2382/2207 2388/2388/2213
f 2387/2387/2212 2383/2383/2208 2382/2382/2207
f 2387/2387/2212 2389/2389/2214 2385/2385/2210
f 1791/1791/1661 1790/1790/1660 2390/2390/2215
f 1789/1789/1659 1792/1792/1662 1785/1785/1655
f 1790/1790/1660 2391/2391/2216 2390/2390/2215
f 2390/2390/2215 2391/2391/2216 2392/2392/2217
f 2391/2391/2216 1790/1790/1660 2393/2393/2218
f 1795/1795/1665 2391/2391/2216 2393/2393/2218
f 1797/1797/1667 2394/2394/2219 1794/1794/1664
f 2393/2393/2218 1793/1793/1663 1795/1795/1665
f 2393/2393/2218 1802/1802/1672 1793/1793/1663
f 2395/2395/2220 1808/1808/1678 1807/1807/1677
f 1809/1809/1679 1802/1802/1672 2395/2395/2220
f 1809/1809/1679 2395/2395/2220 1807/1807/1677
f 2395/2395/2220 1802/1802/1672 1811/1811/1681
f 2393/2393/2218 1792/1792/1662 1810/1810/1680
f 1810/1810/1680 1802/1802/1672 2393/2393/2218
f 597/597/547 1818/1818/1688 2396/2396/2221
f 1818/1818/1688 2397/2397/2222 2396/2396/2221
f 2397/2397/2222 2398/2398/2223 2399/2399/557
f 1818/1818/1688 596/596/546 1820/1820/1690
f 1818/1818/1688 1820/1820/1690 2397/2397/2222
f 1820/1820/1690 2400/2400/2224 2397/2397/2222
f 1823/1823/1693 604/604/554 2400/2400/2224
f 1820/1820/1690 1823/1823/1693 2400/2400/2224
f 1823/1823/1693 1820/1820/1690 1819/1819/1689
f 1819/1819/1689 596/596/546 1821/1821/1691
f 1823/1823/1693 603/603/553 604/604/554
f 2401/2401/2225 1819/1819/1689 1821/1821/1691
f 2401/2401/2225 2402/2402/2226 1825/1825/1695
f 1819/1819/1689 2401/2401/2225 1822/1822/1692
f 2401/2401/2225 1825/1825/1695 1822/1822/1692
f 1823/1823/1693 1822/1822/1692 1824/1824/1694
f 1823/1823/1693 1824/1824/1694 603/603/553
f 2403/2403/2227 1828/1828/1698 2404/2404/2228
f 1828/1828/1698 2403/2403/2227 1829/1829/1699
f 1828/1828/1698 1827/1827/1697 1831/1831/1701
f 2405/2405/2229 641/641/586 643/643/587
f 2405/2405/2229 644/644/588 641/641/586
f 2405/2405/2229 2406/2406/2230 644/644/588
f 2406/2406/2230 646/646/590 644/644/588
f 2406/2406/2230 1835/1835/1705 646/646/590
f 1835/1835/1705 652/652/596 646/646/590
f 2407/2407/2231 2408/2408/2232 2409/2409/2042
f 2410/2410/2041 2407/2407/2231 2409/2409/2042
f 2407/2407/2231 2410/2410/2041 2411/2411/2043
f 2412/2412/2233 2407/2407/2231 2411/2411/2043
f 2412/2412/2233 2413/2413/2234 2407/2407/2231
f 2413/2413/2234 2414/2414/2235 2407/2407/2231
f 2414/2414/2235 2413/2413/2234 2415/2415/2236
f 2414/2414/2235 1839/1839/1707 2416/2416/2237
f 1839/1839/1707 2414/2414/2235 2415/2415/2236
f 2415/2415/2236 1837/1837/1706 1839/1839/1707
f 1838/1838/1705 2417/2417/2238 2416/2416/2237
f 1838/1838/1705 2418/2418/2230 2417/2417/2238
f 2418/2418/2230 2419/2419/2239 2417/2417/2238
f 2420/2420/2240 2421/2421/2241 2422/2422/2242
f 2423/2423/2243 2420/2420/2240 2424/2424/2244
f 2425/2425/2245 2426/2426/2246 2427/2427/2247
f 2428/2428/2248 2429/2429/2249 2430/2430/2250
f 2431/2431/2251 2432/2432/2252 2433/2433/2253
f 2434/2434/2254 2435/2435/2255 2436/2436/2256
f 2434/2434/2254 2437/2437/2257 2438/2438/2258
f 2428/2428/2248 2439/2439/2259 2440/2440/2260
f 2428/2428/2248 2440/2440/2260 2441/2441/2261
f 2442/2442/2262 2443/2443/2092 2444/2444/2094
f 2445/2445/2263 2442/2442/2262 2444/2444/2094
f 2445/2445/2263 2446/2446/2264 1855/1855/1723
f 1847/1847/1715 2447/2447/2265 1842/1842/1710
f 1847/1847/1715 1842/1842/1710 1841/1841/1709
f 1843/1843/1711 2448/2448/2266 2449/2449/2267
f 1847/1847/1715 1841/1841/1709 1845/1845/1713
f 1847/1847/1715 1846/1846/1714 1855/1855/1723
f 1843/1843/1711 1851/1851/1719 1844/1844/1712
f 1855/1855/1723 1856/1856/1724 2450/2450/2268
f 654/654/598 1854/1854/1722 1853/1853/1721
f 1856/1856/1724 1854/1854/1722 654/654/598
f 2451/2451/2269 1856/1856/1724 654/654/598
f 1856/1856/1724 2451/2451/2269 2450/2450/2268
f 2452/2452/2262 2453/2453/2270 2454/2454/2103
f 2455/2455/2092 2452/2452/2262 2454/2454/2103
f 1876/1876/1744 1858/1858/1726 2456/2456/2271
f 2457/2457/2272 1876/1876/1744 2456/2456/2271
f 2451/2451/2269 2458/2458/2273 2450/2450/2268
f 2459/2459/2274 2450/2450/2268 2458/2458/2273
f 2460/2460/2275 2459/2459/2274 2458/2458/2273
f 2460/2460/2275 2458/2458/2273 2461/2461/2276
f 2462/2462/2277 2460/2460/2275 2461/2461/2276
f 2461/2461/2276 2458/2458/2273 2463/2463/2278
f 2458/2458/2273 2451/2451/2269 2463/2463/2278
f 2461/2461/2276 1863/1863/1731 2462/2462/2277
f 1863/1863/1731 1861/1861/1729 2462/2462/2277
f 1876/1876/1744 1857/1857/1725 1858/1858/1726
f 2451/2451/2269 654/654/598 653/653/597
f 2463/2463/2278 2451/2451/2269 653/653/597
f 1863/1863/1731 2461/2461/2276 1867/1867/1735
f 2461/2461/2276 2463/2463/2278 1867/1867/1735
f 1863/1863/1731 1859/1859/1727 1861/1861/1729
f 654/654/598 659/659/603 655/655/599
f 2463/2463/2278 653/653/597 656/656/600
f 1867/1867/1735 2463/2463/2278 656/656/600
f 1867/1867/1735 1862/1862/1730 1863/1863/1731
f 1867/1867/1735 656/656/600 1868/1868/1736
f 666/666/610 664/664/608 1876/1876/1744
f 1876/1876/1744 2464/2464/2279 666/666/610
f 670/670/614 666/666/610 2464/2464/2279
f 2465/2465/2280 670/670/614 2464/2464/2279
f 2466/2466/2281 670/670/614 2465/2465/2280
f 2467/2467/2274 2466/2466/2281 2465/2465/2280
f 670/670/614 2466/2466/2281 2468/2468/2277
f 1877/1877/1745 670/670/614 2468/2468/2277
f 1877/1877/1745 669/669/613 670/670/614
f 1877/1877/1745 2468/2468/2277 1879/1879/1747
f 2468/2468/2277 1880/1880/1748 1879/1879/1747
f 1879/1879/1747 672/672/616 1877/1877/1745
f 682/682/626 1905/1905/1754 679/679/623
f 682/682/626 679/679/623 683/683/627
f 1912/1912/1775 696/696/640 1911/1911/1774
f 1912/1912/1775 1913/1913/626 1914/1914/1776
f 1930/1930/1786 740/740/683 737/737/680
f 1937/1937/1792 1941/1941/1795 1926/1926/1783
f 1941/1941/1795 1935/1935/1791 1926/1926/1783
f 1941/1941/1795 1937/1937/1792 2469/2469/2282
f 1930/1930/1786 2469/2469/2282 1937/1937/1792
f 1930/1930/1786 1938/1938/1793 2469/2469/2282
f 744/744/686 743/743/685 2470/2470/2283
f 743/743/685 1941/1941/1795 2470/2470/2283
f 747/747/688 744/744/686 2470/2470/2283
f 1945/1945/1799 746/746/687 747/747/688
f 1941/1941/1795 2471/2471/2284 2470/2470/2283
f 2471/2471/2284 1941/1941/1795 2469/2469/2282
f 747/747/688 2470/2470/2283 1943/1943/1797
f 2470/2470/2283 2471/2471/2284 1943/1943/1797
f 1945/1945/1799 747/747/688 1942/1942/1796
f 2471/2471/2284 2469/2469/2282 1949/1949/1803
f 2469/2469/2282 1938/1938/1793 1949/1949/1803
f 2471/2471/2284 1949/1949/1803 1943/1943/1797
f 1943/1943/1797 1949/1949/1803 1946/1946/1800
f 863/863/786 861/861/784 859/859/782
f 863/863/786 862/862/785 865/865/788
f 868/868/791 864/864/787 862/862/785
f 1953/1953/1807 875/875/798 874/874/797
f 1953/1953/1807 2472/2472/2285 875/875/798
f 878/878/801 1952/1952/1806 874/874/797
f 879/879/802 876/876/799 881/881/804
f 2003/2003/1851 2008/2008/1856 2005/2005/1853
f 2003/2003/1851 2009/2009/1857 2008/2008/1856
f 2045/2045/1887 2041/2041/1883 2040/2040/1882
f 2049/2049/1891 2051/2051/1893 2473/2473/2286
f 2049/2049/1891 2473/2473/2286 2044/2044/1886
f 2045/2045/1887 2040/2040/1882 2474/2474/2287
f 2474/2474/2287 2040/2040/1882 1111/1111/1023
f 2049/2049/1891 2044/2044/1886 2043/2043/1885
f 2474/2474/2287 1111/1111/1023 1114/1114/1026
f 2474/2474/2287 1114/1114/1026 2475/2475/2288
f 2045/2045/1887 2474/2474/2287 2475/2475/2288
f 2045/2045/1887 2475/2475/2288 2046/2046/1888
f 2049/2049/1891 2043/2043/1885 2047/2047/1889
f 2057/2057/1899 2060/2060/1902 2059/2059/1901
f 2057/2057/1899 2059/2059/1901 2062/2062/1904
f 2064/2064/1906 2476/2476/2289 2066/2066/1908
f 1154/1154/1063 2477/2477/2290 1155/1155/1064
f 1154/1154/1063 2064/2064/1906 2477/2477/2290
f 2064/2064/1906 2065/2065/1907 2478/2478/2291
f 2067/2067/1909 2069/2069/1911 2068/2068/1910
f 2078/2078/1920 2479/2479/2292 2079/2079/1921
f 2078/2078/1920 2080/2080/1922 1162/1162/1070
f 2480/2480/2293 2481/2481/2294 2482/2482/2295
f 2483/2483/2296 2484/2484/2297 2485/2485/2298
f 2486/2486/2299 2487/2487/2300 2488/2488/2301
f 2487/2487/2300 2489/2489/2302 2488/2488/2301
f 2489/2489/2302 2490/2490/2303 2488/2488/2301
f 2490/2490/2303 2491/2491/2304 2488/2488/2301
f 2491/2491/2304 2490/2490/2303 2492/2492/2305
f 2489/2489/2302 2487/2487/2300 2493/2493/2306
f 2493/2493/2306 2487/2487/2300 2494/2494/2307
f 2494/2494/2307 2495/2495/2295 2493/2493/2306
f 2490/2490/2303 2489/2489/2302 2496/2496/2308
f 2489/2489/2302 2493/2493/2306 2496/2496/2308
f 2493/2493/2306 2497/2497/2309 2496/2496/2308
f 2495/2495/2295 2497/2497/2309 2493/2493/2306
f 2498/2498/2294 2497/2497/2309 2495/2495/2295
f 2499/2499/2310 2497/2497/2309 2498/2498/2294
f 2499/2499/2310 2498/2498/2294 2500/2500/2311
f 2501/2501/2312 2497/2497/2309 2499/2499/2310
f 2497/2497/2309 2501/2501/2312 2496/2496/2308
f 2502/2502/2313 2499/2499/2310 2500/2500/2311
f 2502/2502/2313 2500/2500/2311 2503/2503/2314
f 2504/2504/104 2502/2502/2313 2503/2503/2314
f 2504/2504/104 2505/2505/2315 2502/2502/2313
f 2506/2506/2316 2501/2501/2312 2499/2499/2310
f 2506/2506/2316 2499/2499/2310 2502/2502/2313
f 2505/2505/2315 2506/2506/2316 2502/2502/2313
f 2083/2083/1925 2506/2506/2316 2505/2505/2315
f 2506/2506/2316 2083/2083/1925 2501/2501/2312
f 2084/2084/1926 2083/2083/1925 2505/2505/2315
f 2083/2083/1925 2088/2088/1930 2501/2501/2312
f 2501/2501/2312 2088/2088/1930 2496/2496/2308
f 2490/2490/2303 2496/2496/2308 1253/1253/1159
f 2496/2496/2308 2088/2088/1930 1253/1253/1159
f 2090/2090/1932 2092/2092/1934 2089/2089/1931
f 2090/2090/1932 2507/2507/2142 2092/2092/1934
f 2490/2490/2303 1252/1252/1158 2492/2492/2305
f 2490/2490/2303 1253/1253/1159 1252/1252/1158
f 2492/2492/2305 1252/1252/1158 2094/2094/1936
f 2096/2096/1938 2492/2492/2305 2094/2094/1936
f 1253/1253/1159 2093/2093/1935 1251/1251/1157
f 2097/2097/1939 2099/2099/1941 2131/2131/1973
f 2102/2102/1944 2100/2100/1942 2091/2091/1933
f 2092/2092/1934 2102/2102/1944 2091/2091/1933
f 2104/2104/1946 1258/1258/1164 2103/2103/1945
f 2104/2104/1946 2103/2103/1945 2105/2105/1947
f 2102/2102/1944 2092/2092/1934 2106/2106/1948
f 2507/2507/2142 2108/2108/1950 2092/2092/1934
f 2092/2092/1934 2108/2108/1950 2106/2106/1948
f 2507/2507/2142 2110/2110/1952 2108/2108/1950
f 2111/2111/1953 2109/2109/1951 2110/2110/1952
f 2508/2508/2317 2111/2111/1953 2110/2110/1952
f 2113/2113/1955 2107/2107/1949 2111/2111/1953
f 2509/2509/2318 2111/2111/1953 2508/2508/2317
f 2113/2113/1955 2111/2111/1953 2509/2509/2318
f 2510/2510/2319 2509/2509/2318 2508/2508/2317
f 2511/2511/2320 2113/2113/1955 2509/2509/2318
f 2113/2113/1955 2511/2511/2320 2512/2512/2321
f 2114/2114/1956 2113/2113/1955 2512/2512/2321
f 2114/2114/1956 2112/2112/1954 2113/2113/1955
f 2114/2114/1956 2513/2513/2322 2115/2115/1957
f 2513/2513/2322 2114/2114/1956 2512/2512/2321
f 2513/2513/2322 2514/2514/2323 2115/2115/1957
f 2115/2115/1957 2514/2514/2323 2515/2515/2324
f 2104/2104/1946 2112/2112/1954 2116/2116/1958
f 2119/2119/1961 2115/2115/1957 2515/2515/2324
f 2515/2515/2324 2516/2516/2325 2119/2119/1961
f 1261/1261/1167 2104/2104/1946 2116/2116/1958
f 2104/2104/1946 1261/1261/1167 1256/1256/1162
f 2115/2115/1957 2119/2119/1961 2117/2117/1959
f 2516/2516/2325 2123/2123/1965 2119/2119/1961
f 2516/2516/2325 2517/2517/2326 2123/2123/1965
f 1261/1261/1167 2118/2118/1960 1259/1259/1165
f 2119/2119/1961 2123/2123/1965 2120/2120/1962
f 2123/2123/1965 2517/2517/2326 2121/2121/1963
f 2517/2517/2326 2518/2518/2157 2121/2121/1963
f 2124/2124/1966 2125/2125/1967 2120/2120/1962
f 2125/2125/1967 2124/2124/1966 2127/2127/1969
f 2125/2125/1967 2126/2126/1968 2118/2118/1960
f 2519/2519/2327 2135/2135/1976 2132/2132/1974
f 2133/2133/1521 2520/2520/2328 2132/2132/1974
f 2520/2520/2328 2519/2519/2327 2132/2132/1974
f 2133/2133/1521 2521/2521/2329 2520/2520/2328
f 2522/2522/2330 2134/2134/1975 2135/2135/1976
f 2131/2131/1973 2134/2134/1975 2522/2522/2330
f 2522/2522/2330 2135/2135/1976 2519/2519/2327
f 2523/2523/2331 2131/2131/1973 2522/2522/2330
f 2519/2519/2327 2520/2520/2328 2524/2524/2332
f 2521/2521/2329 2524/2524/2332 2520/2520/2328
f 2521/2521/2329 2525/2525/2333 2524/2524/2332
f 2526/2526/2334 2522/2522/2330 2519/2519/2327
f 2522/2522/2330 2526/2526/2334 2523/2523/2331
f 2523/2523/2331 2526/2526/2334 2136/2136/1977
f 2137/2137/1978 2526/2526/2334 2519/2519/2327
f 2137/2137/1978 2136/2136/1977 2526/2526/2334
f 2527/2527/2335 2137/2137/1978 2519/2519/2327
f 2527/2527/2335 2519/2519/2327 2524/2524/2332
f 2527/2527/2335 2524/2524/2332 2528/2528/2336
f 2525/2525/2333 2528/2528/2336 2524/2524/2332
f 2525/2525/2333 2529/2529/2337 2528/2528/2336
f 2137/2137/1978 2527/2527/2335 2530/2530/2338
f 2137/2137/1978 2530/2530/2338 2138/2138/1979
f 2527/2527/2335 2531/2531/2339 2530/2530/2338
f 2531/2531/2339 2527/2527/2335 2528/2528/2336
f 2530/2530/2338 2531/2531/2339 2532/2532/2340
f 2138/2138/1979 2530/2530/2338 2532/2532/2340
f 2533/2533/2341 2138/2138/1979 2532/2532/2340
f 2529/2529/2337 2534/2534/2342 2528/2528/2336
f 2528/2528/2336 2534/2534/2342 2531/2531/2339
f 2533/2533/2341 2532/2532/2340 2535/2535/2343
f 2536/2536/2344 2533/2533/2341 2535/2535/2343
f 2537/2537/2299 2536/2536/2344 2535/2535/2343
f 2538/2538/2300 2537/2537/2299 2535/2535/2343
f 2538/2538/2300 2535/2535/2343 2539/2539/2345
f 2539/2539/2345 2535/2535/2343 2532/2532/2340
f 2540/2540/2307 2538/2538/2300 2539/2539/2345
f 2539/2539/2345 2541/2541/2346 2540/2540/2307
f 2542/2542/2347 2539/2539/2345 2532/2532/2340
f 2542/2542/2347 2531/2531/2339 2534/2534/2342
f 2531/2531/2339 2542/2542/2347 2532/2532/2340
f 2543/2543/2348 2534/2534/2342 2529/2529/2337
f 2544/2544/2349 2543/2543/2348 2529/2529/2337
f 2534/2534/2342 2545/2545/2350 2542/2542/2347
f 2534/2534/2342 2543/2543/2348 2545/2545/2350
f 2543/2543/2348 2546/2546/2351 2545/2545/2350
f 2547/2547/2352 2545/2545/2350 2546/2546/2351
f 2545/2545/2350 2547/2547/2352 2542/2542/2347
f 2547/2547/2352 2539/2539/2345 2542/2542/2347
f 2539/2539/2345 2547/2547/2352 2541/2541/2346
f 2541/2541/2346 2547/2547/2352 2548/2548/2353
f 2547/2547/2352 2546/2546/2351 2548/2548/2353
f 2548/2548/2353 2549/2549/2293 2541/2541/2346
f 2151/2151/1992 1305/1305/1211 1303/1303/1209
f 2151/2151/1992 1304/1304/1210 2152/2152/1993
f 2151/2151/1992 2152/2152/1993 1316/1316/1222
f 2151/2151/1992 1316/1316/1222 1318/1318/1224
f 2151/2151/1992 1318/1318/1224 1305/1305/1211
f 1338/1338/1244 1335/1335/1241 1336/1336/1242
f 2155/2155/1996 1337/1337/1243 1338/1338/1244
f 2155/2155/1996 1321/1321/1227 1337/1337/1243
f 2155/2155/1996 2154/2154/1995 1321/1321/1227
f 2154/2154/1995 1327/1327/1233 1321/1321/1227
f 1340/1340/1246 1338/1338/1244 1336/1336/1242
f 1340/1340/1246 1336/1336/1242 1341/1341/1247
f 1338/1338/1244 1340/1340/1246 1339/1339/1245
f 2155/2155/1996 1338/1338/1244 2153/2153/1994
f 1338/1338/1244 1344/1344/1250 2153/2153/1994
f 2154/2154/1995 1381/1381/1287 1327/1327/1233
f 2550/2550/2354 2551/2551/2355 2552/2552/2356
f 1393/1393/1299 2550/2550/2354 2552/2552/2356
f 2553/2553/2357 2550/2550/2354 1393/1393/1299
f 2554/2554/2358 2553/2553/2357 1393/1393/1299
f 1392/1392/1298 2554/2554/2358 1393/1393/1299
f 2552/2552/2356 1394/1394/1300 1393/1393/1299
f 1394/1394/1300 1391/1391/1297 1393/1393/1299
f 1392/1392/1298 1391/1391/1297 1396/1396/1302
f 1394/1394/1300 2555/2555/2359 1395/1395/1301
f 2556/2556/2360 2160/2160/2001 2557/2557/2360
f 2160/2160/2001 2159/2159/2000 2557/2557/2360
f 1399/1399/1305 1398/1398/1304 2160/2160/2001
f 1400/1400/1306 2558/2558/2361 2162/2162/2003
f 2162/2162/2003 2558/2558/2361 2559/2559/2362
f 1400/1400/1306 2560/2560/2363 2558/2558/2361
f 2560/2560/2363 1400/1400/1306 1399/1399/1305
f 2561/2561/2364 1399/1399/1305 2160/2160/2001
f 2561/2561/2364 2560/2560/2363 1399/1399/1305
f 2562/2562/2365 2561/2561/2364 2160/2160/2001
f 2160/2160/2001 2563/2563/2366 2562/2562/2365
f 2563/2563/2366 2564/2564/2367 2562/2562/2365
f 2558/2558/2361 2565/2565/2368 2559/2559/2362
f 2565/2565/2368 2566/2566/2369 2559/2559/2362
f 2567/2567/2370 2566/2566/2369 2565/2565/2368
f 2567/2567/2370 2164/2164/2005 2566/2566/2369
f 2568/2568/2371 2567/2567/2370 2565/2565/2368
f 2558/2558/2361 2568/2568/2371 2565/2565/2368
f 2165/2165/2006 2164/2164/2005 2567/2567/2370
f 2567/2567/2370 2568/2568/2371 2569/2569/2372
f 2165/2165/2006 2567/2567/2370 2569/2569/2372
f 2570/2570/2373 2568/2568/2371 2558/2558/2361
f 2560/2560/2363 2570/2570/2373 2558/2558/2361
f 2571/2571/2374 2568/2568/2371 2570/2570/2373
f 2569/2569/2372 2568/2568/2371 2571/2571/2374
f 2571/2571/2374 2572/2572/2375 2569/2569/2372
f 2573/2573/2376 2572/2572/2375 2571/2571/2374
f 2570/2570/2373 2560/2560/2363 2573/2573/2376
f 2570/2570/2373 2573/2573/2376 2571/2571/2374
f 2572/2572/2375 2573/2573/2376 2574/2574/2377
f 2575/2575/2378 2574/2574/2377 2573/2573/2376
f 2576/2576/2379 2560/2560/2363 2561/2561/2364
f 2560/2560/2363 2576/2576/2379 2573/2573/2376
f 2573/2573/2376 2576/2576/2379 2575/2575/2378
f 2576/2576/2379 1402/1402/1308 2575/2575/2378
f 2576/2576/2379 1403/1403/1309 1402/1402/1308
f 1403/1403/1309 2561/2561/2364 2562/2562/2365
f 1403/1403/1309 2576/2576/2379 2561/2561/2364
f 1404/1404/1310 1403/1403/1309 2562/2562/2365
f 2562/2562/2365 2577/2577/2380 1404/1404/1310
f 1404/1404/1310 2577/2577/2380 1406/1406/1312
f 2578/2578/2381 2577/2577/2380 2562/2562/2365
f 2579/2579/2381 2578/2578/2381 2562/2562/2365
f 2580/2580/2382 2166/2166/2007 2581/2581/2383
f 2166/2166/2007 1407/1407/1313 2581/2581/2383
f 2581/2581/2383 1407/1407/1313 139/139/116
f 2166/2166/2007 2582/2582/2384 2167/2167/2008
f 2168/2168/2009 2583/2583/2385 2169/2169/2010
f 2168/2168/2009 1411/1411/1317 2170/2170/2011
f 145/145/122 2170/2170/2011 1416/1416/1322
f 2584/2584/2011 159/159/134 160/160/135
f 1422/1422/1328 2584/2584/2011 160/160/135
f 2585/2585/2009 2584/2584/2011 1422/1422/1328
f 1423/1423/1329 2585/2585/2009 1422/1422/1328
f 1423/1423/1329 1422/1422/1328 1421/1421/1327
f 2586/2586/2385 2585/2585/2009 1423/1423/1329
f 2587/2587/2386 2586/2586/2385 1423/1423/1329
f 2587/2587/2386 1420/1420/1326 1419/1419/1325
f 1423/1423/1329 1420/1420/1326 2587/2587/2386
f 2070/2070/1912 2586/2586/2385 2587/2587/2386
f 2588/2588/2387 2586/2586/2385 2070/2070/1912
f 2587/2587/2386 1419/1419/1325 2589/2589/2388
f 2587/2587/2386 2589/2589/2388 2070/2070/1912
f 1419/1419/1325 1424/1424/1330 1426/1426/1332
f 1419/1419/1325 1426/1426/1332 2589/2589/2388
f 1426/1426/1332 1425/1425/1331 2589/2589/2388
f 1425/1425/1331 2590/2590/2389 2589/2589/2388
f 2589/2589/2388 2590/2590/2389 2070/2070/1912
f 2073/2073/1915 2590/2590/2389 1425/1425/1331
f 2073/2073/1915 2070/2070/1912 2590/2590/2389
f 2591/2591/2390 2073/2073/1915 1425/1425/1331
f 2591/2591/2390 1424/1424/1330 2171/2171/2012
f 1425/1425/1331 1424/1424/1330 2591/2591/2390
f 2176/2176/2017 2591/2591/2390 2171/2171/2012
f 2173/2173/2014 2176/2176/2017 2171/2171/2012
f 2591/2591/2390 2176/2176/2017 2592/2592/2391
f 2073/2073/1915 2591/2591/2390 2592/2592/2391
f 2073/2073/1915 2592/2592/2391 2593/2593/2392
f 2173/2173/2014 2172/2172/2013 2176/2176/2017
f 2174/2174/2015 2594/2594/2393 2172/2172/2013
f 2594/2594/2393 2177/2177/2018 2172/2172/2013
f 2592/2592/2391 2176/2176/2017 2175/2175/2016
f 2178/2178/2019 2592/2592/2391 2175/2175/2016
f 2180/2180/2021 2592/2592/2391 2178/2178/2019
f 2592/2592/2391 2180/2180/2021 2593/2593/2392
f 1431/1431/1337 2180/2180/2021 2178/2178/2019
f 2178/2178/2019 2179/2179/2020 1431/1431/1337
f 2179/2179/2020 2595/2595/2394 1431/1431/1337
f 1431/1431/1337 2595/2595/2394 1427/1427/1333
f 2595/2595/2394 1428/1428/1334 1427/1427/1333
f 1454/1454/1360 2593/2593/2392 2180/2180/2021
f 1433/1433/1339 1430/1430/1336 1427/1427/1333
f 2183/2183/2024 2184/2184/2025 2182/2182/2023
f 2184/2184/2025 2185/2185/2026 1436/1436/1342
f 2185/2185/2026 1439/1439/1345 1434/1434/1340
f 1433/1433/1339 1437/1437/1343 1451/1451/1357
f 1453/1453/1359 1433/1433/1339 1451/1451/1357
f 1453/1453/1359 1451/1451/1357 1450/1450/1356
f 2596/2596/2395 1453/1453/1359 1450/1450/1356
f 1433/1433/1339 1452/1452/1358 1430/1430/1336
f 1455/1455/1361 1452/1452/1358 1453/1453/1359
f 1453/1453/1359 2596/2596/2395 1455/1455/1361
f 1455/1455/1361 2596/2596/2395 1456/1456/1362
f 1455/1455/1361 177/177/152 1457/1457/1363
f 1458/1458/1364 1454/1454/1360 1452/1452/1358
f 181/181/156 1454/1454/1360 1458/1458/1364
f 1454/1454/1360 2597/2597/2396 2593/2593/2392
f 181/181/156 2597/2597/2396 1454/1454/1360
f 1458/1458/1364 1457/1457/1363 176/176/151
f 181/181/156 1458/1458/1364 182/182/157
f 182/182/157 1458/1458/1364 176/176/151
f 182/182/157 176/176/151 178/178/153
f 182/182/157 178/178/153 180/180/155
f 2187/2187/2028 2188/2188/2029 2186/2186/2027
f 2191/2191/2032 2188/2188/2029 2189/2189/2030
f 2191/2191/2032 2193/2193/2034 2192/2192/2033
f 2193/2193/2034 1459/1459/1365 184/184/159
f 1462/1462/1368 180/180/155 178/178/153
f 2598/2598/2030 180/180/155 1462/1462/1368
f 181/181/156 180/180/155 2598/2598/2030
f 2599/2599/2397 2598/2598/2030 1462/1462/1368
f 2598/2598/2030 2600/2600/2398 181/181/156
f 1462/1462/1368 1464/1464/1370 2599/2599/2397
f 1462/1462/1368 1460/1460/1366 1464/1464/1370
f 1464/1464/1370 2601/2601/2399 2599/2599/2397
f 2601/2601/2399 1464/1464/1370 1465/1465/1371
f 1464/1464/1370 1463/1463/1369 1465/1465/1371
f 190/190/164 2601/2601/2399 1465/1465/1371
f 2602/2602/2400 2196/2196/2037 2195/2195/2036
f 2603/2603/2401 2604/2604/2402 2605/2605/2311
f 2606/2606/2403 2603/2603/2401 2605/2605/2311
f 2607/2607/2294 2606/2606/2403 2605/2605/2311
f 2606/2606/2403 2207/2207/2047 2603/2603/2401
f 2207/2207/2047 2202/2202/2042 2603/2603/2401
f 2608/2608/2404 2606/2606/2403 2607/2607/2294
f 2609/2609/2293 2608/2608/2404 2607/2607/2294
f 2609/2609/2293 2610/2610/2353 2608/2608/2404
f 2207/2207/2047 2200/2200/2040 2202/2202/2042
f 2208/2208/2048 2206/2206/2046 2207/2207/2047
f 2606/2606/2403 2208/2208/2048 2207/2207/2047
f 2608/2608/2404 2208/2208/2048 2606/2606/2403
f 2610/2610/2353 2611/2611/2405 2608/2608/2404
f 2610/2610/2353 2612/2612/2351 2611/2611/2405
f 2209/2209/2049 2208/2208/2048 2608/2608/2404
f 2611/2611/2405 2209/2209/2049 2608/2608/2404
f 2212/2212/2050 2209/2209/2049 2611/2611/2405
f 2212/2212/2050 2210/2210/210 2209/2209/2049
f 2613/2613/2406 2212/2212/2050 2611/2611/2405
f 2612/2612/2351 2613/2613/2406 2611/2611/2405
f 2612/2612/2351 2614/2614/2407 2613/2613/2406
f 2613/2613/2406 2214/2214/2051 2212/2212/2050
f 2214/2214/2051 2211/2211/203 2212/2212/2050
f 2214/2214/2051 2613/2613/2406 2615/2615/2408
f 2614/2614/2407 2615/2615/2408 2613/2613/2406
f 2615/2615/2408 2614/2614/2407 2616/2616/2349
f 2617/2617/2409 2615/2615/2408 2616/2616/2349
f 2216/2216/2053 2615/2615/2408 2617/2617/2409
f 2216/2216/2053 2214/2214/2051 2615/2615/2408
f 2216/2216/2053 2213/2213/200 2214/2214/2051
f 2618/2618/2410 2216/2216/2053 2617/2617/2409
f 2618/2618/2410 2215/2215/2052 2216/2216/2053
f 2619/2619/2411 2620/2620/2412 2217/2217/2054
f 2219/2219/2056 2619/2619/2411 2217/2217/2054
f 2621/2621/2413 2619/2619/2411 2219/2219/2056
f 2622/2622/2414 2621/2621/2413 2219/2219/2056
f 2622/2622/2414 2219/2219/2056 2220/2220/2057
f 2623/2623/2415 2621/2621/2413 2622/2622/2414
f 2221/2221/2058 2624/2624/2416 2220/2220/2057
f 2625/2625/2417 2624/2624/2416 2221/2221/2058
f 2626/2626/2418 2625/2625/2417 2221/2221/2058
f 2626/2626/2418 2627/2627/2419 2625/2625/2417
f 2628/2628/2420 2220/2220/2057 2624/2624/2416
f 2628/2628/2420 2622/2622/2414 2220/2220/2057
f 2629/2629/2421 2622/2622/2414 2628/2628/2420
f 2629/2629/2421 2623/2623/2415 2622/2622/2414
f 2630/2630/2422 2624/2624/2416 2625/2625/2417
f 2630/2630/2422 2628/2628/2420 2624/2624/2416
f 2623/2623/2415 2629/2629/2421 2631/2631/2423
f 2223/2223/2060 2623/2623/2415 2631/2631/2423
f 2632/2632/2424 2628/2628/2420 2630/2630/2422
f 2629/2629/2421 2632/2632/2424 2631/2631/2423
f 2632/2632/2424 2629/2629/2421 2628/2628/2420
f 2627/2627/2419 2252/2252/2089 2625/2625/2417
f 2627/2627/2419 2250/2250/2087 2252/2252/2089
f 2633/2633/2425 2630/2630/2422 2625/2625/2417
f 2632/2632/2424 2630/2630/2422 2633/2633/2425
f 2252/2252/2089 2634/2634/2426 2625/2625/2417
f 2634/2634/2426 2633/2633/2425 2625/2625/2417
f 2230/2230/2067 2633/2633/2425 2634/2634/2426
f 2230/2230/2067 2632/2632/2424 2633/2633/2425
f 2223/2223/2060 2631/2631/2423 2224/2224/2061
f 2229/2229/2066 2632/2632/2424 2230/2230/2067
f 2632/2632/2424 2229/2229/2066 2631/2631/2423
f 2225/2225/2062 2635/2635/2085 2222/2222/2059
f 2225/2225/2062 2636/2636/2427 2635/2635/2085
f 2636/2636/2427 2637/2637/2428 2635/2635/2085
f 2638/2638/2429 2637/2637/2428 2636/2636/2427
f 2631/2631/2423 2226/2226/2063 2224/2224/2061
f 2631/2631/2423 2229/2229/2066 2226/2226/2063
f 2225/2225/2062 2227/2227/2064 2636/2636/2427
f 2639/2639/2430 2638/2638/2429 2636/2636/2427
f 2638/2638/2429 2639/2639/2430 2640/2640/2431
f 2641/2641/2432 2229/2229/2066 2228/2228/2065
f 2226/2226/2063 2229/2229/2066 2641/2641/2432
f 2226/2226/2063 2642/2642/2433 2227/2227/2064
f 2226/2226/2063 2641/2641/2432 2642/2642/2433
f 2227/2227/2064 2643/2643/2434 2636/2636/2427
f 2227/2227/2064 2642/2642/2433 2643/2643/2434
f 2636/2636/2427 2643/2643/2434 2644/2644/2435
f 2639/2639/2430 2636/2636/2427 2644/2644/2435
f 2639/2639/2430 2644/2644/2435 2645/2645/2436
f 2639/2639/2430 2646/2646/2437 2640/2640/2431
f 2646/2646/2437 2639/2639/2430 2645/2645/2436
f 2640/2640/2431 2646/2646/2437 2647/2647/2438
f 2647/2647/2438 2646/2646/2437 2645/2645/2436
f 2648/2648/2439 2640/2640/2431 2647/2647/2438
f 2642/2642/2433 2649/2649/2440 2643/2643/2434
f 2643/2643/2434 2649/2649/2440 2644/2644/2435
f 2641/2641/2432 2650/2650/2441 2642/2642/2433
f 2642/2642/2433 2650/2650/2441 2649/2649/2440
f 2649/2649/2440 2651/2651/2442 2644/2644/2435
f 2645/2645/2436 2644/2644/2435 2651/2651/2442
f 2652/2652/2443 2648/2648/2439 2647/2647/2438
f 2652/2652/2443 2653/2653/2444 2648/2648/2439
f 2653/2653/2444 2652/2652/2443 2654/2654/2445
f 2655/2655/2446 2653/2653/2444 2654/2654/2445
f 2652/2652/2443 2656/2656/2447 2654/2654/2445
f 2656/2656/2447 2652/2652/2443 2647/2647/2438
f 2655/2655/2446 2654/2654/2445 2657/2657/2448
f 2658/2658/2449 2655/2655/2446 2657/2657/2448
f 2658/2658/2449 2657/2657/2448 2659/2659/2450
f 2649/2649/2440 2660/2660/2451 2651/2651/2442
f 2650/2650/2441 2660/2660/2451 2649/2649/2440
f 2647/2647/2438 2661/2661/2452 2656/2656/2447
f 2661/2661/2452 2647/2647/2438 2645/2645/2436
f 2654/2654/2445 2662/2662/2453 2657/2657/2448
f 2656/2656/2447 2662/2662/2453 2654/2654/2445
f 2662/2662/2453 2656/2656/2447 2663/2663/2454
f 2661/2661/2452 2663/2663/2454 2656/2656/2447
f 2661/2661/2452 2645/2645/2436 2664/2664/2455
f 2661/2661/2452 2664/2664/2455 2663/2663/2454
f 2664/2664/2455 2645/2645/2436 2665/2665/2456
f 2665/2665/2456 2645/2645/2436 2651/2651/2442
f 2664/2664/2455 2665/2665/2456 2666/2666/2457
f 2667/2667/2458 2664/2664/2455 2666/2666/2457
f 2664/2664/2455 2667/2667/2458 2663/2663/2454
f 2668/2668/2459 2662/2662/2453 2663/2663/2454
f 2663/2663/2454 2667/2667/2458 2668/2668/2459
f 2662/2662/2453 2669/2669/2460 2657/2657/2448
f 2662/2662/2453 2668/2668/2459 2669/2669/2460
f 2660/2660/2451 2670/2670/2461 2651/2651/2442
f 2651/2651/2442 2670/2670/2461 2665/2665/2456
f 2671/2671/2462 2666/2666/2457 2665/2665/2456
f 2670/2670/2461 2671/2671/2462 2665/2665/2456
f 2657/2657/2448 2672/2672/2463 2659/2659/2450
f 2672/2672/2463 2657/2657/2448 2669/2669/2460
f 2672/2672/2463 2673/2673/2464 2659/2659/2450
f 2673/2673/2464 2674/2674/2465 2659/2659/2450
f 2674/2674/2465 2673/2673/2464 2675/2675/1973
f 2673/2673/2464 2676/2676/2466 2675/2675/1973
f 2677/2677/2467 2672/2672/2463 2669/2669/2460
f 2672/2672/2463 2677/2677/2467 2673/2673/2464
f 2677/2677/2467 2678/2678/2468 2673/2673/2464
f 2673/2673/2464 2678/2678/2468 2676/2676/2466
f 2678/2678/2468 2679/2679/2469 2676/2676/2466
f 2679/2679/2469 2678/2678/2468 2680/2680/2305
f 2669/2669/2460 2681/2681/2470 2677/2677/2467
f 2668/2668/2459 2681/2681/2470 2669/2669/2460
f 2681/2681/2470 2682/2682/2471 2677/2677/2467
f 2678/2678/2468 2677/2677/2467 2682/2682/2471
f 2683/2683/2472 2678/2678/2468 2682/2682/2471
f 2683/2683/2472 2680/2680/2305 2678/2678/2468
f 2682/2682/2471 2681/2681/2470 2684/2684/2473
f 2684/2684/2473 2681/2681/2470 2668/2668/2459
f 2680/2680/2305 2683/2683/2472 2685/2685/2474
f 2686/2686/2304 2680/2680/2305 2685/2685/2474
f 2683/2683/2472 2682/2682/2471 2687/2687/2475
f 2687/2687/2475 2682/2682/2471 2684/2684/2473
f 2667/2667/2458 2688/2688/2476 2668/2668/2459
f 2688/2688/2476 2684/2684/2473 2668/2668/2459
f 2686/2686/2304 2685/2685/2474 2689/2689/2477
f 2690/2690/2478 2686/2686/2304 2689/2689/2477
f 2690/2690/2478 2689/2689/2477 2691/2691/2299
f 2687/2687/2475 2692/2692/2479 2683/2683/2472
f 2685/2685/2474 2683/2683/2472 2692/2692/2479
f 2689/2689/2477 2685/2685/2474 2693/2693/2480
f 2692/2692/2479 2687/2687/2475 2693/2693/2480
f 2685/2685/2474 2692/2692/2479 2693/2693/2480
f 2689/2689/2477 2693/2693/2480 2694/2694/2481
f 2689/2689/2477 2694/2694/2481 2691/2691/2299
f 2695/2695/2344 2691/2691/2299 2694/2694/2481
f 2696/2696/2482 2687/2687/2475 2684/2684/2473
f 2687/2687/2475 2696/2696/2482 2693/2693/2480
f 2697/2697/2483 2696/2696/2482 2684/2684/2473
f 2684/2684/2473 2688/2688/2476 2697/2697/2483
f 2688/2688/2476 2236/2236/2073 2697/2697/2483
f 2236/2236/2073 2688/2688/2476 2667/2667/2458
f 2693/2693/2480 2698/2698/2484 2694/2694/2481
f 2698/2698/2484 2693/2693/2480 2696/2696/2482
f 2699/2699/2485 2694/2694/2481 2698/2698/2484
f 2699/2699/2485 2695/2695/2344 2694/2694/2481
f 2700/2700/2486 2696/2696/2482 2697/2697/2483
f 2700/2700/2486 2698/2698/2484 2696/2696/2482
f 2699/2699/2485 2239/2239/2076 2695/2695/2344
f 2239/2239/2076 2233/2233/2070 2695/2695/2344
f 2239/2239/2076 2699/2699/2485 2701/2701/2487
f 2698/2698/2484 2700/2700/2486 2701/2701/2487
f 2701/2701/2487 2699/2699/2485 2698/2698/2484
f 2238/2238/2075 2697/2697/2483 2236/2236/2073
f 2238/2238/2075 2700/2700/2486 2697/2697/2483
f 2237/2237/2074 2236/2236/2073 2667/2667/2458
f 2237/2237/2074 2667/2667/2458 2666/2666/2457
f 2239/2239/2076 2231/2231/2068 2233/2233/2070
f 2240/2240/2077 2239/2239/2076 2701/2701/2487
f 2238/2238/2075 2702/2702/2488 2700/2700/2486
f 2700/2700/2486 2702/2702/2488 2701/2701/2487
f 2242/2242/2079 2234/2234/2071 2231/2231/2068
f 2242/2242/2079 2703/2703/2331 2234/2234/2071
f 2702/2702/2488 2704/2704/2489 2701/2701/2487
f 2704/2704/2489 2240/2240/2077 2701/2701/2487
f 2705/2705/2490 2704/2704/2489 2702/2702/2488
f 2238/2238/2075 2705/2705/2490 2702/2702/2488
f 2241/2241/2078 2231/2231/2068 2240/2240/2077
f 2706/2706/2491 2703/2703/2331 2242/2242/2079
f 2703/2703/2331 2706/2706/2491 2707/2707/1973
f 2706/2706/2491 2708/2708/2465 2707/2707/1973
f 2704/2704/2489 2709/2709/2492 2240/2240/2077
f 2709/2709/2492 2241/2241/2078 2240/2240/2077
f 2710/2710/2493 2706/2706/2491 2242/2242/2079
f 2241/2241/2078 2710/2710/2493 2242/2242/2079
f 2710/2710/2493 2241/2241/2078 2709/2709/2492
f 2708/2708/2465 2706/2706/2491 2711/2711/2494
f 2712/2712/2450 2708/2708/2465 2711/2711/2494
f 2713/2713/2495 2710/2710/2493 2709/2709/2492
f 2706/2706/2491 2710/2710/2493 2713/2713/2495
f 2711/2711/2494 2706/2706/2491 2713/2713/2495
f 2714/2714/2496 2709/2709/2492 2704/2704/2489
f 2705/2705/2490 2714/2714/2496 2704/2704/2489
f 2713/2713/2495 2715/2715/2497 2711/2711/2494
f 2715/2715/2497 2713/2713/2495 2709/2709/2492
f 2714/2714/2496 2715/2715/2497 2709/2709/2492
f 2711/2711/2494 2716/2716/2498 2712/2712/2450
f 2715/2715/2497 2716/2716/2498 2711/2711/2494
f 2716/2716/2498 2717/2717/2449 2712/2712/2450
f 2715/2715/2497 2718/2718/2499 2716/2716/2498
f 2718/2718/2499 2715/2715/2497 2714/2714/2496
f 2716/2716/2498 2719/2719/2500 2717/2717/2449
f 2718/2718/2499 2719/2719/2500 2716/2716/2498
f 2719/2719/2500 2718/2718/2499 2720/2720/2501
f 2719/2719/2500 2721/2721/2446 2717/2717/2449
f 2722/2722/2502 2718/2718/2499 2714/2714/2496
f 2722/2722/2502 2714/2714/2496 2705/2705/2490
f 2720/2720/2501 2718/2718/2499 2722/2722/2502
f 2723/2723/2503 2719/2719/2500 2720/2720/2501
f 2719/2719/2500 2723/2723/2503 2721/2721/2446
f 2723/2723/2503 2724/2724/2444 2721/2721/2446
f 2725/2725/2504 2724/2724/2444 2723/2723/2503
f 2723/2723/2503 2720/2720/2501 2725/2725/2504
f 2725/2725/2504 2726/2726/2439 2724/2724/2444
f 2727/2727/2431 2726/2726/2439 2725/2725/2504
f 2238/2238/2075 2235/2235/2072 2728/2728/2505
f 2705/2705/2490 2238/2238/2075 2728/2728/2505
f 2728/2728/2505 2722/2722/2502 2705/2705/2490
f 2722/2722/2502 2728/2728/2505 2244/2244/2081
f 2728/2728/2505 2235/2235/2072 2244/2244/2081
f 2729/2729/2506 2722/2722/2502 2244/2244/2081
f 2729/2729/2506 2720/2720/2501 2722/2722/2502
f 2243/2243/2080 2235/2235/2072 2237/2237/2074
f 2237/2237/2074 2666/2666/2457 2243/2243/2080
f 2666/2666/2457 2730/2730/2507 2243/2243/2080
f 2244/2244/2081 2243/2243/2080 2730/2730/2507
f 2729/2729/2506 2244/2244/2081 2731/2731/2508
f 2731/2731/2508 2244/2244/2081 2730/2730/2507
f 2729/2729/2506 2732/2732/2509 2720/2720/2501
f 2732/2732/2509 2729/2729/2506 2731/2731/2508
f 2671/2671/2462 2733/2733/2510 2666/2666/2457
f 2733/2733/2510 2730/2730/2507 2666/2666/2457
f 2730/2730/2507 2733/2733/2510 2734/2734/2511
f 2731/2731/2508 2734/2734/2511 2732/2732/2509
f 2731/2731/2508 2730/2730/2507 2734/2734/2511
f 2732/2732/2509 2735/2735/2512 2720/2720/2501
f 2720/2720/2501 2735/2735/2512 2725/2725/2504
f 2736/2736/2513 2733/2733/2510 2671/2671/2462
f 2670/2670/2461 2736/2736/2513 2671/2671/2462
f 2734/2734/2511 2733/2733/2510 2737/2737/2514
f 2733/2733/2510 2736/2736/2513 2737/2737/2514
f 2732/2732/2509 2738/2738/2515 2735/2735/2512
f 2738/2738/2515 2734/2734/2511 2737/2737/2514
f 2734/2734/2511 2738/2738/2515 2732/2732/2509
f 2739/2739/2516 2727/2727/2431 2725/2725/2504
f 2739/2739/2516 2725/2725/2504 2735/2735/2512
f 2740/2740/2517 2736/2736/2513 2670/2670/2461
f 2660/2660/2451 2740/2740/2517 2670/2670/2461
f 2740/2740/2517 2741/2741/2518 2736/2736/2513
f 2741/2741/2518 2737/2737/2514 2736/2736/2513
f 2742/2742/2519 2740/2740/2517 2660/2660/2451
f 2650/2650/2441 2742/2742/2519 2660/2660/2451
f 2743/2743/2520 2741/2741/2518 2740/2740/2517
f 2742/2742/2519 2743/2743/2520 2740/2740/2517
f 2246/2246/2083 2742/2742/2519 2650/2650/2441
f 2641/2641/2432 2246/2246/2083 2650/2650/2441
f 2246/2246/2083 2641/2641/2432 2228/2228/2065
f 2742/2742/2519 2246/2246/2083 2743/2743/2520
f 2744/2744/2521 2739/2739/2516 2735/2735/2512
f 2738/2738/2515 2744/2744/2521 2735/2735/2512
f 2745/2745/2522 2744/2744/2521 2738/2738/2515
f 2744/2744/2521 2745/2745/2522 2739/2739/2516
f 2746/2746/2523 2745/2745/2522 2738/2738/2515
f 2746/2746/2523 2738/2738/2515 2737/2737/2514
f 2746/2746/2523 2737/2737/2514 2747/2747/2524
f 2737/2737/2514 2741/2741/2518 2747/2747/2524
f 2741/2741/2518 2743/2743/2520 2748/2748/2525
f 2747/2747/2524 2741/2741/2518 2748/2748/2525
f 2743/2743/2520 2246/2246/2083 2749/2749/2526
f 2748/2748/2525 2743/2743/2520 2749/2749/2526
f 2245/2245/2082 2749/2749/2526 2246/2246/2083
f 2727/2727/2431 2739/2739/2516 2750/2750/2527
f 2745/2745/2522 2750/2750/2527 2739/2739/2516
f 2751/2751/2429 2727/2727/2431 2750/2750/2527
f 2746/2746/2523 2747/2747/2524 2752/2752/2528
f 2745/2745/2522 2746/2746/2523 2752/2752/2528
f 2745/2745/2522 2752/2752/2528 2750/2750/2527
f 2752/2752/2528 2753/2753/2529 2750/2750/2527
f 2751/2751/2429 2750/2750/2527 2753/2753/2529
f 2754/2754/2428 2751/2751/2429 2753/2753/2529
f 2752/2752/2528 2755/2755/2530 2753/2753/2529
f 2748/2748/2525 2755/2755/2530 2747/2747/2524
f 2755/2755/2530 2752/2752/2528 2747/2747/2524
f 2754/2754/2428 2753/2753/2529 2756/2756/2531
f 2755/2755/2530 2756/2756/2531 2753/2753/2529
f 2248/2248/2085 2754/2754/2428 2756/2756/2531
f 2756/2756/2531 2755/2755/2530 2249/2249/2086
f 2248/2248/2085 2756/2756/2531 2249/2249/2086
f 2755/2755/2530 2757/2757/2532 2249/2249/2086
f 2755/2755/2530 2748/2748/2525 2757/2757/2532
f 2748/2748/2525 2749/2749/2526 2757/2757/2532
f 2758/2758/2533 2249/2249/2086 2757/2757/2532
f 2249/2249/2086 2758/2758/2533 2247/2247/2084
f 2758/2758/2533 2759/2759/2534 2247/2247/2084
f 2245/2245/2082 2760/2760/2535 2749/2749/2526
f 2760/2760/2535 2758/2758/2533 2757/2757/2532
f 2760/2760/2535 2757/2757/2532 2749/2749/2526
f 2761/2761/2536 2758/2758/2533 2760/2760/2535
f 2758/2758/2533 2761/2761/2536 2759/2759/2534
f 2761/2761/2536 2762/2762/2415 2759/2759/2534
f 2762/2762/2415 2761/2761/2536 2763/2763/2537
f 2760/2760/2535 2245/2245/2082 2764/2764/2538
f 2764/2764/2538 2761/2761/2536 2760/2760/2535
f 2761/2761/2536 2764/2764/2538 2765/2765/2539
f 2761/2761/2536 2765/2765/2539 2763/2763/2537
f 2230/2230/2067 2766/2766/2540 2228/2228/2065
f 2245/2245/2082 2766/2766/2540 2764/2764/2538
f 2766/2766/2540 2245/2245/2082 2228/2228/2065
f 2766/2766/2540 2230/2230/2067 2634/2634/2426
f 2764/2764/2538 2766/2766/2540 2767/2767/2541
f 2764/2764/2538 2767/2767/2541 2765/2765/2539
f 2766/2766/2540 2634/2634/2426 2767/2767/2541
f 2767/2767/2541 2634/2634/2426 2252/2252/2089
f 2251/2251/2088 2767/2767/2541 2252/2252/2089
f 2767/2767/2541 2251/2251/2088 2765/2765/2539
f 2251/2251/2088 2250/2250/2087 2254/2254/2091
f 2765/2765/2539 2254/2254/2091 2763/2763/2537
f 2251/2251/2088 2254/2254/2091 2765/2765/2539
f 2254/2254/2091 2768/2768/2411 2763/2763/2537
f 2254/2254/2091 2769/2769/2542 2768/2768/2411
f 2769/2769/2542 2254/2254/2091 2253/2253/2090
f 2257/2257/2094 2258/2258/2095 2260/2260/2097
f 2259/2259/2096 2258/2258/2095 1487/1487/1392
f 2770/2770/2543 2260/2260/2097 2259/2259/2096
f 2262/2262/2099 2770/2770/2543 2259/2259/2096
f 2259/2259/2096 1487/1487/1392 2262/2262/2099
f 2770/2770/2543 2262/2262/2099 2771/2771/2544
f 2262/2262/2099 2772/2772/2545 2771/2771/2544
f 2261/2261/2098 2772/2772/2545 2262/2262/2099
f 2263/2263/2100 2772/2772/2545 2261/2261/2098
f 2263/2263/2100 1485/1485/1390 1479/1479/1384
f 1479/1479/1384 1485/1485/1390 1483/1483/1388
f 1478/1478/1383 1477/1477/1382 1481/1481/1386
f 2773/2773/2546 1481/1481/1386 1480/1480/1385
f 2774/2774/2547 2773/2773/2546 1480/1480/1385
f 2773/2773/2546 2774/2774/2547 2775/2775/2548
f 2774/2774/2547 1495/1495/1400 2775/2775/2548
f 2775/2775/2548 1495/1495/1400 2776/2776/2549
f 2774/2774/2547 1480/1480/1385 1493/1493/1398
f 2774/2774/2547 1493/1493/1398 1495/1495/1400
f 1495/1495/1400 2777/2777/2550 2776/2776/2549
f 2776/2776/2549 2777/2777/2550 2778/2778/2551
f 2777/2777/2550 2779/2779/2552 2778/2778/2551
f 2777/2777/2550 1495/1495/1400 1494/1494/1399
f 2780/2780/2553 2777/2777/2550 1494/1494/1399
f 2779/2779/2552 2777/2777/2550 2780/2780/2553
f 2781/2781/2554 2779/2779/2552 2780/2780/2553
f 2781/2781/2554 2780/2780/2553 2270/2270/2105
f 2780/2780/2553 1494/1494/1399 2270/2270/2105
f 2267/2267/2104 2781/2781/2554 2270/2270/2105
f 2270/2270/2105 2265/2265/2102 2267/2267/2104
f 2266/2266/2103 2265/2265/2102 2269/2269/2093
f 1494/1494/1399 1498/1498/1403 2270/2270/2105
f 2782/2782/2555 2783/2783/2556 2784/2784/2557
f 2783/2783/2556 2785/2785/2558 2784/2784/2557
f 2784/2784/2557 2785/2785/2558 2786/2786/2559
f 2784/2784/2557 2786/2786/2559 2787/2787/2560
f 2787/2787/2560 2786/2786/2559 2788/2788/2561
f 2785/2785/2558 2783/2783/2556 2789/2789/2562
f 2783/2783/2556 2790/2790/2563 2789/2789/2562
f 2789/2789/2562 2790/2790/2563 2791/2791/2564
f 2786/2786/2559 2792/2792/2565 2788/2788/2561
f 2792/2792/2565 2793/2793/2296 2788/2788/2561
f 2786/2786/2559 2794/2794/2566 2792/2792/2565
f 2786/2786/2559 2785/2785/2558 2794/2794/2566
f 2785/2785/2558 2789/2789/2562 2794/2794/2566
f 2792/2792/2565 2795/2795/2567 2793/2793/2296
f 2796/2796/2568 2793/2793/2296 2795/2795/2567
f 2794/2794/2566 2797/2797/2569 2792/2792/2565
f 2795/2795/2567 2792/2792/2565 2797/2797/2569
f 2798/2798/2570 2796/2796/2568 2795/2795/2567
f 2796/2796/2568 2798/2798/2570 2799/2799/2314
f 2798/2798/2570 2800/2800/104 2799/2799/2314
f 2801/2801/2315 2800/2800/104 2798/2798/2570
f 2798/2798/2570 2795/2795/2567 2802/2802/2571
f 2801/2801/2315 2798/2798/2570 2802/2802/2571
f 2802/2802/2571 2795/2795/2567 2797/2797/2569
f 2292/2292/2122 2802/2802/2571 2797/2797/2569
f 2801/2801/2315 2802/2802/2571 2292/2292/2122
f 2289/2289/1926 2801/2801/2315 2292/2292/2122
f 2296/2296/2126 2292/2292/2122 2797/2797/2569
f 2296/2296/2126 2797/2797/2569 2794/2794/2566
f 2289/2289/1926 2292/2292/2122 2290/2290/2121
f 2296/2296/2126 2794/2794/2566 2803/2803/2572
f 2794/2794/2566 2789/2789/2562 2803/2803/2572
f 2292/2292/2122 2296/2296/2126 2293/2293/2123
f 2804/2804/1932 2291/2291/1928 2294/2294/2124
f 2313/2313/2143 2294/2294/2124 2295/2295/2125
f 2313/2313/2143 2804/2804/1932 2294/2294/2124
f 2312/2312/2142 2804/2804/1932 2313/2313/2143
f 2805/2805/2573 2789/2789/2562 2791/2791/2564
f 2803/2803/2572 2789/2789/2562 2805/2805/2573
f 2803/2803/2572 1622/1622/1508 2296/2296/2126
f 2805/2805/2573 2791/2791/2564 2298/2298/2128
f 2791/2791/2564 2299/2299/2129 2298/2298/2128
f 2803/2803/2572 1620/1620/1506 1622/1622/1508
f 2805/2805/2573 2298/2298/2128 1620/1620/1506
f 2805/2805/2573 1620/1620/1506 2803/2803/2572
f 2302/2302/2132 2297/2297/2127 2299/2299/2129
f 2302/2302/2132 2340/2340/2165 1625/1625/1511
f 2306/2306/2136 2313/2313/2143 2295/2295/2125
f 2308/2308/2138 2305/2305/2135 1626/1626/1512
f 2306/2306/2136 2310/2310/2140 2313/2313/2143
f 2316/2316/2145 2314/2314/1952 2311/2311/2141
f 2316/2316/2145 2311/2311/2141 2315/2315/2144
f 2316/2316/2145 2315/2315/2144 2317/2317/2146
f 2806/2806/2317 2314/2314/1952 2317/2317/2146
f 2806/2806/2317 2317/2317/2146 2807/2807/2574
f 2317/2317/2146 2319/2319/2148 2807/2807/2574
f 2808/2808/2319 2806/2806/2317 2807/2807/2574
f 2319/2319/2148 2809/2809/2575 2807/2807/2574
f 2810/2810/2576 2809/2809/2575 2319/2319/2148
f 2320/2320/2149 2810/2810/2576 2319/2319/2148
f 2322/2322/2151 2320/2320/2149 2318/2318/2147
f 2320/2320/2149 2322/2322/2151 2811/2811/2577
f 2320/2320/2149 2811/2811/2577 2810/2810/2576
f 2322/2322/2151 2812/2812/2578 2811/2811/2577
f 2812/2812/2578 2322/2322/2151 2813/2813/2579
f 2322/2322/2151 2324/2324/2153 2813/2813/2579
f 2813/2813/2579 2324/2324/2153 2814/2814/2580
f 2326/2326/2155 2308/2308/2138 1626/1626/1512
f 2326/2326/2155 2321/2321/2150 2308/2308/2138
f 2324/2324/2153 2331/2331/2159 2814/2814/2580
f 2330/2330/2158 2814/2814/2580 2331/2331/2159
f 2326/2326/2155 1626/1626/1512 1628/1628/1514
f 2326/2326/2155 2325/2325/2154 2321/2321/2150
f 2327/2327/2156 2331/2331/2159 2324/2324/2153
f 2331/2331/2159 2328/2328/1963 2330/2330/2158
f 2331/2331/2159 2327/2327/2156 2332/2332/1964
f 2815/2815/1966 2332/2332/1964 2327/2327/2156
f 2327/2327/2156 2323/2323/2152 2333/2333/2160
f 2333/2333/2160 2815/2815/1966 2327/2327/2156
f 2815/2815/1966 2333/2333/2160 2335/2335/1969
f 2333/2333/2160 2334/2334/2161 2335/2335/1969
f 2340/2340/2165 1629/1629/1515 1625/1625/1511
f 2340/2340/2165 2339/2339/2164 1629/1629/1515
f 1634/1634/1520 1630/1630/1516 1633/1633/1519
f 1635/1635/1521 1634/1634/1520 2816/2816/2329
f 1633/1633/1519 1632/1632/1518 2341/2341/2166
f 2340/2340/2165 2817/2817/2581 2341/2341/2166
f 2818/2818/2582 1634/1634/1520 1633/1633/1519
f 1634/1634/1520 2818/2818/2582 2816/2816/2329
f 2816/2816/2329 2818/2818/2582 2819/2819/2333
f 2344/2344/2169 2341/2341/2166 2817/2817/2581
f 2344/2344/2169 1633/1633/1519 2341/2341/2166
f 2344/2344/2169 2817/2817/2581 2342/2342/2167
f 1633/1633/1519 2344/2344/2169 2343/2343/2168
f 2818/2818/2582 2820/2820/2583 2819/2819/2333
f 2821/2821/2337 2819/2819/2333 2820/2820/2583
f 2820/2820/2583 2818/2818/2582 2822/2822/2584
f 2822/2822/2584 2818/2818/2582 1633/1633/1519
f 2822/2822/2584 1633/1633/1519 2343/2343/2168
f 2345/2345/2170 2823/2823/2585 2343/2343/2168
f 2822/2822/2584 2343/2343/2168 2823/2823/2585
f 2824/2824/2586 2822/2822/2584 2823/2823/2585
f 2824/2824/2586 2820/2820/2583 2822/2822/2584
f 2824/2824/2586 2823/2823/2585 2825/2825/2587
f 2825/2825/2587 2823/2823/2585 2345/2345/2170
f 2826/2826/2588 2825/2825/2587 2345/2345/2170
f 2827/2827/2589 2821/2821/2337 2820/2820/2583
f 2827/2827/2589 2820/2820/2583 2824/2824/2586
f 2828/2828/2590 2825/2825/2587 2826/2826/2588
f 2829/2829/2591 2828/2828/2590 2826/2826/2588
f 2828/2828/2590 2829/2829/2591 2830/2830/2555
f 2831/2831/2557 2828/2828/2590 2830/2830/2555
f 2832/2832/2592 2828/2828/2590 2831/2831/2557
f 2825/2825/2587 2828/2828/2590 2832/2832/2592
f 2833/2833/2560 2832/2832/2592 2831/2831/2557
f 2834/2834/2561 2832/2832/2592 2833/2833/2560
f 2835/2835/2593 2825/2825/2587 2832/2832/2592
f 2824/2824/2586 2835/2835/2593 2827/2827/2589
f 2835/2835/2593 2824/2824/2586 2825/2825/2587
f 2821/2821/2337 2827/2827/2589 2836/2836/2594
f 2837/2837/2349 2821/2821/2337 2836/2836/2594
f 2836/2836/2594 2827/2827/2589 2838/2838/2595
f 2838/2838/2595 2827/2827/2589 2835/2835/2593
f 2839/2839/2596 2836/2836/2594 2838/2838/2595
f 2838/2838/2595 2835/2835/2593 2840/2840/2597
f 2838/2838/2595 2840/2840/2597 2839/2839/2596
f 2840/2840/2597 2832/2832/2592 2834/2834/2561
f 2835/2835/2593 2832/2832/2592 2840/2840/2597
f 2840/2840/2597 2834/2834/2561 2841/2841/2598
f 2839/2839/2596 2840/2840/2597 2841/2841/2598
f 2842/2842/2297 2841/2841/2598 2834/2834/2561
f 2360/2360/2185 1691/1691/1567 1693/1693/1569
f 2360/2360/2185 1708/1708/1584 1694/1694/1570
f 2361/2361/2186 1704/1704/1580 1706/1706/1582
f 2843/2843/2599 2361/2361/2186 1706/1706/1582
f 2843/2843/2599 1706/1706/1582 1669/1669/1549
f 2363/2363/2188 2843/2843/2599 1669/1669/1549
f 2360/2360/2185 1712/1712/1588 1708/1708/1584
f 2363/2363/2188 2365/2365/2190 2843/2843/2599
f 2843/2843/2599 2365/2365/2190 2361/2361/2186
f 2363/2363/2188 1737/1737/1610 2365/2365/2190
f 2364/2364/2189 1705/1705/1581 2361/2361/2186
f 2364/2364/2189 1714/1714/1590 1705/1705/1581
f 2364/2364/2189 2361/2361/2186 1715/1715/1591
f 2361/2361/2186 1732/1732/1605 1715/1715/1591
f 2844/2844/2600 2845/2845/2601 2846/2846/2602
f 1751/1751/1621 2844/2844/2600 2846/2846/2602
f 2846/2846/2602 2847/2847/2603 1751/1751/1621
f 2847/2847/2603 2848/2848/2604 1751/1751/1621
f 2848/2848/2604 2849/2849/2605 1751/1751/1621
f 563/563/514 2844/2844/2600 1751/1751/1621
f 2849/2849/2605 561/561/512 1751/1751/1621
f 2849/2849/2605 559/559/510 561/561/512
f 563/563/514 561/561/512 560/560/511
f 2369/2369/2194 2850/2850/2195 2370/2370/2195
f 2369/2369/2194 2368/2368/2193 2851/2851/2606
f 2851/2851/2606 2852/2852/2607 2369/2369/2194
f 2851/2851/2606 1752/1752/1622 2852/2852/2607
f 2852/2852/2607 1752/1752/1622 1754/1754/1624
f 2371/2371/2196 2853/2853/2608 1754/1754/1624
f 2371/2371/2196 2854/2854/2609 2853/2853/2608
f 2855/2855/2610 1754/1754/1624 2853/2853/2608
f 2852/2852/2607 1754/1754/1624 2855/2855/2610
f 2856/2856/2611 2852/2852/2607 2855/2855/2610
f 2852/2852/2607 2856/2856/2611 2369/2369/2194
f 2856/2856/2611 2857/2857/2612 2369/2369/2194
f 2858/2858/2613 2369/2369/2194 2857/2857/2612
f 2859/2859/2614 2858/2858/2613 2857/2857/2612
f 2854/2854/2609 2860/2860/2615 2853/2853/2608
f 2861/2861/2616 2860/2860/2615 2854/2854/2609
f 2861/2861/2616 2862/2862/2617 2860/2860/2615
f 2863/2863/2618 2862/2862/2617 2861/2861/2616
f 2862/2862/2617 2864/2864/2619 2860/2860/2615
f 2864/2864/2619 2853/2853/2608 2860/2860/2615
f 2863/2863/2618 2865/2865/2620 2862/2862/2617
f 2863/2863/2618 2866/2866/2621 2865/2865/2620
f 2865/2865/2620 2867/2867/2622 2862/2862/2617
f 2867/2867/2622 2864/2864/2619 2862/2862/2617
f 2868/2868/2623 2855/2855/2610 2853/2853/2608
f 2864/2864/2619 2868/2868/2623 2853/2853/2608
f 2864/2864/2619 2867/2867/2622 2869/2869/2624
f 2864/2864/2619 2869/2869/2624 2868/2868/2623
f 2870/2870/2625 2869/2869/2624 2867/2867/2622
f 2374/2374/2199 2868/2868/2623 2869/2869/2624
f 2855/2855/2610 2868/2868/2623 2374/2374/2199
f 2870/2870/2625 2374/2374/2199 2869/2869/2624
f 2374/2374/2199 2870/2870/2625 2372/2372/2197
f 2871/2871/2626 2855/2855/2610 2374/2374/2199
f 2871/2871/2626 2374/2374/2199 2373/2373/2198
f 2856/2856/2611 2855/2855/2610 2871/2871/2626
f 2872/2872/2627 2871/2871/2626 2373/2373/2198
f 2873/2873/2628 2856/2856/2611 2871/2871/2626
f 2873/2873/2628 2871/2871/2626 2872/2872/2627
f 2856/2856/2611 2873/2873/2628 2857/2857/2612
f 2872/2872/2627 1755/1755/1625 2873/2873/2628
f 2873/2873/2628 1755/1755/1625 1757/1757/1627
f 2873/2873/2628 1757/1757/1627 2857/2857/2612
f 2375/2375/2200 2857/2857/2612 1757/1757/1627
f 2375/2375/2200 2874/2874/2629 2857/2857/2612
f 2874/2874/2629 2875/2875/2629 2857/2857/2612
f 2876/2876/2630 2877/2877/2631 2376/2376/2201
f 2877/2877/2631 566/566/517 2376/2376/2201
f 2877/2877/2631 564/564/515 566/566/517
f 1760/1760/1630 2878/2878/2632 2376/2376/2201
f 2379/2379/2204 2879/2879/1649 1763/1763/1633
f 2879/2879/1649 2380/2380/2205 1763/1763/1633
f 2879/2879/1649 1770/1770/1640 2380/2380/2205
f 1770/1770/1640 1769/1769/1639 2380/2380/2205
f 1773/1773/1643 1772/1772/1642 1774/1774/1644
f 1778/1778/1648 580/580/530 581/581/531
f 1780/1780/1650 1777/1777/1647 1779/1779/1649
f 1779/1779/1649 2880/2880/2204 1780/1780/1650
f 1781/1781/1651 1774/1774/1644 1775/1775/1645
f 1780/1780/1650 1781/1781/1651 1775/1775/1645
f 2880/2880/2204 1781/1781/1651 1780/1780/1650
f 2880/2880/2204 2881/2881/2633 1781/1781/1651
f 2881/2881/2633 1782/1782/1652 1781/1781/1651
f 2881/2881/2633 2051/2051/1893 1782/1782/1652
f 2881/2881/2633 2473/2473/2286 2051/2051/1893
f 1782/1782/1652 2051/2051/1893 2882/2882/2634
f 1782/1782/1652 2882/2882/2634 1773/1773/1643
f 2882/2882/2634 2883/2883/2635 1773/1773/1643
f 1773/1773/1643 2883/2883/2635 1767/1767/1637
f 2883/2883/2635 2882/2882/2634 1783/1783/1653
f 2883/2883/2635 1783/1783/1653 1767/1767/1637
f 2051/2051/1893 2884/2884/2636 2882/2882/2634
f 2882/2882/2634 2884/2884/2636 1783/1783/1653
f 2051/2051/1893 2885/2885/2637 2884/2884/2636
f 1783/1783/1653 2884/2884/2636 2885/2885/2637
f 1784/1784/1654 1783/1783/1653 2885/2885/2637
f 2384/2384/2209 1768/1768/1638 2382/2382/2207
f 1784/1784/1654 2885/2885/2637 2388/2388/2213
f 2382/2382/2207 1784/1784/1654 2388/2388/2213
f 2885/2885/2637 2886/2886/2638 2388/2388/2213
f 2384/2384/2209 2383/2383/2208 2887/2887/2639
f 2386/2386/2211 2887/2887/2639 2383/2383/2208
f 2389/2389/2214 2387/2387/2212 2388/2388/2213
f 2389/2389/2214 2888/2888/2640 2385/2385/2210
f 2886/2886/2638 2889/2889/2641 2388/2388/2213
f 2388/2388/2213 2889/2889/2641 2389/2389/2214
f 2389/2389/2214 1788/1788/1658 2888/2888/2640
f 2889/2889/2641 1788/1788/1658 2389/2389/2214
f 1788/1788/1658 1787/1787/1657 2888/2888/2640
f 1788/1788/1658 1785/1785/1655 1787/1787/1657
f 1786/1786/1656 1785/1785/1655 1791/1791/1661
f 1788/1788/1658 2889/2889/2641 1789/1789/1659
f 2886/2886/2638 1816/1816/1686 2889/2889/2641
f 1816/1816/1686 1789/1789/1659 2889/2889/2641
f 2890/2890/2642 2392/2392/2217 2391/2391/2216
f 1792/1792/1662 2393/2393/2218 1790/1790/1660
f 2890/2890/2642 2391/2391/2216 1795/1795/1665
f 2394/2394/2219 2890/2890/2642 1795/1795/1665
f 2394/2394/2219 1795/1795/1665 1794/1794/1664
f 1811/1811/1681 1810/1810/1680 2891/2891/2643
f 1792/1792/1662 2891/2891/2643 1810/1810/1680
f 2892/2892/2644 1811/1811/1681 2891/2891/2643
f 2891/2891/2643 1792/1792/1662 1812/1812/1682
f 1816/1816/1686 1812/1812/1682 1789/1789/1659
f 2892/2892/2644 2891/2891/2643 1814/1814/1684
f 1814/1814/1684 2891/2891/2643 1812/1812/1682
f 2892/2892/2644 1814/1814/1684 1813/1813/1683
f 1814/1814/1684 593/593/543 1813/1813/1683
f 1814/1814/1684 1812/1812/1682 1815/1815/1685
f 1816/1816/1686 606/606/556 1817/1817/1687
f 2893/2893/2645 606/606/556 1816/1816/1686
f 1816/1816/1686 2886/2886/2638 2893/2893/2645
f 1817/1817/1687 606/606/556 598/598/548
f 598/598/548 595/595/545 1817/1817/1687
f 606/606/556 599/599/549 598/598/548
f 2396/2396/2221 2397/2397/2222 2399/2399/557
f 2398/2398/2223 2397/2397/2222 2400/2400/2224
f 2894/2894/2646 2398/2398/2223 2400/2400/2224
f 2894/2894/2646 2400/2400/2224 604/604/554
f 2895/2895/2647 2894/2894/2646 604/604/554
f 2895/2895/2647 604/604/554 601/601/551
f 607/607/557 2896/2896/2223 605/605/555
f 2897/2897/2648 607/607/557 606/606/556
f 605/605/555 2402/2402/2226 1821/1821/1691
f 2402/2402/2226 605/605/555 2896/2896/2223
f 2898/2898/2649 2402/2402/2226 2896/2896/2223
f 2402/2402/2226 2401/2401/2225 1821/1821/1691
f 2402/2402/2226 2898/2898/2649 1825/1825/1695
f 2898/2898/2649 1826/1826/1696 1825/1825/1695
f 1826/1826/1696 608/608/551 610/610/559
f 2404/2404/2228 2899/2899/2650 2900/2900/2651
f 2900/2900/2651 2403/2403/2227 2404/2404/2228
f 2404/2404/2228 1828/1828/1698 1831/1831/1701
f 2901/2901/2568 2902/2902/2402 2903/2903/2401
f 2904/2904/2652 2901/2901/2568 2903/2903/2401
f 2904/2904/2652 2905/2905/2296 2901/2901/2568
f 2408/2408/2232 2904/2904/2652 2903/2903/2401
f 2409/2409/2042 2408/2408/2232 2903/2903/2401
f 2904/2904/2652 2906/2906/2653 2905/2905/2296
f 2906/2906/2653 2907/2907/2297 2905/2905/2296
f 2908/2908/2598 2907/2907/2297 2906/2906/2653
f 2909/2909/2654 2906/2906/2653 2904/2904/2652
f 2909/2909/2654 2904/2904/2652 2408/2408/2232
f 2408/2408/2232 2407/2407/2231 2414/2414/2235
f 2909/2909/2654 2408/2408/2232 2414/2414/2235
f 2910/2910/2655 2908/2908/2598 2906/2906/2653
f 2911/2911/2596 2908/2908/2598 2910/2910/2655
f 2906/2906/2653 2909/2909/2654 2416/2416/2237
f 2910/2910/2655 2906/2906/2653 2416/2416/2237
f 2909/2909/2654 2414/2414/2235 2416/2416/2237
f 2416/2416/2237 1839/1839/1707 1838/1838/1705
f 2416/2416/2237 2417/2417/2238 2910/2910/2655
f 2417/2417/2238 2912/2912/2656 2910/2910/2655
f 2912/2912/2656 2911/2911/2596 2910/2910/2655
f 2911/2911/2596 2912/2912/2656 2913/2913/2657
f 2419/2419/2239 2912/2912/2656 2417/2417/2238
f 2419/2419/2239 2418/2418/2230 2914/2914/2229
f 2915/2915/2658 2912/2912/2656 2419/2419/2239
f 2912/2912/2656 2915/2915/2658 2913/2913/2657
f 2916/2916/2349 2913/2913/2657 2915/2915/2658
f 2917/2917/2409 2916/2916/2349 2915/2915/2658
f 2918/2918/2659 2915/2915/2658 2419/2419/2239
f 2917/2917/2409 2915/2915/2658 2918/2918/2659
f 2918/2918/2659 2419/2419/2239 2914/2914/2229
f 2918/2918/2659 2914/2914/2229 2919/2919/2052
f 2920/2920/2410 2918/2918/2659 2919/2919/2052
f 2920/2920/2410 2917/2917/2409 2918/2918/2659
f 2424/2424/2244 2420/2420/2240 2422/2422/2242
f 2424/2424/2244 2422/2422/2242 2921/2921/2660
f 2922/2922/2661 2424/2424/2244 2921/2921/2660
f 2921/2921/2660 2923/2923/2662 2922/2922/2661
f 2924/2924/2663 2424/2424/2244 2922/2922/2661
f 2924/2924/2663 2423/2423/2243 2424/2424/2244
f 2925/2925/2664 2423/2423/2243 2924/2924/2663
f 2923/2923/2662 2926/2926/2665 2922/2922/2661
f 2927/2927/2666 2924/2924/2663 2922/2922/2661
f 2922/2922/2661 2926/2926/2665 2927/2927/2666
f 2928/2928/2667 2925/2925/2664 2924/2924/2663
f 2928/2928/2667 2924/2924/2663 2927/2927/2666
f 2925/2925/2664 2928/2928/2667 2929/2929/2668
f 2930/2930/2669 2925/2925/2664 2929/2929/2668
f 2426/2426/2246 2930/2930/2669 2929/2929/2668
f 2926/2926/2665 2923/2923/2662 2931/2931/2670
f 2923/2923/2662 2932/2932/2671 2931/2931/2670
f 2929/2929/2668 2928/2928/2667 2933/2933/2672
f 2933/2933/2672 2928/2928/2667 2927/2927/2666
f 2927/2927/2666 2934/2934/2673 2933/2933/2672
f 2926/2926/2665 2934/2934/2673 2927/2927/2666
f 2926/2926/2665 2931/2931/2670 2934/2934/2673
f 2427/2427/2247 2426/2426/2246 2929/2929/2668
f 2933/2933/2672 2934/2934/2673 2935/2935/2674
f 2935/2935/2674 2929/2929/2668 2933/2933/2672
f 2935/2935/2674 2936/2936/2675 2929/2929/2668
f 2936/2936/2675 2427/2427/2247 2929/2929/2668
f 2935/2935/2674 2429/2429/2249 2936/2936/2675
f 2934/2934/2673 2429/2429/2249 2935/2935/2674
f 2931/2931/2670 2932/2932/2671 2937/2937/2676
f 2932/2932/2671 2938/2938/2677 2937/2937/2676
f 2931/2931/2670 2430/2430/2250 2934/2934/2673
f 2429/2429/2249 2934/2934/2673 2430/2430/2250
f 2939/2939/2678 2937/2937/2676 2938/2938/2677
f 2940/2940/2679 2939/2939/2678 2938/2938/2677
f 2941/2941/2680 2939/2939/2678 2940/2940/2679
f 2942/2942/2681 2941/2941/2680 2940/2940/2679
f 2941/2941/2680 2942/2942/2681 2943/2943/2682
f 2430/2430/2250 2931/2931/2670 2944/2944/2683
f 2944/2944/2683 2931/2931/2670 2937/2937/2676
f 2945/2945/2684 2937/2937/2676 2939/2939/2678
f 2945/2945/2684 2939/2939/2678 2941/2941/2680
f 2944/2944/2683 2937/2937/2676 2945/2945/2684
f 2946/2946/2685 2941/2941/2680 2943/2943/2682
f 2946/2946/2685 2943/2943/2682 2947/2947/2686
f 2430/2430/2250 2948/2948/2687 2428/2428/2248
f 2430/2430/2250 2944/2944/2683 2948/2948/2687
f 2944/2944/2683 2949/2949/2688 2948/2948/2687
f 2949/2949/2688 2944/2944/2683 2945/2945/2684
f 2949/2949/2688 2945/2945/2684 2950/2950/2689
f 2950/2950/2689 2945/2945/2684 2941/2941/2680
f 2950/2950/2689 2941/2941/2680 2951/2951/2690
f 2941/2941/2680 2946/2946/2685 2951/2951/2690
f 2951/2951/2690 2946/2946/2685 2952/2952/2691
f 2953/2953/2692 2946/2946/2685 2947/2947/2686
f 2946/2946/2685 2953/2953/2692 2952/2952/2691
f 2953/2953/2692 2947/2947/2686 2954/2954/2693
f 2953/2953/2692 2954/2954/2693 2952/2952/2691
f 2947/2947/2686 2955/2955/2694 2954/2954/2693
f 2956/2956/2695 2950/2950/2689 2951/2951/2690
f 2956/2956/2695 2949/2949/2688 2950/2950/2689
f 2957/2957/2696 2949/2949/2688 2956/2956/2695
f 2949/2949/2688 2957/2957/2696 2948/2948/2687
f 2951/2951/2690 2952/2952/2691 2958/2958/2697
f 2958/2958/2697 2956/2956/2695 2951/2951/2690
f 2955/2955/2694 2959/2959/2698 2954/2954/2693
f 2960/2960/2699 2959/2959/2698 2955/2955/2694
f 2959/2959/2698 2960/2960/2699 2961/2961/2700
f 2960/2960/2699 2962/2962/2701 2961/2961/2700
f 2959/2959/2698 2963/2963/2702 2954/2954/2693
f 2959/2959/2698 2961/2961/2700 2963/2963/2702
f 2961/2961/2700 2962/2962/2701 2964/2964/2703
f 2962/2962/2701 2965/2965/2704 2964/2964/2703
f 2965/2965/2704 2966/2966/2705 2964/2964/2703
f 2967/2967/2706 2957/2957/2696 2956/2956/2695
f 2967/2967/2706 2956/2956/2695 2958/2958/2697
f 2954/2954/2693 2963/2963/2702 2968/2968/2707
f 2954/2954/2693 2968/2968/2707 2952/2952/2691
f 2961/2961/2700 2964/2964/2703 2969/2969/2708
f 2961/2961/2700 2969/2969/2708 2963/2963/2702
f 2963/2963/2702 2970/2970/2709 2968/2968/2707
f 2970/2970/2709 2963/2963/2702 2969/2969/2708
f 2968/2968/2707 2970/2970/2709 2971/2971/2710
f 2952/2952/2691 2968/2968/2707 2971/2971/2710
f 2952/2952/2691 2972/2972/2711 2958/2958/2697
f 2952/2952/2691 2971/2971/2710 2972/2972/2711
f 2972/2972/2711 2971/2971/2710 2973/2973/2712
f 2970/2970/2709 2974/2974/2713 2971/2971/2710
f 2973/2973/2712 2971/2971/2710 2974/2974/2713
f 2970/2970/2709 2975/2975/2714 2974/2974/2713
f 2975/2975/2714 2970/2970/2709 2969/2969/2708
f 2969/2969/2708 2976/2976/2715 2975/2975/2714
f 2964/2964/2703 2976/2976/2715 2969/2969/2708
f 2977/2977/2716 2958/2958/2697 2972/2972/2711
f 2977/2977/2716 2967/2967/2706 2958/2958/2697
f 2978/2978/2717 2977/2977/2716 2972/2972/2711
f 2973/2973/2712 2978/2978/2717 2972/2972/2711
f 2966/2966/2705 2979/2979/2718 2964/2964/2703
f 2976/2976/2715 2964/2964/2703 2979/2979/2718
f 2980/2980/2719 2979/2979/2718 2966/2966/2705
f 2981/2981/2720 2980/2980/2719 2966/2966/2705
f 2981/2981/2720 2982/2982/2165 2980/2980/2719
f 2982/2982/2165 2983/2983/2721 2980/2980/2719
f 2979/2979/2718 2980/2980/2719 2984/2984/2722
f 2984/2984/2722 2976/2976/2715 2979/2979/2718
f 2980/2980/2719 2983/2983/2721 2985/2985/2723
f 2980/2980/2719 2985/2985/2723 2984/2984/2722
f 2983/2983/2721 2986/2986/2724 2985/2985/2723
f 2985/2985/2723 2986/2986/2724 2987/2987/2564
f 2976/2976/2715 2988/2988/2725 2975/2975/2714
f 2976/2976/2715 2984/2984/2722 2988/2988/2725
f 2984/2984/2722 2989/2989/2726 2988/2988/2725
f 2989/2989/2726 2984/2984/2722 2985/2985/2723
f 2987/2987/2564 2990/2990/2727 2985/2985/2723
f 2990/2990/2727 2989/2989/2726 2985/2985/2723
f 2991/2991/2728 2988/2988/2725 2989/2989/2726
f 2988/2988/2725 2991/2991/2728 2975/2975/2714
f 2992/2992/2729 2990/2990/2727 2987/2987/2564
f 2993/2993/2563 2992/2992/2729 2987/2987/2564
f 2989/2989/2726 2990/2990/2727 2994/2994/2730
f 2994/2994/2730 2991/2991/2728 2989/2989/2726
f 2975/2975/2714 2995/2995/2731 2974/2974/2713
f 2991/2991/2728 2995/2995/2731 2975/2975/2714
f 2992/2992/2729 2993/2993/2563 2996/2996/2732
f 2993/2993/2563 2997/2997/2733 2996/2996/2732
f 2997/2997/2733 2998/2998/2555 2996/2996/2732
f 2999/2999/2734 2994/2994/2730 2990/2990/2727
f 2990/2990/2727 2992/2992/2729 2999/2999/2734
f 2999/2999/2734 2992/2992/2729 3000/3000/2735
f 2992/2992/2729 2996/2996/2732 3000/3000/2735
f 2994/2994/2730 2999/2999/2734 3000/3000/2735
f 2996/2996/2732 3001/3001/2736 3000/3000/2735
f 2998/2998/2555 3001/3001/2736 2996/2996/2732
f 3001/3001/2736 2998/2998/2555 3002/3002/2591
f 3003/3003/2737 2994/2994/2730 3000/3000/2735
f 2991/2991/2728 2994/2994/2730 3003/3003/2737
f 2991/2991/2728 3004/3004/2738 2995/2995/2731
f 3004/3004/2738 2991/2991/2728 3003/3003/2737
f 3001/3001/2736 3005/3005/2739 3000/3000/2735
f 3003/3003/2737 3000/3000/2735 3005/3005/2739
f 3006/3006/2740 3001/3001/2736 3002/3002/2591
f 3005/3005/2739 3001/3001/2736 3006/3006/2740
f 3004/3004/2738 3003/3003/2737 3007/3007/2741
f 3007/3007/2741 3003/3003/2737 3005/3005/2739
f 2995/2995/2731 2435/2435/2255 2974/2974/2713
f 3004/3004/2738 2435/2435/2255 2995/2995/2731
f 3006/3006/2740 3002/3002/2591 3008/3008/2742
f 3002/3002/2591 3009/3009/2743 3008/3008/2742
f 3010/3010/2744 3005/3005/2739 3006/3006/2740
f 3005/3005/2739 3010/3010/2744 3007/3007/2741
f 3010/3010/2744 3006/3006/2740 3008/3008/2742
f 2436/2436/2256 3004/3004/2738 3007/3007/2741
f 2435/2435/2255 3004/3004/2738 2436/2436/2256
f 2438/2438/2258 2973/2973/2712 2974/2974/2713
f 2435/2435/2255 2438/2438/2258 2974/2974/2713
f 3008/3008/2742 3009/3009/2743 2431/2431/2251
f 3009/3009/2743 2432/2432/2252 2431/2431/2251
f 2435/2435/2255 2434/2434/2254 2438/2438/2258
f 3011/3011/2745 3010/3010/2744 3008/3008/2742
f 3011/3011/2745 3008/3008/2742 2431/2431/2251
f 3012/3012/2746 2436/2436/2256 3007/3007/2741
f 3010/3010/2744 3012/3012/2746 3007/3007/2741
f 3013/3013/2747 2431/2431/2251 2433/2433/2253
f 3014/3014/2581 3013/3013/2747 2433/2433/2253
f 3010/3010/2744 3011/3011/2745 3015/3015/2748
f 3012/3012/2746 3010/3010/2744 3015/3015/2748
f 3012/3012/2746 3015/3015/2748 3016/3016/2749
f 2436/2436/2256 3012/3012/2746 3016/3016/2749
f 3017/3017/2750 3011/3011/2745 2431/2431/2251
f 3017/3017/2750 2431/2431/2251 3013/3013/2747
f 3013/3013/2747 3014/3014/2581 3018/3018/2751
f 3018/3018/2751 3014/3014/2581 3019/3019/2165
f 3020/3020/2720 3018/3018/2751 3019/3019/2165
f 3011/3011/2745 3017/3017/2750 3021/3021/2752
f 3015/3015/2748 3011/3011/2745 3021/3021/2752
f 3017/3017/2750 3022/3022/2753 3021/3021/2752
f 3022/3022/2753 3013/3013/2747 3018/3018/2751
f 3022/3022/2753 3017/3017/2750 3013/3013/2747
f 3018/3018/2751 3020/3020/2720 3023/3023/2754
f 3020/3020/2720 3024/3024/2705 3023/3023/2754
f 3022/3022/2753 3018/3018/2751 3025/3025/2755
f 3022/3022/2753 3025/3025/2755 3021/3021/2752
f 3018/3018/2751 3023/3023/2754 3025/3025/2755
f 3026/3026/2756 3016/3016/2749 3015/3015/2748
f 3021/3021/2752 3026/3026/2756 3015/3015/2748
f 3027/3027/2757 3025/3025/2755 3023/3023/2754
f 3027/3027/2757 3026/3026/2756 3021/3021/2752
f 3025/3025/2755 3027/3027/2757 3021/3021/2752
f 3028/3028/2758 3027/3027/2757 3023/3023/2754
f 3028/3028/2758 3023/3023/2754 3024/3024/2705
f 3029/3029/2759 3028/3028/2758 3024/3024/2705
f 3026/3026/2756 3027/3027/2757 3030/3030/2760
f 3030/3030/2760 3027/3027/2757 3028/3028/2758
f 3031/3031/2761 3030/3030/2760 3028/3028/2758
f 3031/3031/2761 3028/3028/2758 3029/3029/2759
f 3032/3032/2762 3030/3030/2760 3031/3031/2761
f 3033/3033/2701 3031/3031/2761 3029/3029/2759
f 3026/3026/2756 3034/3034/2763 3016/3016/2749
f 3030/3030/2760 3032/3032/2762 3034/3034/2763
f 3034/3034/2763 3026/3026/2756 3030/3030/2760
f 3031/3031/2761 3033/3033/2701 3035/3035/2764
f 3035/3035/2764 3032/3032/2762 3031/3031/2761
f 3033/3033/2701 3036/3036/2699 3035/3035/2764
f 3032/3032/2762 3035/3035/2764 3037/3037/2765
f 3036/3036/2699 3037/3037/2765 3035/3035/2764
f 3038/3038/2694 3037/3037/2765 3036/3036/2699
f 3038/3038/2694 3039/3039/2686 3037/3037/2765
f 3016/3016/2749 3040/3040/2766 2436/2436/2256
f 3040/3040/2766 2434/2434/2254 2436/2436/2256
f 3034/3034/2763 3040/3040/2766 3016/3016/2749
f 3040/3040/2766 3034/3034/2763 3041/3041/2767
f 3040/3040/2766 3041/3041/2767 2434/2434/2254
f 3034/3034/2763 3042/3042/2768 3041/3041/2767
f 3032/3032/2762 3042/3042/2768 3034/3034/2763
f 2973/2973/2712 2438/2438/2258 2437/2437/2257
f 3041/3041/2767 2437/2437/2257 2434/2434/2254
f 3043/3043/2769 2973/2973/2712 2437/2437/2257
f 2437/2437/2257 3041/3041/2767 3043/3043/2769
f 3041/3041/2767 3044/3044/2770 3043/3043/2769
f 3041/3041/2767 3042/3042/2768 3044/3044/2770
f 3042/3042/2768 3032/3032/2762 3045/3045/2771
f 3042/3042/2768 3045/3045/2771 3044/3044/2770
f 2978/2978/2717 2973/2973/2712 3046/3046/2772
f 2973/2973/2712 3043/3043/2769 3046/3046/2772
f 3047/3047/2773 3044/3044/2770 3045/3045/2771
f 3047/3047/2773 3046/3046/2772 3043/3043/2769
f 3044/3044/2770 3047/3047/2773 3043/3043/2769
f 3032/3032/2762 3048/3048/2774 3045/3045/2771
f 3048/3048/2774 3032/3032/2762 3037/3037/2765
f 2977/2977/2716 2978/2978/2717 3049/3049/2775
f 2978/2978/2717 3046/3046/2772 3049/3049/2775
f 3050/3050/2776 3049/3049/2775 3046/3046/2772
f 3047/3047/2773 3050/3050/2776 3046/3046/2772
f 3051/3051/2777 3047/3047/2773 3045/3045/2771
f 3045/3045/2771 3048/3048/2774 3051/3051/2777
f 3047/3047/2773 3051/3051/2777 3050/3050/2776
f 3039/3039/2686 3052/3052/2778 3037/3037/2765
f 3048/3048/2774 3037/3037/2765 3052/3052/2778
f 2967/2967/2706 2977/2977/2716 3053/3053/2779
f 2977/2977/2716 3049/3049/2775 3053/3053/2779
f 3053/3053/2779 3049/3049/2775 3054/3054/2780
f 3049/3049/2775 3050/3050/2776 3054/3054/2780
f 2957/2957/2696 2967/2967/2706 3055/3055/2781
f 2967/2967/2706 3053/3053/2779 3055/3055/2781
f 3055/3055/2781 3053/3053/2779 3056/3056/2782
f 3053/3053/2779 3054/3054/2780 3056/3056/2782
f 2439/2439/2259 3055/3055/2781 3056/3056/2782
f 2948/2948/2687 2957/2957/2696 2439/2439/2259
f 2948/2948/2687 2439/2439/2259 2428/2428/2248
f 2957/2957/2696 3055/3055/2781 2439/2439/2259
f 3048/3048/2774 3057/3057/2783 3051/3051/2777
f 3057/3057/2783 3048/3048/2774 3052/3052/2778
f 3058/3058/2784 3057/3057/2783 3052/3052/2778
f 3057/3057/2783 3058/3058/2784 3051/3051/2777
f 3058/3058/2784 3059/3059/2785 3051/3051/2777
f 3051/3051/2777 3059/3059/2785 3050/3050/2776
f 3059/3059/2785 3060/3060/2786 3050/3050/2776
f 3060/3060/2786 3054/3054/2780 3050/3050/2776
f 3060/3060/2786 3061/3061/2787 3054/3054/2780
f 3061/3061/2787 3056/3056/2782 3054/3054/2780
f 2439/2439/2259 3056/3056/2782 3062/3062/2788
f 3056/3056/2782 3061/3061/2787 3062/3062/2788
f 2439/2439/2259 3062/3062/2788 2440/2440/2260
f 3052/3052/2778 3039/3039/2686 3063/3063/2789
f 3063/3063/2789 3058/3058/2784 3052/3052/2778
f 3039/3039/2686 3064/3064/2682 3063/3063/2789
f 3065/3065/2790 3060/3060/2786 3059/3059/2785
f 3058/3058/2784 3063/3063/2789 3065/3065/2790
f 3058/3058/2784 3065/3065/2790 3059/3059/2785
f 3066/3066/2791 3063/3063/2789 3064/3064/2682
f 3063/3063/2789 3066/3066/2791 3065/3065/2790
f 3067/3067/2681 3066/3066/2791 3064/3064/2682
f 3060/3060/2786 3065/3065/2790 3068/3068/2792
f 3068/3068/2792 3065/3065/2790 3066/3066/2791
f 3061/3061/2787 3060/3060/2786 3068/3068/2792
f 3069/3069/2793 3068/3068/2792 3066/3066/2791
f 3066/3066/2791 3067/3067/2681 3069/3069/2793
f 3067/3067/2681 3070/3070/2679 3069/3069/2793
f 3069/3069/2793 3071/3071/2794 3068/3068/2792
f 3069/3069/2793 3070/3070/2679 3071/3071/2794
f 3070/3070/2679 3072/3072/2795 3071/3071/2794
f 3073/3073/2796 3062/3062/2788 3061/3061/2787
f 3068/3068/2792 3073/3073/2796 3061/3061/2787
f 3071/3071/2794 3073/3073/2796 3068/3068/2792
f 3074/3074/2797 3071/3071/2794 3072/3072/2795
f 3073/3073/2796 3071/3071/2794 3074/3074/2797
f 3075/3075/2798 3074/3074/2797 3072/3072/2795
f 2440/2440/2260 3062/3062/2788 3076/3076/2799
f 3062/3062/2788 3073/3073/2796 3076/3076/2799
f 3076/3076/2799 3073/3073/2796 3074/3074/2797
f 3077/3077/2800 3074/3074/2797 3075/3075/2798
f 3076/3076/2799 3074/3074/2797 3077/3077/2800
f 3078/3078/2662 3077/3077/2800 3075/3075/2798
f 3077/3077/2800 3078/3078/2662 3079/3079/2660
f 3080/3080/2801 3076/3076/2799 3077/3077/2800
f 2440/2440/2260 3076/3076/2799 3080/3080/2801
f 3080/3080/2801 3077/3077/2800 3081/3081/2802
f 3081/3081/2802 3077/3077/2800 3079/3079/2660
f 2441/2441/2261 2440/2440/2260 3080/3080/2801
f 2429/2429/2249 2428/2428/2248 2441/2441/2261
f 2429/2429/2249 2441/2441/2261 2936/2936/2675
f 2936/2936/2675 3082/3082/2803 2427/2427/2247
f 2936/2936/2675 2441/2441/2261 3082/3082/2803
f 2441/2441/2261 3080/3080/2801 3082/3082/2803
f 3082/3082/2803 3080/3080/2801 3081/3081/2802
f 3082/3082/2803 3083/3083/2804 2427/2427/2247
f 3082/3082/2803 3081/3081/2802 3083/3083/2804
f 3083/3083/2804 2425/2425/2245 2427/2427/2247
f 3083/3083/2804 3084/3084/2805 2425/2425/2245
f 3081/3081/2802 3084/3084/2805 3083/3083/2804
f 3081/3081/2802 3079/3079/2660 3084/3084/2805
f 3079/3079/2660 3085/3085/2242 3084/3084/2805
f 3084/3084/2805 3086/3086/2806 2425/2425/2245
f 3087/3087/2241 3084/3084/2805 3085/3085/2242
f 3084/3084/2805 3087/3087/2241 3086/3086/2806
f 2444/2444/2094 3088/3088/2097 2445/2445/2263
f 3088/3088/2097 2446/2446/2264 2445/2445/2263
f 2446/2446/2264 3088/3088/2097 3089/3089/2543
f 2446/2446/2264 3090/3090/2807 1855/1855/1723
f 3090/3090/2807 2446/2446/2264 3089/3089/2543
f 3089/3089/2543 3091/3091/2544 3090/3090/2807
f 3091/3091/2544 3092/3092/2808 3090/3090/2807
f 3090/3090/2807 3093/3093/2809 1855/1855/1723
f 3092/3092/2808 3093/3093/2809 3090/3090/2807
f 3092/3092/2808 2447/2447/2265 3093/3093/2809
f 3093/3093/2809 1847/1847/1715 1855/1855/1723
f 2447/2447/2265 1847/1847/1715 3093/3093/2809
f 3094/3094/2810 1840/1840/1708 1842/1842/1710
f 3094/3094/2810 2448/2448/2266 1840/1840/1708
f 2448/2448/2266 1843/1843/1711 1840/1840/1708
f 1849/1849/1717 1843/1843/1711 2449/2449/2267
f 1849/1849/1717 2449/2449/2267 3095/3095/2811
f 1850/1850/1718 1849/1849/1717 3095/3095/2811
f 1850/1850/1718 3095/3095/2811 3096/3096/2812
f 1849/1849/1717 1848/1848/1716 1843/1843/1711
f 3097/3097/2813 1850/1850/1718 3096/3096/2812
f 3097/3097/2813 3096/3096/2812 3098/3098/2551
f 3099/3099/2814 3097/3097/2813 3098/3098/2551
f 1858/1858/1726 1848/1848/1716 1850/1850/1718
f 1858/1858/1726 1850/1850/1718 3097/3097/2813
f 3100/3100/2815 1858/1858/1726 3097/3097/2813
f 3097/3097/2813 3099/3099/2814 3100/3100/2815
f 3099/3099/2814 3101/3101/2554 3100/3100/2815
f 1858/1858/1726 3100/3100/2815 2456/2456/2271
f 3100/3100/2815 3101/3101/2554 2456/2456/2271
f 3101/3101/2554 3102/3102/2104 2456/2456/2271
f 2456/2456/2271 3102/3102/2104 2453/2453/2270
f 3102/3102/2104 2454/2454/2103 2453/2453/2270
f 2456/2456/2271 2453/2453/2270 2457/2457/2272
f 3103/3103/2816 891/891/814 895/895/818
f 3103/3103/2816 892/892/815 891/891/814
f 3104/3104/2817 3103/3103/2816 895/895/818
f 3103/3103/2816 898/898/821 892/892/815
f 3103/3103/2816 3104/3104/2817 898/898/821
f 3104/3104/2817 903/903/825 898/898/821
f 918/918/836 919/919/837 921/921/839
f 1964/1964/1816 1963/1963/1815 931/931/849
f 1964/1964/1816 934/934/852 936/936/854
f 981/981/899 980/980/898 979/979/897
f 981/981/899 983/983/901 982/982/900
f 988/988/906 953/953/871 956/956/874
f 985/985/903 982/982/900 989/989/907
f 988/988/906 1001/1001/919 953/953/871
f 2042/2042/1884 1108/1108/1020 1110/1110/1022
f 2042/2042/1884 1110/1110/1022 2040/2040/1882
f 2041/2041/1883 3105/3105/2818 2042/2042/1884
f 2473/2473/2286 3105/3105/2818 2044/2044/1886
f 2041/2041/1883 2044/2044/1886 3105/3105/2818
f 2044/2044/1886 2041/2041/1883 2045/2045/1887
f 1114/1114/1026 3106/3106/2819 2475/2475/2288
f 3106/3106/2819 2046/2046/1888 2475/2475/2288
f 2046/2046/1888 3106/3106/2819 3107/3107/2820
f 2047/2047/1889 2046/2046/1888 3107/3107/2820
f 3107/3107/2820 3108/3108/2821 2047/2047/1889
f 3107/3107/2820 3109/3109/2822 3108/3108/2821
f 2051/2051/1893 2049/2049/1891 2048/2048/1890
f 2047/2047/1889 3108/3108/2821 2052/2052/1894
f 2052/2052/1894 2048/2048/1890 2047/2047/1889
f 2885/2885/2637 2051/2051/1893 2050/2050/1892
f 2052/2052/1894 3110/3110/2823 2050/2050/1892
f 2885/2885/2637 2050/2050/1892 3110/3110/2823
f 3108/3108/2821 3110/3110/2823 2052/2052/1894
f 2886/2886/2638 2885/2885/2637 3110/3110/2823
f 3110/3110/2823 3108/3108/2821 2886/2886/2638
f 2886/2886/2638 3111/3111/2824 2893/2893/2645
f 2886/2886/2638 3108/3108/2821 3111/3111/2824
f 2893/2893/2645 3112/3112/2825 606/606/556
f 2893/2893/2645 3111/3111/2824 3112/3112/2825
f 3111/3111/2824 3113/3113/2826 3112/3112/2825
f 3111/3111/2824 3108/3108/2821 3113/3113/2826
f 3112/3112/2825 2055/2055/1897 606/606/556
f 3112/3112/2825 3113/3113/2826 2055/2055/1897
f 2055/2055/1897 2897/2897/2648 606/606/556
f 3113/3113/2826 3114/3114/2827 2055/2055/1897
f 3108/3108/2821 3109/3109/2822 3114/3114/2827
f 3108/3108/2821 3114/3114/2827 3113/3113/2826
f 2055/2055/1897 2054/2054/1896 2897/2897/2648
f 2054/2054/1896 3115/3115/2828 2897/2897/2648
f 3114/3114/2827 2053/2053/1895 2055/2055/1897
f 3114/3114/2827 2056/2056/1898 2053/2053/1895
f 3114/3114/2827 3109/3109/2822 2056/2056/1898
f 3109/3109/2822 3116/3116/2829 2056/2056/1898
f 2054/2054/1896 2058/2058/1900 3115/3115/2828
f 2054/2054/1896 2053/2053/1895 2058/2058/1900
f 3115/3115/2828 2058/2058/1900 1119/1119/1030
f 3116/3116/2829 2060/2060/1902 2056/2056/1898
f 2060/2060/1902 3116/3116/2829 2061/2061/1903
f 2056/2056/1898 2060/2060/1902 2057/2057/1899
f 2058/2058/1900 2057/2057/1899 2062/2062/1904
f 2058/2058/1900 2062/2062/1904 1119/1119/1030
f 2476/2476/2289 2063/2063/1905 1150/1150/1059
f 3117/3117/2830 2476/2476/2289 1150/1150/1059
f 3117/3117/2830 2588/2588/2387 2066/2066/1908
f 2066/2066/1908 2476/2476/2289 3117/3117/2830
f 2476/2476/2289 2064/2064/1906 2063/2063/1905
f 2070/2070/1912 2067/2067/1909 2588/2588/2387
f 2588/2588/2387 2067/2067/1909 2066/2066/1908
f 2066/2066/1908 2067/2067/1909 2065/2065/1907
f 1155/1155/1064 1153/1153/1062 1152/1152/1061
f 2477/2477/2290 3118/3118/2831 1155/1155/1064
f 2478/2478/2291 3118/3118/2831 2477/2477/2290
f 2477/2477/2290 2064/2064/1906 2478/2478/2291
f 3119/3119/2832 3118/3118/2831 2478/2478/2291
f 2068/2068/1910 3119/3119/2832 2478/2478/2291
f 2478/2478/2291 2065/2065/1907 2068/2068/1910
f 3120/3120/2833 3119/3119/2832 2068/2068/1910
f 3121/3121/2834 3119/3119/2832 3120/3120/2833
f 2068/2068/1910 2071/2071/1913 3120/3120/2833
f 2070/2070/1912 2073/2073/1915 2072/2072/1914
f 2073/2073/1915 2593/2593/2392 2074/2074/1916
f 3120/3120/2833 2074/2074/1916 2593/2593/2392
f 2071/2071/1913 2074/2074/1916 3120/3120/2833
f 3120/3120/2833 2593/2593/2392 3122/3122/2835
f 2597/2597/2396 3122/3122/2835 2593/2593/2392
f 2597/2597/2396 181/181/156 3123/3123/2836
f 2597/2597/2396 3123/3123/2836 3122/3122/2835
f 3123/3123/2836 3124/3124/2837 3122/3122/2835
f 3122/3122/2835 3124/3124/2837 3120/3120/2833
f 181/181/156 2077/2077/1919 3123/3123/2836
f 3124/3124/2837 3123/3123/2836 2077/2077/1919
f 2600/2600/2398 2077/2077/1919 181/181/156
f 2076/2076/1918 3124/3124/2837 2077/2077/1919
f 3121/3121/2834 3120/3120/2833 2076/2076/1918
f 3124/3124/2837 2076/2076/1918 3120/3120/2833
f 3125/3125/2838 2077/2077/1919 2600/2600/2398
f 3126/3126/2839 3125/3125/2838 2600/2600/2398
f 3125/3125/2838 2075/2075/1917 2077/2077/1919
f 2079/2079/1921 2076/2076/1918 2075/2075/1917
f 3121/3121/2834 2076/2076/1918 2079/2079/1921
f 3127/3127/2840 3121/3121/2834 2079/2079/1921
f 3125/3125/2838 2080/2080/1922 2075/2075/1917
f 2080/2080/1922 3125/3125/2838 3126/3126/2839
f 2080/2080/1922 3126/3126/2839 1160/1160/1068
f 2479/2479/2292 3127/3127/2840 2079/2079/1921
f 3127/3127/2840 2479/2479/2292 1164/1164/1072
f 2080/2080/1922 2078/2078/1920 2075/2075/1917
f 2479/2479/2292 2078/2078/1920 2081/2081/1923
f 2479/2479/2292 2081/2081/1923 1164/1164/1072
