# Blender v2.76 (sub 0) OBJ File: ''
# www.blender.org
mtllib Eve.mtl
o atomeve
v 0.164612 0.671377 -0.026218
v 0.162868 0.738910 -0.028912
v 0.181942 0.738937 0.014400
v 0.166295 0.607714 -0.021700
v 0.125704 0.662857 -0.043374
v 0.137108 0.605597 -0.038471
v 0.177056 0.607287 0.013179
v 0.174228 0.558211 -0.020273
v 0.139557 0.403891 -0.005876
v 0.128913 0.451264 -0.001737
v 0.122988 0.387384 -0.034115
v 0.167582 0.426405 0.016408
v 0.161004 0.450267 0.019819
v 0.217233 0.418856 -0.042401
v 0.201041 0.437156 -0.068458
v 0.197104 0.474754 -0.028227
v 0.187274 0.458407 0.007231
v 0.172940 0.406964 0.013629
v 0.137916 0.328666 -0.041584
v 0.126870 0.359417 -0.050796
v 0.143850 0.345535 -0.080414
v 0.171689 0.402205 -0.092084
v 0.213853 0.396693 -0.077513
v 0.178865 0.367104 -0.092254
v 0.132703 0.380387 -0.080636
v 0.203465 0.416949 -0.001018
v 0.211272 0.387999 -0.004653
v 0.190544 0.268607 -0.066869
v 0.216709 0.362348 -0.070824
v 0.226426 0.353210 -0.043452
v 0.221079 0.345715 -0.011448
v 0.186378 0.338426 0.009606
v 0.199218 0.269408 0.007284
v 0.146187 0.369715 -0.006778
v 0.157401 0.330704 -0.003347
v 0.137916 0.328666 -0.041584
v 0.172007 0.262549 -0.008074
v 0.191067 0.001774 -0.049569
v 0.186148 0.034162 -0.053793
v 0.202958 0.002083 -0.061462
v 0.223106 0.002380 -0.055439
v 0.200729 0.036105 -0.068065
v 0.223626 0.034506 -0.063924
v 0.223305 0.054735 -0.061144
v 0.238362 0.003382 -0.031939
v 0.242080 0.030552 -0.033276
v 0.240066 0.070298 -0.029029
v 0.258891 0.021067 0.000410
v 0.262119 0.047747 0.011318
v 0.279041 0.027781 0.049326
v 0.254273 0.001722 -0.001908
v 0.281411 0.006599 0.045730
v 0.283883 0.005488 0.081363
v 0.284385 -0.000520 0.080875
v 0.280215 -0.000771 0.045800
v 0.278479 0.006824 0.124908
v 0.277077 0.001919 0.125363
v 0.266746 0.002607 0.133714
v 0.282410 0.021859 0.083463
v 0.267776 0.008008 0.133742
v 0.252803 0.003059 0.134025
v 0.275921 0.021482 0.125522
v 0.267168 0.024006 0.130815
v 0.255803 0.036521 0.096809
v 0.253871 0.008116 0.134679
v 0.227214 0.006158 0.105675
v 0.227509 -0.000428 0.106221
v 0.257033 0.023280 0.132161
v 0.228759 0.025811 0.104264
v 0.215668 0.029089 0.083018
v 0.211134 0.006406 0.073053
v 0.200997 0.023175 0.013424
v 0.201244 0.037856 0.016994
v 0.189240 0.048876 -0.022558
v 0.206238 0.001220 0.009543
v 0.211363 -0.001485 0.074088
v 0.196331 0.001413 -0.023962
v 0.191818 0.031459 -0.022564
v 0.191067 0.001774 -0.049569
v 0.026996 1.297384 0.123362
v 0.000000 1.290683 0.126411
v 0.000000 1.281862 0.130308
v 0.046760 1.314953 0.110509
v 0.045915 1.281304 0.133662
v 0.080181 1.280882 0.130838
v 0.109072 1.266730 0.032473
v 0.114026 1.287625 0.058650
v 0.114850 1.261296 0.080850
v 0.109923 1.257013 0.012627
v 0.104920 1.238888 0.049128
v 0.114468 1.284436 0.000530
v 0.103356 1.209212 -0.004375
v 0.104551 1.221744 0.025638
v 0.093263 1.182965 0.047666
v 0.112712 1.241325 -0.012616
v 0.091542 1.201857 -0.029007
v 0.105466 1.237212 -0.036779
v 0.093431 1.177778 0.005512
v 0.065630 1.208167 -0.052720
v 0.037592 1.324324 -0.084051
v 0.087230 1.324548 -0.078652
v 0.042004 1.283710 -0.082748
v 0.025897 1.151635 -0.035656
v 0.048876 1.148650 -0.027554
v 0.024884 1.119546 -0.026737
v 0.000000 1.153014 -0.036709
v 0.029914 1.180563 -0.046597
v 0.056839 1.177321 -0.039506
v 0.000000 1.282862 -0.084482
v 0.000000 1.323139 -0.086515
v 0.000000 1.441468 -0.048192
v 0.019101 1.444746 -0.046380
v 0.033983 1.417020 -0.056571
v 0.000000 1.469828 -0.039203
v 0.000000 1.312693 0.107982
v 0.025473 1.314417 0.108465
v 0.025225 1.333504 0.089834
v 0.046760 1.314953 0.110509
v 0.026996 1.297384 0.123362
v 0.000000 1.290683 0.126411
v 0.223106 0.002380 -0.055439
v 0.191067 0.001774 -0.049569
v 0.202958 0.002083 -0.061462
v 0.196331 0.001413 -0.023962
v 0.238362 0.003382 -0.031939
v 0.254273 0.001722 -0.001908
v 0.284385 -0.000520 0.080875
v 0.277077 0.001919 0.125363
v 0.227509 -0.000428 0.106221
v 0.252803 0.003059 0.134025
v 0.266746 0.002607 0.133714
v 0.009704 1.471500 0.088910
v 0.000000 1.470271 0.091790
v 0.000000 1.458898 0.085216
v 0.007901 1.481989 0.091862
v 0.000000 1.480508 0.092297
v 0.000000 1.485860 0.100914
v 0.015079 1.484835 0.088311
v 0.018012 1.475374 0.082889
v 0.025387 1.486461 0.081114
v 0.007624 1.486914 0.099712
v 0.014010 1.489746 0.095102
v 0.007412 1.491671 0.099549
v 0.000000 1.491027 0.100749
v 0.000000 1.495163 0.098098
v 0.012729 1.492516 0.096335
v 0.021001 1.490583 0.086629
v 0.005379 1.495699 0.097093
v 0.019586 1.493171 0.087646
v 0.023001 1.493465 0.086780
v 0.006315 1.502966 0.103748
v 0.000000 1.502680 0.104804
v 0.000000 1.507133 0.102493
v 0.012857 1.494783 0.094335
v 0.015712 1.498891 0.095613
v 0.005126 1.508148 0.100892
v 0.000000 1.512260 0.101612
v 0.021454 1.495784 0.088586
v 0.017603 1.507025 0.092869
v 0.011436 1.514630 0.095791
v 0.004705 1.512867 0.100515
v 0.000000 1.514813 0.104217
v 0.026432 1.501577 0.087195
v 0.004114 1.516758 0.102787
v 0.029262 1.495345 0.082863
v 0.022603 1.515578 0.091249
v 0.033085 1.507907 0.085038
v 0.006003 1.518890 0.109710
v 0.000000 1.518174 0.112009
v 0.000000 1.522869 0.115170
v 0.005874 1.524081 0.113096
v 0.000000 1.530118 0.111278
v 0.060238 1.555722 0.019595
v 0.062184 1.553083 0.018623
v 0.068906 1.559937 0.008433
v 0.060375 1.545236 0.021984
v 0.059796 1.562381 0.033210
v 0.057644 1.564520 0.051608
v 0.057429 1.550086 0.056234
v 0.056847 1.593109 0.052422
v 0.054787 1.582016 0.064277
v 0.054990 1.560583 0.062682
v 0.048776 1.603120 0.073100
v 0.049494 1.616332 0.062750
v 0.035163 1.621950 0.074977
v 0.034554 1.605012 0.086090
v 0.017787 1.623779 0.082772
v 0.048107 1.588921 0.079927
v 0.017506 1.605187 0.093295
v 0.000000 1.624232 0.085009
v 0.000000 1.604113 0.095793
v 0.033919 1.588571 0.092488
v 0.016506 1.581212 0.098975
v 0.000000 1.583403 0.100129
v 0.046896 1.576477 0.084796
v 0.053342 1.570025 0.073508
v 0.000000 1.571277 0.100046
v 0.006777 1.571776 0.099890
v 0.011889 1.522430 0.103022
v 0.009701 1.528099 0.099680
v 0.013362 1.521077 0.094475
v 0.010753 1.535087 0.097000
v 0.010298 1.518379 0.104240
v 0.013824 1.519745 0.097981
v 0.012412 1.516095 0.098144
v 0.018165 1.531754 0.092390
v -0.164612 0.671377 -0.026218
v -0.162868 0.738910 -0.028912
v -0.115088 0.729691 -0.049162
v -0.179591 0.670184 0.013507
v -0.181942 0.738937 0.014400
v -0.166295 0.607714 -0.021700
v -0.125704 0.662857 -0.043374
v -0.177056 0.607287 0.013179
v -0.137108 0.605597 -0.038471
v -0.144187 0.553967 -0.040297
v -0.098841 0.591585 -0.039248
v -0.217233 0.418856 -0.042401
v -0.203465 0.416949 -0.001018
v -0.187274 0.458407 0.007231
v -0.201042 0.437156 -0.068458
v -0.213853 0.396693 -0.077513
v -0.171689 0.402205 -0.092084
v -0.178865 0.367104 -0.092254
v -0.132703 0.380387 -0.080636
v -0.143851 0.345535 -0.080414
v -0.139557 0.403891 -0.005876
v -0.146187 0.369715 -0.006778
v -0.122988 0.387384 -0.034115
v -0.172941 0.406964 0.013629
v -0.190544 0.268607 -0.066869
v -0.226426 0.353210 -0.043452
v -0.211272 0.387999 -0.004653
v -0.216709 0.362348 -0.070824
v -0.186378 0.338426 0.009606
v -0.137916 0.328666 -0.041584
v -0.126870 0.359417 -0.050796
v -0.221079 0.345715 -0.011447
v -0.157401 0.330704 -0.003347
v -0.199218 0.269408 0.007284
v -0.172007 0.262549 -0.008074
v -0.166343 0.265882 -0.049466
v -0.191067 0.001774 -0.049569
v -0.186148 0.034162 -0.053793
v -0.191818 0.031459 -0.022564
v -0.196331 0.001413 -0.023962
v -0.200997 0.023175 0.013424
v -0.189240 0.048876 -0.022558
v -0.206238 0.001220 0.009543
v -0.201244 0.037856 0.016994
v -0.211134 0.006406 0.073053
v -0.227214 0.006158 0.105675
v -0.215668 0.029089 0.083018
v -0.227509 -0.000428 0.106221
v -0.252803 0.003059 0.134025
v -0.253871 0.008116 0.134679
v -0.267776 0.008008 0.133742
v -0.266746 0.002607 0.133714
v -0.278479 0.006824 0.124908
v -0.277077 0.001919 0.125363
v -0.284385 -0.000520 0.080875
v -0.283883 0.005488 0.081363
v -0.280215 -0.000771 0.045800
v -0.281411 0.006599 0.045730
v -0.282410 0.021859 0.083464
v -0.279041 0.027781 0.049326
v -0.275921 0.021482 0.125522
v -0.267168 0.024006 0.130815
v -0.257033 0.023280 0.132161
v -0.255803 0.036521 0.096809
v -0.228759 0.025811 0.104264
v -0.249643 0.045558 0.076742
v -0.258891 0.021067 0.000410
v -0.262119 0.047747 0.011318
v -0.242080 0.030552 -0.033276
v -0.238362 0.003382 -0.031939
v -0.254273 0.001722 -0.001908
v -0.223626 0.034506 -0.063924
v -0.223106 0.002380 -0.055439
v -0.240066 0.070298 -0.029029
v -0.223305 0.054734 -0.061143
v -0.200729 0.036105 -0.068065
v -0.202958 0.002083 -0.061462
v -0.026996 1.297384 0.123362
v -0.045915 1.281304 0.133662
v 0.000000 1.281862 0.130308
v 0.000000 1.290683 0.126411
v -0.046760 1.314953 0.110509
v -0.052233 1.334537 0.088038
v -0.081283 1.313028 0.105762
v -0.109072 1.266730 0.032473
v -0.114026 1.287625 0.058650
v -0.110459 1.297563 0.016845
v -0.114468 1.284436 0.000530
v -0.109923 1.257013 0.012627
v -0.104920 1.238888 0.049128
v -0.104551 1.221744 0.025638
v -0.103356 1.209212 -0.004375
v -0.112712 1.241325 -0.012616
v -0.091542 1.201857 -0.029007
v -0.105466 1.237212 -0.036779
v -0.065630 1.208167 -0.052720
v -0.037592 1.324324 -0.084051
v -0.042004 1.283710 -0.082748
v -0.087230 1.324548 -0.078652
v -0.078115 1.367867 -0.070227
v -0.056839 1.177321 -0.039506
v -0.025897 1.151635 -0.035656
v -0.048876 1.148650 -0.027554
v 0.000000 1.153014 -0.036709
v -0.024884 1.119546 -0.026737
v 0.000000 1.117861 -0.027383
v -0.029914 1.180563 -0.046597
v 0.000000 1.323139 -0.086515
v 0.000000 1.282862 -0.084482
v -0.030997 1.370324 -0.075755
v 0.000000 1.441468 -0.048192
v 0.000000 1.414448 -0.059582
v -0.033983 1.417020 -0.056571
v -0.019101 1.444746 -0.046380
v -0.038565 1.442485 -0.031970
v 0.000000 1.469828 -0.039203
v -0.018346 1.468363 -0.038045
v -0.046760 1.314953 0.110509
v -0.025473 1.314417 0.108465
v -0.025225 1.333504 0.089834
v -0.026996 1.297384 0.123362
v 0.000000 1.312693 0.107982
v 0.000000 1.290683 0.126411
v -0.191067 0.001774 -0.049569
v -0.223106 0.002380 -0.055439
v -0.202958 0.002083 -0.061462
v -0.196331 0.001413 -0.023962
v -0.238362 0.003382 -0.031939
v -0.254273 0.001722 -0.001908
v -0.206238 0.001220 0.009543
v -0.211363 -0.001485 0.074088
v -0.280215 -0.000771 0.045800
v -0.227509 -0.000428 0.106221
v -0.284385 -0.000520 0.080875
v -0.277077 0.001919 0.125363
v -0.252803 0.003059 0.134025
v -0.266746 0.002607 0.133714
v -0.009704 1.471500 0.088910
v -0.009994 1.460364 0.083138
v 0.000000 1.458898 0.085216
v 0.000000 1.470271 0.091790
v -0.018012 1.475374 0.082889
v -0.007901 1.481989 0.091862
v 0.000000 1.480508 0.092297
v 0.000000 1.485860 0.100914
v -0.015079 1.484835 0.088311
v -0.007624 1.486914 0.099712
v -0.014010 1.489746 0.095102
v -0.007412 1.491671 0.099549
v 0.000000 1.491027 0.100749
v 0.000000 1.495163 0.098098
v -0.012729 1.492516 0.096335
v -0.021001 1.490583 0.086629
v -0.025387 1.486461 0.081114
v -0.005379 1.495699 0.097093
v -0.019586 1.493171 0.087646
v -0.023001 1.493465 0.086780
v -0.006315 1.502966 0.103748
v 0.000000 1.502680 0.104804
v 0.000000 1.507133 0.102493
v -0.012857 1.494783 0.094335
v -0.015712 1.498891 0.095613
v -0.005126 1.508148 0.100892
v 0.000000 1.512260 0.101612
v -0.021454 1.495784 0.088586
v -0.017603 1.507025 0.092869
v -0.011436 1.514630 0.095791
v -0.004705 1.512867 0.100515
v 0.000000 1.514813 0.104217
v -0.026432 1.501577 0.087195
v -0.004114 1.516758 0.102787
v -0.029262 1.495345 0.082863
v -0.022603 1.515578 0.091249
v -0.033085 1.507907 0.085038
v -0.006003 1.518890 0.109710
v 0.000000 1.518174 0.112009
v 0.000000 1.522869 0.115170
v -0.005874 1.524081 0.113096
v 0.000000 1.530118 0.111278
v -0.060238 1.555722 0.019595
v -0.062564 1.561490 0.009360
v -0.068906 1.559937 0.008433
v -0.059796 1.562381 0.033210
v -0.060375 1.545236 0.021984
v -0.058701 1.541894 0.040750
v -0.057429 1.550086 0.056234
v -0.057644 1.564520 0.051608
v -0.048776 1.603120 0.073100
v -0.056847 1.593109 0.052422
v -0.054787 1.582016 0.064277
v -0.035163 1.621950 0.074977
v -0.049494 1.616332 0.062750
v -0.034554 1.605012 0.086090
v -0.017787 1.623779 0.082772
v -0.048107 1.588921 0.079927
v -0.017506 1.605187 0.093295
v 0.000000 1.624232 0.085009
v 0.000000 1.604113 0.095793
v -0.033919 1.588571 0.092488
v -0.016506 1.581212 0.098975
v -0.053342 1.570025 0.073508
v -0.046896 1.576477 0.084796
v 0.000000 1.583403 0.100129
v -0.006777 1.571776 0.099890
v 0.000000 1.571277 0.100046
v -0.006513 1.561851 0.097122
v -0.004353 1.529954 0.109456
v -0.009701 1.528099 0.099680
v -0.011889 1.522430 0.103022
v -0.013362 1.521077 0.094475
v -0.010753 1.535087 0.097000
v -0.010298 1.518379 0.104240
v -0.013824 1.519745 0.097981
v -0.012412 1.516095 0.098144
v -0.032226 1.618878 0.069241
v -0.000506 1.611521 0.085424
v -0.001285 1.615741 0.091311
v -0.026002 1.626060 0.103707
v -0.039452 1.611558 0.104854
v -0.046171 1.589137 0.101049
v -0.043481 1.596762 0.069750
v -0.055119 1.242454 -0.138521
v -0.032597 1.251356 -0.129409
v -0.040460 1.289116 -0.120412
v -0.038900 1.211356 -0.142393
v -0.000105 1.254064 -0.127516
v -0.000096 1.291953 -0.118411
v -0.024584 1.211226 -0.139195
v -0.024912 1.189858 -0.141077
v -0.019747 1.197778 -0.140378
v -0.017218 1.195180 -0.144171
v -0.019460 1.209112 -0.135879
v -0.002086 1.169212 -0.138527
v 0.000608 1.215384 -0.134993
v 0.001442 1.176290 -0.141863
v 0.005035 1.168445 -0.140353
v 0.023058 1.207791 -0.137594
v 0.033598 1.248331 -0.130385
v 0.042744 1.287825 -0.119741
v 0.038715 1.247888 -0.135740
v 0.031222 1.215520 -0.144536
v 0.046865 1.245697 -0.130739
v 0.070535 1.282068 -0.125637
v 0.077702 1.317436 -0.124389
v 0.066183 1.325069 -0.106959
v 0.059248 1.242567 -0.136158
v 0.091965 1.240655 -0.119699
v 0.102506 1.265420 -0.113363
v 0.092667 1.269037 -0.125162
v 0.044417 1.212837 -0.138551
v 0.038886 1.213108 -0.135811
v 0.033299 1.194965 -0.138075
v 0.060784 1.570527 0.062852
v 0.063832 1.549949 0.055644
v 0.053644 1.561559 0.084550
v 0.042387 1.580953 0.108025
v 0.051208 1.589170 0.072875
v 0.033913 1.601893 0.117505
v 0.049743 1.583920 0.058676
v 0.053942 1.550040 0.029014
v 0.043830 1.605434 0.079707
v 0.036615 1.605290 0.074069
v 0.024318 1.627802 0.104363
v 0.025995 1.635261 0.115616
v 0.011297 1.627007 0.103538
v 0.029455 1.619423 0.082026
v 0.021538 1.615809 0.075483
v 0.013700 1.621876 0.097845
v -0.001285 1.615741 0.091311
v -0.000506 1.611521 0.085424
v 0.053942 1.550040 0.029014
v 0.056483 1.543110 0.005016
v 0.063013 1.547993 0.027771
v 0.066127 1.567211 0.060408
v 0.060784 1.570527 0.062852
v 0.063832 1.549949 0.055644
v 0.063670 1.560229 0.009779
v 0.069374 1.569294 0.057581
v 0.070342 1.597980 0.018082
v 0.065130 1.598673 0.077116
v 0.070979 1.567949 0.068545
v 0.065845 1.563921 0.081976
v 0.053644 1.561559 0.084550
v 0.042387 1.580953 0.108025
v 0.058077 1.588897 0.103594
v 0.033913 1.601893 0.117505
v 0.049941 1.610156 0.111589
v 0.037956 1.628662 0.113323
v 0.056615 1.617965 0.081387
v 0.025995 1.635261 0.115616
v 0.042207 1.636816 0.086624
v 0.024813 1.645725 0.087049
v 0.046914 1.648455 0.046358
v 0.010977 1.636683 0.093990
v 0.011297 1.627007 0.103538
v -0.000437 1.621219 0.091638
v -0.001285 1.615741 0.091311
v 0.001419 1.638812 0.075328
v 0.026559 1.660637 0.052132
v -0.001067 1.652653 0.051479
v 0.024299 1.666386 0.023020
v -0.000521 1.666667 0.021509
v 0.039271 1.657650 0.008735
v 0.017324 1.669325 -0.002355
v 0.000225 1.671178 -0.011327
v 0.029360 1.660357 -0.023763
v 0.000853 1.663436 -0.038506
v -0.012412 1.670948 -0.002891
v -0.000521 1.666667 0.021509
v -0.022687 1.667223 0.019487
v -0.026060 1.662116 -0.024065
v -0.001067 1.652653 0.051479
v -0.042211 1.654580 0.007999
v -0.038053 1.636877 -0.052680
v -0.027604 1.660897 0.050552
v 0.001419 1.638812 0.075328
v -0.049437 1.646031 0.042794
v -0.060795 1.627618 -0.013799
v -0.029741 1.649471 0.079936
v -0.027337 1.636935 0.104358
v -0.000437 1.621219 0.091638
v -0.001285 1.615741 0.091311
v -0.026002 1.626060 0.103707
v -0.039452 1.611558 0.104854
v -0.050930 1.635190 0.075737
v -0.069926 1.615369 0.031007
v -0.044940 1.617364 0.103398
v -0.067577 1.602588 0.070127
v -0.055055 1.591774 0.099488
v -0.046171 1.589137 0.101049
v -0.061261 1.545704 0.087116
v -0.075172 1.565660 0.060209
v -0.079720 1.580493 0.021824
v -0.069215 1.550925 0.082151
v -0.085521 1.527561 0.052603
v -0.083058 1.533142 0.041386
v 0.108513 1.264070 -0.120811
v 0.119285 1.303595 -0.112022
v 0.102506 1.265420 -0.113363
v 0.091965 1.240655 -0.119699
v 0.106592 1.265023 -0.126627
v 0.116555 1.306886 -0.125999
v 0.100725 1.266739 -0.130352
v 0.105701 1.306791 -0.134388
v 0.092667 1.269037 -0.125162
v 0.090388 1.307048 -0.125998
v 0.079671 1.282175 -0.152248
v 0.087959 1.320968 -0.143045
v 0.070535 1.282068 -0.125637
v 0.063304 1.241437 -0.151205
v 0.059248 1.242567 -0.136158
v 0.044417 1.212837 -0.138551
v 0.046110 1.247920 -0.161171
v 0.050270 1.290053 -0.166643
v 0.045988 1.211619 -0.145046
v 0.033299 1.194965 -0.138075
v 0.038026 1.213366 -0.150811
v 0.031222 1.215520 -0.144536
v 0.040450 1.250144 -0.160379
v 0.046120 1.291090 -0.165629
v 0.023541 1.205945 -0.154134
v 0.023058 1.207791 -0.137594
v 0.005035 1.168445 -0.140353
v 0.026949 1.253825 -0.177686
v 0.032481 1.295607 -0.180273
v 0.013623 1.204877 -0.163450
v 0.001442 1.176290 -0.141863
v 0.005685 1.208117 -0.162519
v 0.000080 1.255275 -0.179660
v -0.000856 1.209107 -0.163708
v -0.002086 1.169212 -0.138527
v -0.013428 1.209610 -0.161154
v -0.017218 1.195180 -0.144171
v -0.027534 1.252032 -0.171552
v -0.036517 1.292223 -0.178964
v -0.024307 1.219188 -0.157195
v -0.038353 1.211672 -0.151941
v -0.024912 1.189858 -0.141077
v -0.038900 1.211356 -0.142393
v -0.055119 1.242454 -0.138521
v -0.054829 1.243209 -0.155949
v -0.072792 1.287902 -0.153176
v -0.070579 1.286211 -0.128327
v 0.000000 1.354810 -0.086758
v 0.000000 1.375449 -0.076312
v 0.041313 1.377189 -0.073311
v 0.044315 1.357061 -0.083439
v 0.052659 1.296506 -0.093210
v 0.000000 1.295970 -0.100924
v 0.082434 1.382268 -0.065358
v 0.000000 1.224213 -0.121757
v 0.087946 1.365502 -0.078110
v 0.122279 1.389448 -0.051986
v 0.129934 1.375104 -0.064269
v 0.149901 1.310466 -0.078882
v 0.102505 1.303932 -0.094929
v 0.171110 1.229685 -0.093479
v 0.118048 1.228276 -0.114892
v 0.191428 1.155664 -0.101011
v 0.062213 1.222844 -0.108010
v 0.000000 1.148557 -0.145292
v 0.070373 1.146810 -0.125296
v 0.000000 1.078185 -0.167346
v 0.132351 1.152912 -0.134871
v 0.209450 1.079860 -0.104031
v 0.075068 1.073714 -0.141706
v 0.000000 1.010057 -0.187101
v 0.075619 1.000358 -0.153775
v 0.145866 1.080624 -0.152588
v 0.222100 0.999904 -0.104410
v 0.159903 1.009830 -0.166589
v 0.000000 1.375449 -0.076312
v 0.000000 1.354586 -0.085903
v 0.041313 1.377189 -0.073311
v 0.044315 1.356837 -0.082583
v 0.052659 1.296281 -0.092355
v 0.000000 1.295746 -0.100069
v 0.082434 1.382268 -0.065358
v 0.000000 1.223989 -0.120902
v 0.087946 1.365278 -0.077255
v 0.122279 1.389448 -0.051986
v 0.129934 1.375104 -0.064269
v 0.149901 1.310466 -0.078882
v 0.102505 1.303708 -0.094073
v 0.171110 1.229685 -0.093479
v 0.118048 1.228052 -0.114037
v 0.191428 1.155664 -0.101011
v 0.062213 1.222620 -0.107155
v 0.000000 1.148333 -0.144437
v 0.070373 1.146586 -0.124441
v 0.000000 1.077961 -0.166491
v 0.132351 1.152688 -0.134016
v 0.209450 1.079860 -0.104031
v 0.075068 1.073489 -0.140850
v 0.000000 1.010057 -0.187101
v 0.075619 1.000358 -0.153775
v 0.145866 1.080400 -0.151733
v 0.222100 0.999904 -0.104410
v 0.159903 1.009830 -0.166589
v 0.000000 1.375449 -0.076312
v 0.000000 1.354810 -0.086758
v -0.041313 1.377189 -0.073311
v -0.044315 1.357061 -0.083439
v -0.052659 1.296506 -0.093210
v 0.000000 1.295970 -0.100924
v -0.082434 1.382268 -0.065358
v 0.000000 1.224213 -0.121757
v -0.087946 1.365502 -0.078110
v -0.122279 1.389448 -0.051986
v -0.129934 1.375104 -0.064269
v -0.149901 1.310466 -0.078882
v -0.102505 1.303932 -0.094929
v -0.171110 1.229685 -0.093479
v -0.118048 1.228276 -0.114892
v -0.191428 1.155664 -0.101011
v -0.062213 1.222844 -0.108010
v 0.000000 1.148557 -0.145292
v -0.070373 1.146810 -0.125296
v 0.000000 1.078185 -0.167346
v -0.132351 1.152912 -0.134871
v -0.209450 1.079860 -0.104031
v -0.075068 1.073714 -0.141706
v 0.000000 1.010057 -0.187101
v -0.075619 1.000358 -0.153775
v -0.145866 1.080624 -0.152588
v -0.222100 0.999904 -0.104410
v -0.159903 1.009830 -0.166589
v 0.000000 1.354586 -0.085903
v 0.000000 1.375449 -0.076312
v -0.041313 1.377189 -0.073311
v -0.044315 1.356837 -0.082583
v -0.052659 1.296281 -0.092355
v 0.000000 1.295746 -0.100069
v -0.082434 1.382268 -0.065358
v 0.000000 1.223989 -0.120902
v -0.087946 1.365278 -0.077255
v -0.122279 1.389448 -0.051986
v -0.129934 1.375104 -0.064269
v -0.149901 1.310466 -0.078882
v -0.102505 1.303708 -0.094073
v -0.171110 1.229685 -0.093479
v -0.118048 1.228052 -0.114037
v -0.191428 1.155664 -0.101011
v -0.062213 1.222620 -0.107155
v 0.000000 1.148333 -0.144437
v -0.070373 1.146586 -0.124441
v 0.000000 1.077961 -0.166491
v -0.132351 1.152688 -0.134016
v -0.209450 1.079860 -0.104031
v -0.075068 1.073489 -0.140850
v 0.000000 1.010057 -0.187101
v -0.075619 1.000358 -0.153775
v -0.145866 1.080400 -0.151733
v -0.222100 0.999904 -0.104410
v -0.159903 1.009830 -0.166589
v -0.040021 1.559723 0.089586
v -0.039125 1.561523 0.087587
v -0.047823 1.559295 0.085226
v -0.031083 1.560235 0.090683
v -0.031209 1.561589 0.089295
v -0.039178 1.557673 0.087716
v -0.043210 1.555440 0.084026
v -0.039874 1.559052 0.084573
v -0.031120 1.559078 0.089548
v -0.040021 1.559723 0.089586
v -0.031083 1.560235 0.090683
v -0.031487 1.560477 0.088167
v -0.023247 1.559036 0.086867
v 0.040021 1.559723 0.089586
v 0.039125 1.561523 0.087587
v 0.031209 1.561589 0.089295
v 0.031083 1.560235 0.090683
v 0.039178 1.557673 0.087716
v 0.043210 1.555440 0.084026
v 0.040021 1.559723 0.089586
v 0.031120 1.559078 0.089548
v 0.039874 1.559052 0.084573
v 0.031083 1.560235 0.090683
v 0.031487 1.560477 0.088167
v 0.023247 1.559036 0.086867
v -0.443728 1.039164 0.103940
v -0.460180 1.051840 0.103736
v -0.441833 1.067678 0.089449
v -0.449734 1.028054 0.104149
v -0.465867 1.039482 0.105396
v -0.463072 1.049128 0.131384
v -0.457914 1.057450 0.128359
v -0.438854 1.078542 0.108850
v -0.484641 1.021502 0.122309
v -0.483027 1.018946 0.112251
v -0.498858 0.991111 0.117663
v -0.496635 1.003756 0.118066
v -0.482678 0.996097 0.113318
v -0.437636 1.058735 0.143207
v -0.420881 1.076428 0.127275
v -0.504165 0.994098 0.121540
v -0.482832 1.021205 0.137448
v -0.475673 1.020834 0.154044
v -0.516487 0.979086 0.122566
v -0.510322 0.977905 0.119991
v -0.518962 0.963489 0.121487
v -0.526630 0.946772 0.125510
v -0.528624 0.950211 0.125579
v -0.523254 0.965867 0.123526
v -0.526288 0.946709 0.131438
v -0.528502 0.949978 0.131147
v -0.522898 0.966119 0.130703
v -0.518303 0.963763 0.133410
v -0.516041 0.979299 0.130342
v -0.509275 0.977219 0.133435
v -0.513119 0.983660 0.130111
v -0.499466 0.986994 0.133065
v -0.504046 0.994282 0.129192
v -0.496843 0.988600 0.134554
v -0.501546 0.992867 0.141571
v -0.498465 0.986090 0.135994
v -0.499075 0.993061 0.149695
v -0.497333 1.003077 0.143927
v -0.512709 0.978564 0.146577
v -0.509443 0.972118 0.142206
v -0.514732 0.973886 0.147906
v -0.526954 0.935901 0.152442
v -0.528340 0.939283 0.154069
v -0.522258 0.957977 0.150689
v -0.523661 0.935830 0.158975
v -0.526205 0.939716 0.159243
v -0.519887 0.958251 0.157883
v -0.513582 0.955695 0.158991
v -0.509858 0.979050 0.154499
v -0.505057 0.972284 0.157175
v -0.468211 1.000138 0.182639
v -0.457178 1.019040 0.170246
v -0.474300 1.002634 0.179579
v -0.501286 0.931888 0.197997
v -0.502076 0.935155 0.200523
v -0.497757 0.955962 0.196083
v -0.496320 0.932173 0.203860
v -0.498004 0.935261 0.204356
v -0.421788 1.032639 0.132615
v -0.429450 1.036890 0.120092
v -0.424448 1.048457 0.137996
v -0.423652 1.042520 0.145150
v -0.411778 0.961478 0.180037
v -0.413237 0.976036 0.178117
v -0.413216 0.974861 0.184478
v -0.412160 0.962024 0.184532
v -0.426655 0.973117 0.188274
v -0.413617 0.948775 0.184638
v -0.429355 0.959118 0.183028
v -0.426922 0.960531 0.188412
v -0.429607 0.974067 0.183859
v -0.424402 0.948492 0.187165
v -0.414156 0.950836 0.188277
v -0.422806 0.949842 0.190544
v -0.413617 0.948775 0.184638
v -0.415139 0.948391 0.181903
v -0.411778 0.961478 0.180037
v -0.424402 0.948492 0.187165
v -0.423282 0.947909 0.183798
v -0.429355 0.959118 0.183028
v -0.414792 0.963233 0.174085
v -0.429318 0.963102 0.178047
v -0.421788 1.032639 0.132615
v -0.416358 1.013956 0.151696
v -0.426690 1.003383 0.144740
v -0.435101 1.022641 0.123719
v -0.429450 1.036890 0.120092
v -0.443728 1.039164 0.103940
v -0.492119 0.987511 0.119999
v -0.482678 0.996097 0.113318
v -0.471867 0.991499 0.130764
v -0.504809 0.975239 0.122302
v -0.498858 0.991111 0.117663
v -0.523386 0.947649 0.125514
v -0.526630 0.946772 0.125510
v -0.518962 0.963489 0.121487
v -0.522715 0.947409 0.130797
v -0.526288 0.946709 0.131438
v -0.514226 0.960924 0.130904
v -0.504718 0.974938 0.130471
v -0.509275 0.977219 0.133435
v -0.518303 0.963763 0.133410
v -0.499466 0.986994 0.133065
v -0.492536 0.984873 0.130482
v -0.491106 0.982055 0.137257
v -0.484073 0.985564 0.131537
v -0.498465 0.986090 0.135994
v -0.496843 0.988600 0.134554
v -0.487591 0.981002 0.146052
v -0.504598 0.968167 0.143743
v -0.522709 0.936481 0.151436
v -0.520426 0.936371 0.156531
v -0.526954 0.935901 0.152442
v -0.512498 0.954126 0.146411
v -0.523661 0.935830 0.158975
v -0.509937 0.953729 0.153553
v -0.497300 0.932037 0.196229
v -0.501286 0.931888 0.197997
v -0.496152 0.953796 0.189553
v -0.493871 0.932547 0.200491
v -0.496320 0.932173 0.203860
v -0.485188 0.951745 0.195231
v 0.443728 1.039164 0.103940
v 0.429450 1.036890 0.120092
v 0.425523 1.056013 0.092664
v 0.441833 1.067678 0.089449
v 0.460180 1.051840 0.103736
v 0.438854 1.078542 0.108850
v 0.465867 1.039482 0.105396
v 0.449734 1.028054 0.104149
v 0.463072 1.049128 0.131384
v 0.457914 1.057450 0.128359
v 0.483027 1.018946 0.112251
v 0.468693 1.011961 0.107553
v 0.484641 1.021502 0.122309
v 0.420881 1.076428 0.127275
v 0.437636 1.058735 0.143207
v 0.504165 0.994098 0.121540
v 0.504046 0.994282 0.129192
v 0.513563 0.983361 0.122319
v 0.498858 0.991111 0.117663
v 0.440221 1.046812 0.152794
v 0.475673 1.020834 0.154044
v 0.526630 0.946772 0.125510
v 0.528624 0.950211 0.125579
v 0.526288 0.946709 0.131438
v 0.528502 0.949978 0.131147
v 0.518303 0.963763 0.133410
v 0.522898 0.966119 0.130703
v 0.516487 0.979086 0.122566
v 0.516041 0.979299 0.130342
v 0.509275 0.977219 0.133435
v 0.513119 0.983660 0.130111
v 0.501546 0.992867 0.141571
v 0.499075 0.993061 0.149695
v 0.512709 0.978564 0.146577
v 0.498465 0.986090 0.135994
v 0.523661 0.935830 0.158975
v 0.526954 0.935901 0.152442
v 0.528340 0.939283 0.154069
v 0.522258 0.957977 0.150689
v 0.519887 0.958251 0.157883
v 0.526205 0.939716 0.159243
v 0.509858 0.979050 0.154499
v 0.505057 0.972284 0.157175
v 0.512433 0.974538 0.155414
v 0.492365 0.984333 0.152243
v 0.491495 1.003126 0.151822
v 0.489726 0.986774 0.152677
v 0.474300 1.002634 0.179579
v 0.479313 1.001783 0.170831
v 0.457178 1.019040 0.170246
v 0.480169 0.992962 0.179393
v 0.473823 0.992400 0.186113
v 0.468211 1.000138 0.182639
v 0.463775 0.994049 0.181426
v 0.501286 0.931888 0.197997
v 0.502076 0.935155 0.200523
v 0.496320 0.932173 0.203860
v 0.421788 1.032639 0.132615
v 0.416358 1.013956 0.151696
v 0.423652 1.042520 0.145150
v 0.412160 0.962024 0.184532
v 0.413216 0.974861 0.184478
v 0.411778 0.961478 0.180037
v 0.413617 0.948775 0.184638
v 0.429355 0.959118 0.183028
v 0.429607 0.974067 0.183859
v 0.426922 0.960531 0.188412
v 0.424402 0.948492 0.187165
v 0.422806 0.949842 0.190544
v 0.414156 0.950836 0.188277
v 0.282128 1.223051 0.023293
v 0.290679 1.226659 0.004272
v 0.274558 1.225390 0.020447
v 0.269345 1.200585 0.028897
v 0.269456 1.244072 -0.003513
v 0.259186 1.224103 0.028330
v 0.415139 0.948391 0.181903
v 0.413617 0.948775 0.184638
v 0.411778 0.961478 0.180037
v 0.424402 0.948492 0.187165
v 0.423282 0.947909 0.183798
v 0.414792 0.963233 0.174085
v 0.429318 0.963102 0.178047
v 0.429355 0.959118 0.183028
v 0.421788 1.032639 0.132615
v 0.435101 1.022641 0.123719
v 0.426690 1.003383 0.144740
v 0.443728 1.039164 0.103940
v 0.449734 1.028054 0.104149
v 0.492119 0.987511 0.119999
v 0.482678 0.996097 0.113318
v 0.498858 0.991111 0.117663
v 0.523386 0.947649 0.125514
v 0.526630 0.946772 0.125510
v 0.522715 0.947409 0.130797
v 0.514226 0.960924 0.130904
v 0.526288 0.946709 0.131438
v 0.504809 0.975239 0.122302
v 0.504718 0.974938 0.130471
v 0.509275 0.977219 0.133435
v 0.499466 0.986994 0.133065
v 0.492536 0.984873 0.130482
v 0.484073 0.985564 0.131537
v 0.471867 0.991499 0.130764
v 0.491106 0.982055 0.137257
v 0.496843 0.988600 0.134554
v 0.487591 0.981002 0.146052
v 0.504598 0.968167 0.143743
v 0.522709 0.936481 0.151436
v 0.512498 0.954126 0.146411
v 0.526954 0.935901 0.152442
v 0.520426 0.936371 0.156531
v 0.523661 0.935830 0.158975
v 0.497300 0.932037 0.196229
v 0.501286 0.931888 0.197997
v 0.493871 0.932547 0.200491
v 0.485188 0.951745 0.195231
v 0.496320 0.932173 0.203860
v -0.043772 1.555984 0.072770
v -0.041525 1.555984 0.066030
v -0.041937 1.549121 0.072881
v -0.041937 1.562847 0.072881
v -0.040759 1.550041 0.079826
v -0.042349 1.555984 0.079731
v -0.040759 1.561927 0.079826
v -0.036416 1.566278 0.080088
v -0.037915 1.551805 0.083426
v -0.039032 1.555984 0.083358
v -0.037915 1.560163 0.083426
v -0.034861 1.563223 0.083609
v -0.030483 1.567871 0.080444
v -0.030483 1.544098 0.080444
v -0.024551 1.545690 0.080801
v -0.026517 1.548745 0.084111
v -0.030689 1.564343 0.083860
v -0.024551 1.566278 0.080801
v -0.035748 1.553098 0.084712
v -0.034861 1.548745 0.083609
v -0.036520 1.555984 0.084665
v -0.035748 1.558870 0.084712
v -0.033639 1.550985 0.084838
v -0.030689 1.547626 0.083860
v -0.030885 1.555984 0.087118
v -0.033639 1.560983 0.084838
v -0.030758 1.550212 0.085012
v -0.030758 1.561756 0.085012
v -0.027877 1.560983 0.085185
v -0.026517 1.563223 0.084111
v -0.025768 1.558870 0.085311
v -0.025768 1.553098 0.085311
v -0.027877 1.550985 0.085185
v -0.023463 1.551805 0.084295
v -0.020208 1.550041 0.081062
v -0.018206 1.549121 0.074307
v -0.020208 1.561927 0.081062
v -0.018206 1.562847 0.074307
v -0.024996 1.555984 0.085358
v -0.022345 1.555984 0.084362
v -0.023463 1.560163 0.084295
v -0.018618 1.555984 0.081158
v -0.016371 1.555984 0.074418
v -0.017795 1.555984 0.067457
v 0.041350 1.555984 0.065832
v 0.043723 1.555984 0.072529
v 0.041890 1.549121 0.072673
v 0.041890 1.562847 0.072673
v 0.040843 1.550041 0.079640
v 0.036505 1.545690 0.079983
v 0.042430 1.555984 0.079515
v 0.040843 1.561927 0.079640
v 0.036505 1.566278 0.079983
v 0.035016 1.548745 0.083533
v 0.039182 1.555984 0.083204
v 0.038066 1.551805 0.083292
v 0.038066 1.560163 0.083292
v 0.030850 1.547626 0.083862
v 0.030580 1.544098 0.080450
v 0.035016 1.563223 0.083533
v 0.030580 1.567871 0.080450
v 0.026683 1.548745 0.084191
v 0.024656 1.545690 0.080918
v 0.030850 1.564343 0.083862
v 0.024656 1.566278 0.080918
v 0.035924 1.553098 0.084618
v 0.036695 1.555984 0.084557
v 0.035924 1.558870 0.084618
v 0.033818 1.550985 0.084785
v 0.031107 1.555984 0.087116
v 0.033818 1.560983 0.084785
v 0.030941 1.550212 0.085012
v 0.030941 1.561756 0.085012
v 0.028063 1.550985 0.085239
v 0.028063 1.560983 0.085239
v 0.023633 1.551805 0.084431
v 0.026683 1.563223 0.084191
v 0.025957 1.558870 0.085405
v 0.025957 1.553098 0.085405
v 0.020318 1.550041 0.081260
v 0.018191 1.549121 0.074544
v 0.020318 1.561927 0.081260
v 0.018191 1.562847 0.074544
v 0.025186 1.555984 0.085466
v 0.022517 1.555984 0.084520
v 0.023633 1.560163 0.084431
v 0.018731 1.555984 0.081386
v 0.016358 1.555984 0.074689
v 0.017651 1.555984 0.067703
v 0.062942 0.788488 -0.034868
v 0.068886 0.850850 -0.052723
v 0.108014 0.797557 -0.053226
v 0.114070 0.855505 -0.050162
v 0.115088 0.729691 -0.049162
v 0.150473 0.869331 -0.028005
v 0.159494 0.807499 -0.030462
v 0.168744 0.875812 0.019182
v 0.148914 0.939032 0.021309
v 0.133936 0.943949 0.074342
v 0.178081 0.808658 0.016162
v 0.098841 0.591585 -0.039248
v 0.081407 0.591867 0.001358
v 0.067615 0.651313 0.010944
v 0.097563 0.523583 -0.005209
v 0.165777 0.804155 0.075725
v 0.170476 0.735221 0.069385
v 0.152822 0.872160 0.079437
v 0.106525 0.859344 0.108382
v 0.116914 0.793790 0.108323
v 0.063839 0.849607 0.095584
v 0.061300 0.783061 0.087876
v 0.123525 0.726792 0.100260
v 0.179591 0.670184 0.013506
v 0.168384 0.667486 0.059388
v 0.081407 0.591867 0.001358
v 0.097563 0.523583 -0.005209
v 0.104355 0.548409 0.036275
v 0.144187 0.553967 -0.040297
v 0.164125 0.604818 0.049021
v 0.175197 0.561279 0.011774
v 0.140173 0.543025 0.049254
v 0.132133 0.597087 0.067500
v 0.122940 0.529895 0.037778
v 0.102032 0.550573 -0.038698
v 0.150013 0.532929 -0.045179
v 0.182352 0.516225 -0.020448
v 0.174369 0.523417 0.012131
v 0.161901 0.568366 0.044021
v 0.112916 0.519289 0.016943
v 0.113116 0.471467 -0.006709
v 0.108727 0.498884 -0.030196
v 0.113116 0.471467 -0.006709
v 0.118337 0.466537 -0.025483
v 0.118909 0.505054 -0.042461
v 0.132240 0.495945 0.036803
v 0.131717 0.476402 0.013346
v 0.118337 0.466537 -0.025483
v 0.156862 0.465296 0.021968
v 0.166169 0.501607 0.037084
v 0.160131 0.545301 0.039079
v 0.177275 0.484010 0.012326
v 0.183436 0.487373 -0.050755
v 0.155337 0.487246 -0.064955
v 0.121261 0.473339 -0.054496
v 0.125925 0.418596 -0.070547
v 0.122988 0.387384 -0.034115
v 0.164544 0.441310 -0.080413
v 0.166343 0.265882 -0.049466
v 0.200494 0.179421 -0.052374
v 0.185288 0.182252 -0.034455
v 0.193110 0.108758 -0.032634
v 0.218441 0.274332 -0.050879
v 0.202363 0.115757 -0.049714
v 0.192296 0.087996 -0.038453
v 0.219127 0.183193 -0.040987
v 0.225936 0.274996 -0.016960
v 0.229305 0.187924 -0.012954
v 0.126870 0.359417 -0.050796
v 0.166343 0.265882 -0.049466
v 0.185288 0.182252 -0.034455
v 0.212200 0.187913 0.009516
v 0.187114 0.183888 -0.006109
v 0.195996 0.114764 0.002475
v 0.193110 0.108758 -0.032634
v 0.206963 0.119359 0.014839
v 0.222240 0.121433 0.015648
v 0.189068 0.088864 -0.012120
v 0.192296 0.087996 -0.038453
v 0.194944 0.094818 0.008922
v 0.187355 0.054000 -0.051789
v 0.192665 0.073902 -0.013196
v 0.236919 0.120646 -0.009071
v 0.207848 0.104184 0.022752
v 0.224194 0.111019 -0.039768
v 0.211319 0.060348 0.050698
v 0.240904 0.086074 -0.029328
v 0.246271 0.086263 -0.010214
v 0.203311 0.089478 -0.055415
v 0.223497 0.080423 -0.048366
v 0.201241 0.055935 -0.065728
v 0.187355 0.054000 -0.051789
v 0.238232 0.072435 0.049080
v 0.249643 0.045558 0.076742
v 0.000000 1.222600 0.121430
v 0.000000 1.195994 0.120636
v 0.026814 1.194137 0.120970
v 0.036889 1.231241 0.122653
v 0.034186 1.218301 0.122687
v 0.061628 1.197759 0.111902
v 0.000000 1.236762 0.123387
v 0.044086 1.252859 0.133295
v 0.000000 1.258231 0.131390
v 0.064222 1.221809 0.112070
v 0.072292 1.247303 0.128572
v 0.094249 1.242072 0.113446
v 0.105220 1.275401 0.109691
v 0.081283 1.313028 0.105762
v 0.106613 1.241301 0.090549
v 0.082708 1.217781 0.092138
v 0.105575 1.302848 0.085447
v 0.096427 1.219657 0.069083
v 0.120309 1.270103 -0.019287
v 0.118915 1.267133 -0.042335
v 0.079367 1.245118 -0.063371
v 0.103808 1.290597 -0.073027
v 0.000000 1.181428 -0.047857
v 0.035632 1.214885 -0.063272
v 0.000000 1.217209 -0.063918
v 0.039061 1.248562 -0.075283
v 0.000000 1.249308 -0.075698
v 0.280215 -0.000771 0.045800
v 0.211363 -0.001485 0.074088
v 0.206238 0.001220 0.009543
v 0.012451 1.460975 0.073678
v 0.000000 1.458944 0.073327
v 0.000000 1.459099 0.058207
v 0.009994 1.460364 0.083138
v 0.016890 1.463786 0.076286
v 0.016356 1.463321 0.058390
v 0.026526 1.471018 0.064244
v 0.030377 1.482899 0.072759
v 0.034938 1.497566 0.078286
v 0.045772 1.506940 0.067369
v 0.046162 1.521880 0.078542
v 0.030432 1.526483 0.088848
v 0.054337 1.536988 0.065315
v 0.051113 1.514209 0.018848
v 0.055972 1.518842 0.026341
v 0.048738 1.494927 0.030688
v 0.054226 1.521295 0.052489
v 0.058701 1.541894 0.040750
v 0.056190 1.519382 0.035302
v 0.058901 1.532677 0.023782
v 0.052834 1.523619 0.007835
v 0.062881 1.522001 0.005915
v 0.061574 1.552656 -0.003810
v 0.073276 1.551309 -0.002660
v 0.070478 1.536053 -0.004874
v 0.061967 1.542014 0.007401
v 0.062564 1.561490 0.009360
v 0.057085 1.514039 0.016729
v 0.055292 1.520140 0.024193
v 0.060342 1.526516 0.013392
v 0.032151 1.572489 0.094890
v 0.013790 1.565960 0.097599
v 0.006513 1.561851 0.097122
v 0.000000 1.562039 0.097953
v 0.000000 1.555548 0.096372
v 0.004706 1.555479 0.095478
v 0.000000 1.548300 0.097662
v 0.004245 1.548047 0.096761
v 0.004211 1.538072 0.102673
v 0.000000 1.538420 0.103926
v 0.004353 1.529954 0.109456
v 0.011130 1.545957 0.089362
v 0.009466 1.554285 0.089772
v 0.021160 1.540274 0.087815
v 0.032846 1.536960 0.086341
v 0.022794 1.546924 0.084054
v 0.016095 1.550556 0.083860
v 0.043104 1.538551 0.080275
v 0.033292 1.544821 0.084269
v 0.039975 1.546750 0.081139
v 0.049996 1.544008 0.071565
v 0.045404 1.559307 0.077454
v 0.048849 1.557299 0.071402
v 0.039744 1.561399 0.083307
v 0.031155 1.562932 0.087501
v 0.039874 1.559052 0.084573
v 0.021986 1.561463 0.086411
v 0.031487 1.560477 0.088167
v 0.039659 1.550279 0.082787
v 0.043234 1.553311 0.078231
v 0.033859 1.553524 0.078970
v 0.044184 1.550670 0.076679
v 0.033348 1.548478 0.085709
v 0.024256 1.549446 0.085518
v 0.023464 1.552359 0.080784
v 0.018465 1.551140 0.082845
v 0.023253 1.559040 0.087035
v 0.011749 1.560103 0.091682
v 0.014961 1.553676 0.084632
v -0.114070 0.855505 -0.050162
v -0.105540 0.881723 -0.062333
v -0.068886 0.850850 -0.052723
v -0.108014 0.797557 -0.053226
v -0.150473 0.869331 -0.028005
v -0.144977 0.904598 -0.030010
v -0.062942 0.788488 -0.034868
v -0.072744 0.720689 -0.031667
v -0.159494 0.807499 -0.030462
v -0.168744 0.875812 0.019182
v -0.148914 0.939032 0.021309
v -0.178081 0.808658 0.016162
v -0.087058 0.654119 -0.032457
v -0.067615 0.651313 0.010944
v -0.081407 0.591867 0.001358
v -0.097563 0.523583 -0.005209
v -0.165777 0.804155 0.075725
v -0.170476 0.735221 0.069385
v -0.152822 0.872160 0.079437
v -0.133936 0.943949 0.074342
v -0.116914 0.793790 0.108323
v -0.106525 0.859344 0.108382
v -0.061300 0.783061 0.087876
v -0.063839 0.849607 0.095584
v -0.123525 0.726792 0.100260
v -0.168384 0.667486 0.059388
v -0.164125 0.604818 0.049021
v -0.081407 0.591867 0.001358
v -0.092411 0.592391 0.044916
v -0.104355 0.548409 0.036275
v -0.097563 0.523583 -0.005209
v -0.174228 0.558212 -0.020273
v -0.175197 0.561279 0.011774
v -0.161901 0.568366 0.044021
v -0.140173 0.543025 0.049254
v -0.132133 0.597087 0.067500
v -0.122940 0.529895 0.037778
v -0.102032 0.550573 -0.038697
v -0.150013 0.532929 -0.045179
v -0.182352 0.516225 -0.020448
v -0.174369 0.523417 0.012131
v -0.112916 0.519289 0.016943
v -0.113116 0.471467 -0.006709
v -0.108727 0.498884 -0.030196
v -0.113116 0.471467 -0.006709
v -0.118338 0.466537 -0.025483
v -0.118909 0.505054 -0.042461
v -0.132240 0.495945 0.036803
v -0.131717 0.476402 0.013346
v -0.128913 0.451264 -0.001737
v -0.118338 0.466537 -0.025483
v -0.156862 0.465296 0.021968
v -0.166169 0.501608 0.037085
v -0.160131 0.545301 0.039079
v -0.177275 0.484010 0.012326
v -0.161004 0.450267 0.019819
v -0.197104 0.474754 -0.028227
v -0.183436 0.487373 -0.050755
v -0.167582 0.426405 0.016408
v -0.155337 0.487246 -0.064955
v -0.121261 0.473339 -0.054496
v -0.125925 0.418596 -0.070546
v -0.122988 0.387384 -0.034115
v -0.164544 0.441310 -0.080413
v -0.126870 0.359417 -0.050796
v -0.137916 0.328666 -0.041584
v -0.166343 0.265882 -0.049466
v -0.200494 0.179421 -0.052374
v -0.185288 0.182252 -0.034455
v -0.193110 0.108758 -0.032634
v -0.218441 0.274332 -0.050879
v -0.202363 0.115757 -0.049714
v -0.192296 0.087996 -0.038453
v -0.225936 0.274996 -0.016960
v -0.185288 0.182252 -0.034455
v -0.219127 0.183193 -0.040987
v -0.212200 0.187913 0.009516
v -0.229305 0.187924 -0.012954
v -0.187114 0.183888 -0.006108
v -0.195996 0.114764 0.002475
v -0.193110 0.108758 -0.032634
v -0.206963 0.119359 0.014839
v -0.222240 0.121433 0.015648
v -0.236919 0.120646 -0.009071
v -0.224194 0.111019 -0.039768
v -0.189068 0.088864 -0.012120
v -0.187355 0.054000 -0.051788
v -0.192296 0.087996 -0.038453
v -0.192665 0.073902 -0.013196
v -0.207848 0.104184 0.022752
v -0.227617 0.104457 0.020707
v -0.246271 0.086263 -0.010214
v -0.211320 0.060348 0.050698
v -0.238232 0.072435 0.049080
v -0.211363 -0.001485 0.074088
v -0.240904 0.086074 -0.029328
v -0.223497 0.080423 -0.048366
v -0.186148 0.034162 -0.053793
v -0.187355 0.054000 -0.051788
v -0.201241 0.055935 -0.065728
v -0.203311 0.089478 -0.055415
v 0.000000 1.222600 0.121430
v -0.034186 1.218301 0.122687
v -0.026814 1.194137 0.120970
v 0.000000 1.236762 0.123387
v -0.036889 1.231241 0.122653
v -0.044086 1.252859 0.133295
v 0.000000 1.258231 0.131390
v -0.064222 1.221809 0.112070
v -0.061628 1.197759 0.111902
v -0.072292 1.247303 0.128572
v -0.080181 1.280882 0.130838
v -0.094249 1.242072 0.113446
v -0.105220 1.275401 0.109691
v -0.106613 1.241301 0.090549
v -0.082708 1.217781 0.092138
v -0.114850 1.261296 0.080850
v -0.096427 1.219657 0.069083
v -0.093263 1.182965 0.047666
v -0.120309 1.270103 -0.019287
v -0.118915 1.267133 -0.042335
v -0.079367 1.245118 -0.063371
v -0.103808 1.290597 -0.073027
v 0.000000 1.181428 -0.047857
v -0.035632 1.214885 -0.063272
v 0.000000 1.217209 -0.063918
v -0.039061 1.248562 -0.075283
v 0.000000 1.249308 -0.075698
v -0.012451 1.460975 0.073678
v 0.000000 1.458944 0.073327
v -0.016890 1.463786 0.076286
v -0.016356 1.463321 0.058390
v -0.026526 1.471018 0.064244
v -0.039421 1.482281 0.048919
v -0.024035 1.468086 0.035726
v -0.030377 1.482899 0.072759
v -0.043159 1.493290 0.057517
v -0.034938 1.497566 0.078286
v -0.046162 1.521880 0.078542
v -0.030432 1.526483 0.088848
v -0.054337 1.536988 0.065315
v -0.045772 1.506940 0.067369
v -0.051113 1.514209 0.018848
v -0.042150 1.490875 0.021953
v -0.048738 1.494927 0.030688
v -0.054226 1.521295 0.052489
v -0.056190 1.519382 0.035302
v -0.052834 1.523619 0.007835
v -0.043380 1.495654 0.006840
v -0.061574 1.552656 -0.003810
v -0.057710 1.537753 -0.004005
v -0.070478 1.536053 -0.004874
v -0.055972 1.518842 0.026341
v -0.055292 1.520140 0.024193
v -0.073276 1.551309 -0.002660
v -0.061967 1.542014 0.007401
v -0.057085 1.514039 0.016729
v -0.062881 1.522001 0.005915
v -0.060342 1.526516 0.013392
v -0.062184 1.553083 0.018623
v -0.058901 1.532677 0.023782
v -0.054990 1.560583 0.062682
v -0.032151 1.572489 0.094890
v -0.013790 1.565960 0.097599
v 0.000000 1.562039 0.097953
v -0.004706 1.555479 0.095478
v 0.000000 1.555548 0.096372
v -0.004245 1.548047 0.096761
v 0.000000 1.538420 0.103926
v 0.000000 1.548300 0.097662
v -0.004211 1.538072 0.102673
v -0.018165 1.531754 0.092390
v -0.011130 1.545957 0.089362
v -0.021160 1.540274 0.087815
v -0.032846 1.536960 0.086341
v -0.022794 1.546924 0.084054
v -0.043104 1.538551 0.080275
v -0.033292 1.544821 0.084269
v -0.039975 1.546750 0.081139
v -0.049996 1.544008 0.071565
v -0.044184 1.550670 0.076679
v -0.045404 1.559307 0.077454
v -0.039744 1.561399 0.083307
v -0.031155 1.562932 0.087501
v -0.039874 1.559052 0.084573
v -0.021986 1.561463 0.086411
v -0.031487 1.560477 0.088167
v -0.033348 1.548478 0.085709
v -0.039659 1.550279 0.082787
v -0.024256 1.549446 0.085518
v -0.023464 1.552359 0.080784
v -0.018465 1.551140 0.082845
v -0.023253 1.559040 0.087035
v -0.014961 1.553676 0.084632
v -0.011749 1.560103 0.091682
v -0.009466 1.554285 0.089772
v -0.061261 1.545704 0.087116
v 0.058641 1.374461 -0.080814
v -0.001243 1.368454 -0.091444
v 0.082139 1.337984 -0.117413
v 0.067342 1.380812 -0.084591
v 0.000944 1.328608 -0.108528
v -0.044838 1.321844 -0.108882
v -0.070579 1.286211 -0.128327
v 0.060930 1.546163 0.003909
v 0.056483 1.543110 0.005016
v 0.064936 1.511755 -0.006863
v 0.047042 1.548872 0.004296
v 0.045033 1.515120 0.007335
v 0.047042 1.548872 0.004296
v 0.060930 1.546163 0.003909
v 0.071513 1.553666 0.000010
v 0.062754 1.629850 0.035886
v 0.057940 1.634884 -0.007962
v 0.040710 1.637802 -0.048782
v 0.067219 1.600578 -0.023340
v 0.001879 1.641244 -0.067696
v 0.045597 1.602994 -0.067393
v 0.068260 1.565791 -0.035254
v 0.002712 1.604591 -0.086769
v 0.046601 1.566662 -0.074388
v -0.043261 1.602015 -0.069863
v 0.002711 1.569557 -0.093516
v -0.067293 1.592241 -0.026462
v -0.043644 1.566434 -0.077116
v -0.068821 1.556495 -0.036272
v -0.083251 1.547278 0.010440
v -0.084615 1.511076 -0.009394
v 0.067416 1.521657 -0.047088
v 0.044827 1.528320 -0.080003
v 0.080957 1.394716 -0.102845
v 0.074258 1.437550 -0.078528
v 0.096563 1.397763 -0.091087
v 0.087418 1.345127 -0.133264
v 0.070528 1.393377 -0.126778
v 0.061526 1.438025 -0.101130
v 0.070835 1.329216 -0.157336
v 0.049631 1.335918 -0.162050
v 0.032574 1.340574 -0.175103
v 0.000791 1.295855 -0.183959
v 0.000996 1.338490 -0.179640
v -0.039462 1.334753 -0.172985
v -0.082034 1.323902 -0.144517
v -0.084318 1.320083 -0.127243
v -0.102508 1.278421 -0.128563
v -0.097245 1.262565 -0.124410
v -0.109602 1.277626 -0.125439
v -0.047550 1.557649 0.082769
v -0.048158 1.558162 0.076975
v -0.049469 1.556575 0.077904
v -0.047823 1.559295 0.085226
v -0.047550 1.557649 0.082769
v -0.049469 1.556575 0.077904
v -0.047969 1.554270 0.076395
v 0.047550 1.557649 0.082769
v 0.045042 1.560091 0.083049
v 0.047823 1.559295 0.085226
v 0.047550 1.557649 0.082769
v 0.047823 1.559295 0.085226
v 0.049469 1.556575 0.077904
v 0.047969 1.554270 0.076395
v -0.344593 1.114723 0.020174
v -0.327704 1.113077 0.039438
v -0.377210 1.083596 0.078784
v -0.290901 1.134965 0.016856
v -0.310179 1.137705 -0.003595
v -0.265265 1.158899 0.003692
v -0.337153 1.159876 -0.008188
v -0.500185 1.003424 0.125912
v -0.513563 0.983361 0.122319
v -0.496633 1.000685 0.133900
v -0.518265 0.956061 0.146235
v -0.512433 0.974538 0.155414
v -0.492365 0.984333 0.152243
v -0.489726 0.986774 0.152677
v -0.493163 0.955900 0.201378
v -0.486959 0.953841 0.200608
v -0.290901 1.134965 0.016856
v -0.285396 1.147771 0.035951
v -0.321537 1.126642 0.062295
v -0.293125 1.167442 0.048694
v -0.269299 1.158883 0.020278
v -0.265265 1.158899 0.003692
v -0.265917 1.167551 0.022483
v -0.257365 1.165638 0.002234
v -0.259514 1.182813 0.022296
v -0.255075 1.174154 0.000921
v -0.231765 1.197321 -0.002642
v -0.279326 1.171867 0.035213
v -0.284395 1.196162 0.033199
v -0.319178 1.196733 0.050943
v -0.310212 1.213553 0.030771
v -0.336811 1.197078 0.026754
v -0.344854 1.181820 0.004566
v -0.314491 1.213147 0.007364
v -0.290679 1.226659 0.004272
v -0.279334 1.196451 0.032352
v -0.269345 1.200585 0.028897
v -0.282128 1.223051 0.023293
v -0.274558 1.225390 0.020447
v -0.259186 1.224103 0.028330
v -0.269456 1.244072 -0.003513
v -0.297518 1.213593 -0.017994
v -0.311389 1.204282 -0.011383
v -0.306035 1.192671 -0.029902
v -0.240900 1.201314 0.026804
v -0.213448 1.225672 0.024698
v -0.207372 1.217819 -0.007319
v -0.233412 1.248681 0.027093
v -0.266018 1.236573 -0.033182
v -0.247006 1.264841 -0.007748
v -0.289329 1.203997 -0.031926
v -0.158677 1.317790 0.027208
v -0.157720 1.326104 0.030395
v -0.185839 1.316280 0.014986
v -0.169858 1.306040 0.024880
v -0.201618 1.279451 0.025301
v -0.252129 1.217803 -0.041836
v -0.243819 1.259788 -0.039908
v -0.280534 1.190662 -0.032817
v -0.298178 1.177342 -0.030141
v -0.269068 1.171358 -0.017889
v -0.281518 1.154055 -0.011531
v -0.257365 1.165638 0.002234
v -0.255075 1.174154 0.000921
v -0.231765 1.197321 -0.002642
v -0.238552 1.198509 -0.028272
v -0.212647 1.218770 -0.035903
v -0.226630 1.238115 -0.050962
v -0.193031 1.317824 -0.041839
v -0.214770 1.287377 -0.047462
v -0.204544 1.309865 -0.010445
v -0.177648 1.343054 -0.043649
v -0.170845 1.322846 -0.059276
v -0.155938 1.345146 -0.060350
v -0.188557 1.342732 -0.010590
v -0.161488 1.367309 -0.043910
v -0.176203 1.366607 -0.011986
v -0.429977 0.973763 0.177828
v -0.416304 0.973147 0.172728
v -0.514683 0.961684 0.123648
v -0.510322 0.977905 0.119991
v -0.477001 0.983867 0.145187
v -0.466293 0.984186 0.162681
v -0.509443 0.972118 0.142206
v -0.518265 0.956061 0.146235
v -0.484667 0.981665 0.154361
v -0.501881 0.967597 0.151314
v -0.513582 0.955695 0.158991
v -0.505057 0.972284 0.157175
v -0.492365 0.984333 0.152243
v -0.489726 0.986774 0.152677
v 0.344593 1.114723 0.020174
v 0.390789 1.082855 0.061745
v 0.377210 1.083596 0.078784
v 0.290901 1.134965 0.016856
v 0.310179 1.137705 -0.003595
v 0.265265 1.158899 0.003692
v 0.337153 1.159876 -0.008188
v 0.367329 1.135330 0.016046
v 0.500185 1.003424 0.125912
v 0.496633 1.000685 0.133900
v 0.518962 0.963489 0.121487
v 0.510322 0.977905 0.119991
v 0.523254 0.965867 0.123526
v 0.499466 0.986994 0.133065
v 0.496843 0.988600 0.134554
v 0.509443 0.972118 0.142206
v 0.514732 0.973886 0.147906
v 0.518265 0.956061 0.146235
v 0.513582 0.955695 0.158991
v 0.494649 0.994410 0.160499
v 0.492000 0.984727 0.155197
v 0.497757 0.955962 0.196083
v 0.493163 0.955900 0.201378
v 0.498004 0.935261 0.204356
v 0.290901 1.134965 0.016856
v 0.327704 1.113077 0.039438
v 0.321537 1.126642 0.062295
v 0.426655 0.973117 0.188274
v 0.344854 1.181820 0.004566
v 0.372355 1.153030 0.035835
v 0.336811 1.197078 0.026754
v 0.364944 1.160994 0.052980
v 0.319178 1.196733 0.050943
v 0.345885 1.161588 0.072690
v 0.293125 1.167442 0.048694
v 0.326111 1.143603 0.074404
v 0.285396 1.147771 0.035951
v 0.269299 1.158883 0.020278
v 0.265265 1.158899 0.003692
v 0.265917 1.167551 0.022483
v 0.257365 1.165638 0.002234
v 0.259514 1.182813 0.022296
v 0.255075 1.174154 0.000921
v 0.231765 1.197321 -0.002642
v 0.279326 1.171867 0.035213
v 0.284395 1.196162 0.033199
v 0.310212 1.213553 0.030771
v 0.314491 1.213147 0.007364
v 0.279334 1.196451 0.032352
v 0.297518 1.213593 -0.017994
v 0.311389 1.204282 -0.011383
v 0.306035 1.192671 -0.029902
v 0.240900 1.201314 0.026804
v 0.213448 1.225672 0.024698
v 0.266018 1.236573 -0.033182
v 0.247006 1.264841 -0.007748
v 0.289329 1.203997 -0.031926
v 0.158677 1.317790 0.027208
v 0.149553 1.290017 0.015746
v 0.169858 1.306040 0.024880
v 0.157720 1.326104 0.030395
v 0.136600 1.318110 0.022016
v 0.185839 1.316280 0.014986
v 0.201618 1.279451 0.025301
v 0.243819 1.259788 -0.039908
v 0.252129 1.217803 -0.041836
v 0.280534 1.190662 -0.032817
v 0.204544 1.309865 -0.010445
v 0.298178 1.177342 -0.030141
v 0.269068 1.171358 -0.017889
v 0.281518 1.154055 -0.011531
v 0.257365 1.165638 0.002234
v 0.255075 1.174154 0.000921
v 0.231765 1.197321 -0.002642
v 0.238552 1.198509 -0.028272
v 0.207372 1.217819 -0.007319
v 0.212647 1.218770 -0.035903
v 0.193031 1.317824 -0.041839
v 0.214770 1.287377 -0.047462
v 0.170845 1.322846 -0.059276
v 0.177648 1.343054 -0.043649
v 0.188557 1.342732 -0.010590
v 0.155938 1.345146 -0.060350
v 0.161488 1.367309 -0.043910
v 0.178677 1.338490 0.016878
v 0.176203 1.366607 -0.011986
v 0.429977 0.973763 0.177828
v 0.514683 0.961684 0.123648
v 0.510322 0.977905 0.119991
v 0.518962 0.963489 0.121487
v 0.518303 0.963763 0.133410
v 0.498465 0.986090 0.135994
v 0.477001 0.983867 0.145187
v 0.466293 0.984186 0.162681
v 0.509443 0.972118 0.142206
v 0.518265 0.956061 0.146235
v 0.501881 0.967597 0.151314
v 0.509937 0.953729 0.153553
v 0.513582 0.955695 0.158991
v 0.505057 0.972284 0.157175
v 0.492365 0.984333 0.152243
v 0.489726 0.986774 0.152677
v 0.484667 0.981665 0.154361
v 0.492000 0.984727 0.155197
v 0.012407 0.858656 0.025554
v 0.025499 0.857393 -0.024161
v 0.017623 0.841939 0.027017
v 0.029912 0.845407 -0.019559
v 0.033481 0.780718 0.023763
v 0.063002 0.865865 -0.062428
v 0.050711 0.715525 0.017763
v 0.105540 0.881723 -0.062333
v 0.144977 0.904598 -0.030010
v 0.072744 0.720689 -0.031667
v 0.087058 0.654119 -0.032457
v 0.089214 0.929280 0.100446
v 0.056511 0.893520 0.092718
v 0.031234 0.843864 0.069908
v 0.028668 0.868700 0.071089
v 0.012407 0.858656 0.025554
v 0.017623 0.841939 0.027017
v 0.033481 0.780718 0.023763
v 0.070552 0.717039 0.076302
v 0.050711 0.715525 0.017763
v 0.128314 0.661538 0.084810
v 0.082525 0.651860 0.063305
v 0.067615 0.651313 0.010944
v 0.092411 0.592391 0.044916
v 0.197310 0.081435 0.009174
v 0.186148 0.034162 -0.053793
v 0.209848 0.096940 0.025560
v 0.227617 0.104457 0.020706
v 0.000000 0.857084 0.025311
v 0.012407 0.858656 0.025554
v 0.000000 0.858777 0.064626
v 0.028668 0.868700 0.071089
v 0.000000 0.875316 0.080261
v 0.018769 0.878807 0.080264
v 0.056511 0.893520 0.092718
v 0.026534 0.905578 0.094185
v 0.000000 0.912350 0.097237
v 0.089214 0.929280 0.100446
v 0.046608 0.943613 0.102703
v 0.046564 0.997703 0.106802
v 0.000000 0.993223 0.112270
v 0.000000 0.949358 0.106634
v 0.045247 1.045812 0.106580
v 0.000000 1.084112 0.112352
v 0.000000 1.043940 0.114174
v 0.048868 1.093959 0.096490
v 0.043036 1.133074 0.103759
v 0.000000 1.126909 0.112342
v 0.038916 1.172017 0.115038
v 0.071536 1.150033 0.086190
v 0.000000 1.168976 0.119171
v 0.052233 1.334537 0.088038
v 0.082562 1.184928 0.083318
v 0.077333 1.336162 0.075178
v 0.065729 1.359143 0.056640
v 0.116878 1.315875 0.044042
v 0.103434 1.334639 0.055097
v 0.134185 1.333331 0.037028
v 0.110459 1.297563 0.016845
v 0.120532 1.315956 0.007181
v 0.125425 1.297301 -0.018651
v 0.130837 1.292446 -0.044805
v 0.086139 1.148961 0.045635
v 0.076146 1.114758 0.067771
v 0.075632 1.402586 -0.055685
v 0.101975 1.396236 -0.052059
v 0.078115 1.367867 -0.070227
v 0.074884 1.416057 -0.029513
v 0.096553 1.407901 -0.027822
v 0.048499 1.431448 -0.034293
v 0.038565 1.442485 -0.031970
v 0.030997 1.370324 -0.075755
v 0.074401 1.073687 0.083677
v 0.077671 1.048378 0.090654
v 0.084177 1.005942 0.093730
v 0.101127 1.054209 0.066849
v 0.088958 1.086552 0.062857
v 0.088255 0.967442 0.096662
v 0.083816 1.120522 0.043311
v 0.110156 1.019698 0.068820
v 0.121674 0.981979 0.071219
v 0.133936 0.943949 0.074342
v 0.091103 1.091123 0.040057
v 0.085060 1.148379 0.013162
v 0.104858 1.058524 0.029206
v 0.131321 0.989455 0.022771
v 0.148914 0.939032 0.021309
v 0.118378 1.026045 0.025119
v 0.081081 1.120275 0.015785
v 0.079341 1.171677 -0.020952
v 0.086709 1.088295 0.011233
v 0.096535 1.057296 -0.003387
v 0.107216 1.025833 -0.017458
v 0.069117 1.145599 -0.013929
v 0.062281 1.112271 -0.008848
v 0.069501 1.082339 -0.015161
v 0.075720 1.055944 -0.028245
v 0.118276 0.986598 -0.030492
v 0.036442 1.072831 -0.030188
v 0.043573 1.122064 -0.020738
v 0.082801 1.024151 -0.045791
v 0.028704 1.097568 -0.023993
v 0.042271 1.047227 -0.045308
v 0.000000 1.068027 -0.034986
v 0.000000 1.093490 -0.026976
v 0.000000 1.117861 -0.027383
v 0.000000 1.042614 -0.049962
v 0.042618 1.019066 -0.064062
v 0.000000 1.011441 -0.067992
v 0.000000 1.371627 -0.076190
v 0.000000 1.414448 -0.059582
v 0.018346 1.468363 -0.038045
v 0.034582 1.463771 -0.024343
v 0.021628 1.486189 -0.033435
v 0.000000 1.487803 -0.036585
v 0.035864 1.479892 -0.017674
v 0.024036 1.507196 -0.034272
v 0.000000 1.508206 -0.039066
v 0.039783 1.502102 -0.013323
v 0.000000 0.857084 0.025311
v 0.000000 0.869482 -0.030758
v 0.012407 0.858656 0.025554
v 0.019287 0.865411 -0.031333
v 0.025499 0.857393 -0.024161
v 0.000000 0.903306 -0.070970
v 0.063002 0.865865 -0.062428
v 0.046370 0.901080 -0.084130
v 0.000000 0.945642 -0.082455
v 0.096503 0.916911 -0.077202
v 0.105540 0.881723 -0.062333
v 0.046326 0.950292 -0.090737
v 0.000000 0.985279 -0.077651
v 0.132462 0.933536 -0.037664
v 0.144977 0.904598 -0.030010
v 0.092663 0.958718 -0.078319
v 0.044811 0.990685 -0.080131
v 0.088823 0.991627 -0.064020
v 0.023611 1.351777 0.073738
v 0.000000 1.351013 0.075118
v 0.000000 1.331735 0.090530
v 0.052233 1.334537 0.088038
v 0.042535 1.352247 0.070394
v 0.035864 1.479892 -0.017674
v 0.039783 1.502102 -0.013323
v 0.043380 1.495654 0.006840
v 0.042150 1.490875 0.021953
v 0.040355 1.473869 0.001620
v 0.034582 1.463771 -0.024343
v 0.034464 1.465020 0.021021
v 0.024035 1.468086 0.035726
v 0.040698 1.454790 -0.002151
v 0.038565 1.442485 -0.031970
v 0.020790 1.455807 0.029791
v 0.000000 1.457942 0.041652
v 0.041787 1.433187 -0.006590
v 0.048499 1.431448 -0.034293
v 0.030566 1.443598 0.021402
v 0.046409 1.417726 -0.006244
v 0.025840 1.418247 0.022827
v 0.020644 1.439969 0.026036
v 0.000000 1.449347 0.035300
v 0.059431 1.402167 0.001052
v 0.074884 1.416057 -0.029513
v 0.095413 1.400793 -0.001846
v 0.096553 1.407901 -0.027822
v 0.030614 1.399090 0.025760
v 0.066185 1.390441 0.028501
v 0.000000 1.438019 0.030807
v -0.020790 1.455807 0.029791
v -0.024035 1.468086 0.035726
v 0.033046 1.391225 0.036272
v 0.033977 1.377720 0.049733
v 0.000000 1.413895 0.027810
v -0.020644 1.439969 0.026036
v -0.034464 1.465020 0.021021
v -0.042150 1.490875 0.021953
v 0.000000 1.397328 0.033464
v -0.025840 1.418247 0.022827
v -0.030566 1.443598 0.021402
v -0.040355 1.473869 0.001620
v -0.043380 1.495654 0.006840
v -0.030614 1.399090 0.025760
v -0.033046 1.391225 0.036272
v 0.000000 1.390325 0.040904
v -0.033977 1.377720 0.049733
v -0.066185 1.390441 0.028501
v -0.065729 1.359143 0.056640
v -0.077333 1.336162 0.075178
v -0.089850 1.362103 0.044918
v -0.059431 1.402167 0.001052
v -0.095413 1.400793 -0.001846
v -0.046409 1.417726 -0.006244
v -0.048499 1.431448 -0.034293
v -0.074884 1.416057 -0.029513
v -0.041787 1.433187 -0.006590
v -0.038565 1.442485 -0.031970
v -0.040698 1.454790 -0.002151
v -0.034582 1.463771 -0.024343
v -0.035864 1.479892 -0.017674
v -0.039783 1.502102 -0.013323
v 0.000000 1.457942 0.041652
v 0.024035 1.468086 0.035726
v 0.039421 1.482281 0.048919
v 0.042150 1.490875 0.021953
v 0.043159 1.493290 0.057517
v 0.052856 1.507776 0.041763
v 0.043380 1.495654 0.006840
v 0.039783 1.502102 -0.013323
v 0.057710 1.537753 -0.004005
v 0.053126 1.552594 0.065351
v 0.046224 1.555046 0.072821
v 0.044391 1.555811 0.074343
v 0.046018 1.557245 0.076027
v 0.017236 1.552841 0.084155
v -0.025499 0.857393 -0.024161
v -0.012407 0.858656 0.025554
v -0.017623 0.841939 0.027017
v -0.029912 0.845407 -0.019559
v -0.033481 0.780718 0.023763
v -0.063002 0.865865 -0.062428
v -0.050711 0.715525 0.017763
v -0.089214 0.929280 0.100446
v -0.056511 0.893520 0.092718
v -0.031234 0.843864 0.069908
v -0.028668 0.868700 0.071089
v -0.012407 0.858656 0.025554
v -0.017623 0.841939 0.027017
v -0.033481 0.780718 0.023763
v -0.070552 0.717039 0.076302
v -0.050711 0.715525 0.017763
v -0.128314 0.661538 0.084810
v -0.082525 0.651860 0.063305
v -0.067615 0.651313 0.010944
v -0.194944 0.094818 0.008922
v -0.197310 0.081435 0.009174
v -0.209848 0.096940 0.025560
v -0.191067 0.001774 -0.049569
v -0.012407 0.858656 0.025554
v 0.000000 0.857084 0.025311
v 0.000000 0.858777 0.064626
v -0.028668 0.868700 0.071089
v 0.000000 0.875316 0.080261
v -0.018769 0.878807 0.080264
v -0.056511 0.893520 0.092718
v -0.026534 0.905578 0.094185
v 0.000000 0.912350 0.097237
v -0.089214 0.929280 0.100446
v -0.046608 0.943613 0.102703
v 0.000000 0.949358 0.106634
v -0.046564 0.997703 0.106802
v 0.000000 0.993223 0.112270
v -0.048868 1.093959 0.096490
v -0.045247 1.045812 0.106580
v 0.000000 1.043940 0.114174
v 0.000000 1.084112 0.112352
v -0.043036 1.133074 0.103759
v 0.000000 1.126909 0.112342
v -0.038916 1.172017 0.115038
v 0.000000 1.168976 0.119171
v 0.000000 1.195994 0.120636
v -0.071536 1.150033 0.086190
v -0.077333 1.336162 0.075178
v -0.105575 1.302848 0.085447
v -0.103434 1.334639 0.055097
v -0.082562 1.184928 0.083318
v -0.116878 1.315875 0.044042
v -0.134185 1.333331 0.037028
v -0.120532 1.315956 0.007181
v -0.125425 1.297301 -0.018651
v -0.130837 1.292446 -0.044805
v -0.093431 1.177778 0.005512
v -0.130905 1.313344 -0.063190
v -0.086139 1.148961 0.045635
v -0.076146 1.114758 0.067771
v -0.075632 1.402586 -0.055685
v -0.074884 1.416057 -0.029513
v -0.048499 1.431448 -0.034293
v -0.074401 1.073687 0.083677
v -0.077671 1.048378 0.090654
v -0.084177 1.005942 0.093730
v -0.101127 1.054209 0.066849
v -0.088958 1.086552 0.062857
v -0.088255 0.967442 0.096662
v -0.083816 1.120522 0.043311
v -0.110156 1.019698 0.068820
v -0.121674 0.981979 0.071219
v -0.133936 0.943949 0.074342
v -0.091103 1.091123 0.040057
v -0.085060 1.148379 0.013162
v -0.104858 1.058524 0.029206
v -0.131321 0.989455 0.022771
v -0.148914 0.939032 0.021309
v -0.118378 1.026045 0.025119
v -0.081081 1.120275 0.015785
v -0.079341 1.171677 -0.020952
v -0.086709 1.088295 0.011233
v -0.096535 1.057296 -0.003387
v -0.107216 1.025833 -0.017458
v -0.118276 0.986598 -0.030492
v -0.069117 1.145599 -0.013929
v -0.062281 1.112271 -0.008848
v -0.069501 1.082339 -0.015161
v -0.075720 1.055944 -0.028245
v -0.082801 1.024151 -0.045791
v -0.036442 1.072831 -0.030188
v -0.043573 1.122064 -0.020738
v -0.028704 1.097568 -0.023993
v -0.042271 1.047227 -0.045308
v 0.000000 1.068027 -0.034986
v 0.000000 1.093490 -0.026976
v 0.000000 1.042614 -0.049962
v -0.042618 1.019066 -0.064062
v 0.000000 1.371627 -0.076190
v -0.034582 1.463771 -0.024343
v -0.021628 1.486189 -0.033435
v 0.000000 1.487803 -0.036585
v -0.035864 1.479892 -0.017674
v -0.024036 1.507196 -0.034272
v 0.000000 1.508206 -0.039066
v -0.039783 1.502102 -0.013323
v 0.000000 0.869482 -0.030758
v 0.000000 0.857084 0.025311
v -0.012407 0.858656 0.025554
v -0.019287 0.865411 -0.031333
v -0.025499 0.857393 -0.024161
v 0.000000 0.903306 -0.070970
v -0.063002 0.865865 -0.062428
v -0.046370 0.901080 -0.084130
v 0.000000 0.945642 -0.082455
v -0.096503 0.916911 -0.077202
v -0.105540 0.881723 -0.062333
v -0.046326 0.950292 -0.090737
v 0.000000 0.985279 -0.077651
v -0.132462 0.933536 -0.037664
v -0.144977 0.904598 -0.030010
v -0.092663 0.958718 -0.078319
v -0.044811 0.990685 -0.080131
v 0.000000 1.011441 -0.067992
v -0.088823 0.991627 -0.064020
v 0.000000 1.331735 0.090530
v 0.000000 1.351013 0.075118
v -0.052233 1.334537 0.088038
v 0.000000 1.457942 0.041652
v 0.000000 1.459099 0.058207
v -0.052856 1.507776 0.041763
v -0.039783 1.502102 -0.013323
v -0.016095 1.550556 0.083860
v -0.053126 1.552594 0.065351
v -0.048849 1.557299 0.071402
v -0.046224 1.555046 0.072821
v -0.044391 1.555811 0.074343
v -0.046018 1.557245 0.076027
v -0.033859 1.553524 0.078970
v -0.043234 1.553311 0.078231
v -0.017236 1.552841 0.084155
v -0.069084 1.521113 0.048513
v -0.052150 1.559731 0.054618
v -0.076057 1.518727 0.063023
v -0.080377 1.500822 0.031309
v -0.086393 1.502027 0.050263
v -0.072219 1.494122 0.032801
v -0.048155 1.526989 0.002103
v -0.069084 1.521113 0.048513
v -0.080377 1.500822 0.031309
v -0.085129 1.447557 -0.000427
v -0.056338 1.465957 -0.032505
v 0.043489 1.518039 -0.011978
v -0.000261 1.472613 -0.029115
v -0.134146 1.333119 -0.098034
v -0.123951 1.333160 -0.095562
v -0.122369 1.360547 -0.077630
v -0.124626 1.301233 -0.112319
v 0.088330 1.377703 -0.065336
v 0.069702 1.422302 -0.040151
v 0.050520 1.427738 -0.054287
v 0.105571 1.331479 -0.091288
v -0.115817 1.301458 -0.110232
v -0.108542 1.277613 -0.118882
v -0.099420 1.279288 -0.121687
v -0.097245 1.262565 -0.124410
v -0.100161 1.305920 -0.117200
v -0.097943 1.331672 -0.109410
v -0.051863 1.361293 -0.091216
v -0.088341 1.359639 -0.097487
v -0.079029 1.320154 -0.117622
v 0.086776 1.339289 -0.125774
v 0.090388 1.307048 -0.125998
v 0.106419 1.301661 -0.103371
v 0.061289 1.516386 0.006325
v 0.043489 1.518039 -0.011978
v 0.036544 1.461947 -0.013429
v 0.047294 1.474931 -0.023931
v 0.041720 1.456381 -0.022171
v 0.041700 1.466642 0.014395
v 0.035470 1.429325 -0.003278
v 0.043325 1.422812 -0.013624
v 0.044528 1.391073 0.004814
v 0.057287 1.388268 0.007606
v 0.047405 1.359990 0.033724
v 0.068644 1.366729 0.042224
v 0.060091 1.341548 0.069029
v 0.036971 1.398746 0.015870
v 0.046013 1.339921 0.064690
v 0.044943 1.331114 0.092241
v 0.038775 1.368331 0.041988
v 0.041341 1.436856 0.024213
v 0.069272 1.436435 0.021424
v 0.042769 1.409962 0.038667
v 0.042036 1.346463 0.067315
v 0.070419 1.408653 0.034189
v 0.045889 1.379711 0.058598
v 0.046392 1.354009 0.077025
v 0.061163 1.350071 0.075382
v 0.060091 1.341548 0.069029
v 0.069794 1.376726 0.053741
v 0.068644 1.366729 0.042224
v 0.066222 1.466990 0.013631
v 0.071822 1.464371 0.004206
v 0.072453 1.460545 -0.008474
v 0.060612 1.452397 -0.023155
v 0.077250 1.435266 0.015070
v 0.072666 1.406960 0.029476
v 0.078931 1.408539 0.029810
v 0.079098 1.430447 -0.002482
v 0.080981 1.372934 0.046780
v 0.075820 1.351004 0.055507
v 0.086523 1.401263 0.012179
v 0.081419 1.353392 0.058819
v 0.081209 1.340676 0.063636
v 0.090691 1.368489 0.036181
v 0.075117 1.390736 -0.001875
v 0.064871 1.421325 -0.017731
v 0.087843 1.349364 0.055008
v 0.041720 1.456381 -0.022171
v 0.047294 1.474931 -0.023931
v 0.043325 1.422812 -0.013624
v 0.061554 1.386587 0.002399
v 0.057287 1.388268 0.007606
v 0.083736 1.357937 0.027527
v 0.070857 1.356951 0.033979
v 0.068644 1.366729 0.042224
v 0.075886 1.345591 0.049567
v 0.075820 1.351004 0.055507
v 0.082731 1.343379 0.047224
v -0.076057 1.518727 0.063023
v 0.002871 1.530955 -0.096771
v -0.092857 1.510364 0.039735
v -0.086393 1.502027 0.050263
v -0.098726 1.490852 0.032954
v -0.069189 1.518369 -0.042337
v -0.044648 1.527163 -0.083225
v -0.133005 1.375124 -0.094251
v -0.113862 1.417197 -0.063842
v -0.088155 1.414213 -0.078779
v -0.045627 1.486166 -0.093726
v -0.073324 1.474373 -0.054979
v 0.001280 1.485831 -0.107592
v 0.000700 1.438101 -0.134724
v -0.046997 1.432623 -0.117348
v 0.043639 1.481311 -0.092154
v 0.071525 1.514688 -0.012870
v 0.064936 1.511755 -0.006863
v 0.060612 1.452397 -0.023155
v 0.067419 1.477242 -0.061743
v 0.074385 1.463761 -0.026863
v 0.069702 1.422302 -0.040151
v 0.085276 1.427368 -0.045160
v 0.042195 1.431805 -0.117462
v 0.088330 1.377703 -0.065336
v 0.103574 1.386637 -0.071249
v 0.118901 1.339447 -0.098216
v 0.105571 1.331479 -0.091288
v 0.106419 1.301661 -0.103371
v 0.113187 1.344978 -0.116937
v 0.097525 1.344571 -0.127806
v 0.086776 1.339289 -0.125774
v 0.077702 1.317436 -0.124389
v 0.072820 1.363488 -0.142732
v 0.049637 1.381381 -0.147992
v 0.030251 1.386370 -0.160899
v -0.001058 1.386170 -0.164596
v -0.040201 1.384830 -0.155487
v -0.086853 1.367949 -0.127605
v -0.084561 1.418278 -0.090008
v -0.091752 1.356094 -0.107435
v -0.108163 1.372808 -0.108853
v -0.113920 1.339105 -0.124473
v -0.079029 1.320154 -0.117622
v -0.097943 1.331672 -0.109410
v -0.111256 1.308997 -0.129984
v -0.125893 1.304676 -0.120914
v -0.100161 1.305920 -0.117200
v -0.099420 1.279288 -0.121687
v -0.108542 1.277613 -0.118882
v -0.124626 1.301233 -0.112319
v -0.134146 1.333119 -0.098034
v -0.136507 1.336600 -0.110251
v -0.133211 1.367151 -0.081391
v -0.045325 1.557183 0.076783
v -0.052393 1.557272 0.073476
v -0.039874 1.559052 0.084573
v -0.045042 1.560091 0.083049
v -0.031487 1.560477 0.088167
v -0.023247 1.559036 0.086867
v -0.052393 1.557272 0.073476
v -0.045325 1.557183 0.076783
v 0.045325 1.557183 0.076783
v 0.048158 1.558162 0.076975
v 0.052393 1.557272 0.073476
v 0.049469 1.556575 0.077904
v 0.039874 1.559052 0.084573
v 0.031487 1.560477 0.088167
v 0.023247 1.559036 0.086867
v 0.052393 1.557272 0.073476
v 0.045325 1.557183 0.076783
v -0.429450 1.036890 0.120092
v -0.425523 1.056013 0.092664
v -0.415526 1.055091 0.108455
v -0.390789 1.082855 0.061745
v -0.407650 1.097584 0.057595
v -0.367329 1.135330 0.016046
v -0.372355 1.153030 0.035835
v -0.468693 1.011961 0.107553
v -0.405275 1.113734 0.078359
v -0.387422 1.113724 0.100724
v -0.440221 1.046812 0.152794
v -0.491495 1.003126 0.151822
v -0.488180 1.003461 0.162415
v -0.505562 0.979041 0.168794
v -0.494649 0.994410 0.160499
v -0.492000 0.984727 0.155197
v -0.479313 1.001783 0.170831
v -0.489297 0.994521 0.169172
v -0.503696 0.972988 0.163657
v -0.507609 0.974415 0.170376
v -0.515434 0.955043 0.174884
v -0.520189 0.932987 0.179094
v -0.512404 0.953163 0.169975
v -0.518430 0.930677 0.176879
v -0.517771 0.933418 0.183669
v -0.513709 0.929971 0.182937
v -0.505092 0.953449 0.182215
v -0.511646 0.955385 0.182011
v -0.503437 0.974748 0.177659
v -0.480169 0.992962 0.179393
v -0.478059 0.988641 0.169424
v -0.479094 0.985674 0.173717
v -0.473823 0.992400 0.186113
v -0.489589 0.978038 0.188672
v -0.488461 0.971250 0.183189
v -0.491692 0.973665 0.190634
v -0.496152 0.953796 0.189553
v -0.468353 0.987182 0.185589
v -0.463775 0.994049 0.181426
v -0.478735 0.971598 0.194456
v -0.434320 1.023509 0.167908
v -0.452771 1.001838 0.175425
v -0.484108 0.977940 0.194860
v -0.486271 0.973475 0.196362
v -0.410377 1.064064 0.121731
v -0.371757 1.095338 0.096253
v -0.415526 1.055091 0.108455
v -0.377210 1.083596 0.078784
v -0.416358 1.013956 0.151696
v -0.418837 1.023105 0.161921
v -0.417977 1.008190 0.173636
v -0.327704 1.113077 0.039438
v -0.427461 0.986553 0.183492
v -0.416485 0.988298 0.180703
v -0.414817 0.985476 0.175045
v -0.415233 0.998837 0.169201
v -0.430815 0.982971 0.179445
v -0.426765 0.977831 0.187278
v -0.414453 0.979071 0.183467
v -0.326111 1.143603 0.074404
v -0.345885 1.161588 0.072690
v -0.364944 1.160994 0.052980
v -0.181928 1.256978 0.020275
v -0.178735 1.245452 -0.012388
v -0.149553 1.290017 0.015746
v -0.142048 1.280996 -0.014074
v -0.125425 1.297301 -0.018651
v -0.136600 1.318110 0.022016
v -0.134185 1.333331 0.037028
v -0.220624 1.293008 -0.011170
v -0.207372 1.217819 -0.007319
v -0.178735 1.245452 -0.012388
v -0.180944 1.244368 -0.044240
v -0.142048 1.280996 -0.014074
v -0.194772 1.264037 -0.059634
v -0.141816 1.280883 -0.046781
v -0.125425 1.297301 -0.018651
v -0.130837 1.292446 -0.044805
v -0.156738 1.298366 -0.062629
v -0.130905 1.313344 -0.063190
v -0.143328 1.322110 -0.064286
v -0.124858 1.333513 -0.070377
v -0.138607 1.366064 -0.060543
v -0.113034 1.364551 -0.066708
v -0.178677 1.338490 0.016878
v -0.126144 1.392823 -0.046080
v -0.101975 1.396236 -0.052059
v -0.152779 1.337404 0.032150
v -0.142984 1.389469 -0.038844
v -0.160819 1.386694 -0.011305
v -0.165626 1.365736 0.015929
v -0.139990 1.364251 0.031364
v -0.134858 1.399262 -0.020013
v -0.117220 1.402655 -0.024831
v -0.115996 1.401336 -0.003374
v -0.095413 1.400793 -0.001846
v -0.127661 1.389884 0.018509
v -0.101994 1.390823 0.023107
v -0.116268 1.361344 0.039703
v -0.149984 1.388750 0.009053
v -0.136469 1.397726 -0.006324
v -0.413237 0.976036 0.178117
v -0.429607 0.974067 0.183859
v -0.431655 0.981010 0.173518
v -0.430815 0.982971 0.179445
v -0.436525 0.996166 0.174673
v -0.418046 0.981295 0.169710
v -0.442572 0.997912 0.148105
v -0.421179 0.991237 0.162865
v -0.415233 0.998837 0.169201
v -0.449734 1.028054 0.104149
v -0.456844 1.006584 0.123014
v -0.468353 0.987182 0.185589
v -0.478735 0.971598 0.194456
v -0.466124 0.982713 0.178534
v -0.477928 0.966897 0.188571
v -0.486959 0.953841 0.200608
v -0.478534 0.981568 0.163495
v -0.512404 0.953163 0.169975
v -0.503696 0.972988 0.163657
v -0.506405 0.951502 0.169001
v -0.513756 0.930855 0.175633
v -0.518430 0.930677 0.176879
v -0.511171 0.930286 0.179996
v -0.513709 0.929971 0.182937
v -0.502593 0.950863 0.175630
v -0.498051 0.968529 0.164407
v -0.505092 0.953449 0.182215
v -0.493458 0.967411 0.170918
v -0.482043 0.985221 0.169556
v -0.482812 0.966875 0.182914
v -0.490024 0.951774 0.189009
v -0.488461 0.971250 0.183189
v 0.415526 1.055091 0.108455
v 0.327704 1.113077 0.039438
v 0.407650 1.097584 0.057595
v 0.405275 1.113734 0.078359
v 0.387422 1.113724 0.100724
v 0.488180 1.003461 0.162415
v 0.507609 0.974415 0.170376
v 0.515434 0.955043 0.174884
v 0.503696 0.972988 0.163657
v 0.512404 0.953163 0.169975
v 0.520189 0.932987 0.179094
v 0.518430 0.930677 0.176879
v 0.517771 0.933418 0.183669
v 0.513709 0.929971 0.182937
v 0.505092 0.953449 0.182215
v 0.511646 0.955385 0.182011
v 0.503437 0.974748 0.177659
v 0.478059 0.988641 0.169424
v 0.489297 0.994521 0.169172
v 0.489589 0.978038 0.188672
v 0.488461 0.971250 0.183189
v 0.479094 0.985674 0.173717
v 0.491692 0.973665 0.190634
v 0.496152 0.953796 0.189553
v 0.468353 0.987182 0.185589
v 0.478735 0.971598 0.194456
v 0.484108 0.977940 0.194860
v 0.486271 0.973475 0.196362
v 0.486959 0.953841 0.200608
v 0.424448 1.048457 0.137996
v 0.410377 1.064064 0.121731
v 0.371757 1.095338 0.096253
v 0.415526 1.055091 0.108455
v 0.429450 1.036890 0.120092
v 0.377210 1.083596 0.078784
v 0.418837 1.023105 0.161921
v 0.434320 1.023509 0.167908
v 0.417977 1.008190 0.173636
v 0.429761 1.007781 0.177325
v 0.436525 0.996166 0.174673
v 0.427461 0.986553 0.183492
v 0.430815 0.982971 0.179445
v 0.416485 0.988298 0.180703
v 0.415233 0.998837 0.169201
v 0.414817 0.985476 0.175045
v 0.426765 0.977831 0.187278
v 0.414453 0.979071 0.183467
v 0.413237 0.976036 0.178117
v 0.207372 1.217819 -0.007319
v 0.233412 1.248681 0.027093
v 0.181928 1.256978 0.020275
v 0.178735 1.245452 -0.012388
v 0.142048 1.280996 -0.014074
v 0.125425 1.297301 -0.018651
v 0.120532 1.315956 0.007181
v 0.134185 1.333331 0.037028
v 0.220624 1.293008 -0.011170
v 0.178735 1.245452 -0.012388
v 0.226630 1.238115 -0.050962
v 0.180944 1.244368 -0.044240
v 0.142048 1.280996 -0.014074
v 0.194772 1.264037 -0.059634
v 0.141816 1.280883 -0.046781
v 0.125425 1.297301 -0.018651
v 0.130837 1.292446 -0.044805
v 0.156738 1.298366 -0.062629
v 0.130905 1.313344 -0.063190
v 0.143328 1.322110 -0.064286
v 0.124858 1.333513 -0.070377
v 0.138607 1.366064 -0.060543
v 0.126144 1.392823 -0.046080
v 0.113034 1.364551 -0.066708
v 0.152779 1.337404 0.032150
v 0.142984 1.389469 -0.038844
v 0.160819 1.386694 -0.011305
v 0.165626 1.365736 0.015929
v 0.139990 1.364251 0.031364
v 0.116268 1.361344 0.039703
v 0.117220 1.402655 -0.024831
v 0.134858 1.399262 -0.020013
v 0.115996 1.401336 -0.003374
v 0.095413 1.400793 -0.001846
v 0.101994 1.390823 0.023107
v 0.127661 1.389884 0.018509
v 0.149984 1.388750 0.009053
v 0.136469 1.397726 -0.006324
v 0.416304 0.973147 0.172728
v 0.413237 0.976036 0.178117
v 0.430815 0.982971 0.179445
v 0.429607 0.974067 0.183859
v 0.414817 0.985476 0.175045
v 0.418046 0.981295 0.169710
v 0.442572 0.997912 0.148105
v 0.434850 0.989140 0.167978
v 0.421179 0.991237 0.162865
v 0.416358 1.013956 0.151696
v 0.429450 1.036890 0.120092
v 0.456844 1.006584 0.123014
v 0.468693 1.011961 0.107553
v 0.478735 0.971598 0.194456
v 0.468353 0.987182 0.185589
v 0.466124 0.982713 0.178534
v 0.477928 0.966897 0.188571
v 0.486959 0.953841 0.200608
v 0.478534 0.981568 0.163495
v 0.482812 0.966875 0.182914
v 0.513756 0.930855 0.175633
v 0.506405 0.951502 0.169001
v 0.512404 0.953163 0.169975
v 0.518430 0.930677 0.176879
v 0.511171 0.930286 0.179996
v 0.513709 0.929971 0.182937
v 0.502593 0.950863 0.175630
v 0.505092 0.953449 0.182215
v 0.478059 0.988641 0.169424
v 0.470588 0.981818 0.170405
v 0.488461 0.971250 0.183189
v 0.490024 0.951774 0.189009
v 0.496152 0.953796 0.189553
v -0.036416 1.545690 0.080088
v 0.042535 1.352247 0.070394
v 0.022753 1.366477 0.061780
v 0.000000 1.370836 0.059628
v 0.089850 1.362103 0.044918
v 0.101994 1.390823 0.023107
v 0.116268 1.361344 0.039703
v 0.130905 1.313344 -0.063190
v 0.124858 1.333513 -0.070377
v 0.113034 1.364551 -0.066708
v 0.000000 1.370836 0.059628
v 0.022753 1.366477 0.061780
v -0.022753 1.366477 0.061780
v -0.042535 1.352247 0.070394
v -0.052233 1.334537 0.088038
v -0.103434 1.334639 0.055097
v -0.116268 1.361344 0.039703
v -0.134185 1.333331 0.037028
v -0.101994 1.390823 0.023107
v -0.096553 1.407901 -0.027822
v -0.124858 1.333513 -0.070377
v -0.113034 1.364551 -0.066708
v -0.101975 1.396236 -0.052059
v -0.096553 1.407901 -0.027822
v 0.000000 1.370836 0.059628
v -0.022753 1.366477 0.061780
v -0.023611 1.351777 0.073738
v -0.042535 1.352247 0.070394
v -0.094898 1.485743 0.041880
v -0.095031 1.487065 0.027503
v -0.106906 1.465142 0.034145
v -0.052150 1.559731 0.054618
v -0.093626 1.453752 -0.004566
v -0.114785 1.407821 -0.049190
v -0.066028 1.408423 -0.066023
v -0.107739 1.401201 -0.044981
v -0.133211 1.367151 -0.081391
v 0.047294 1.474931 -0.023931
v -0.001529 1.416331 -0.063661
v 0.060612 1.452397 -0.023155
v -0.084799 1.506323 0.026843
v -0.094898 1.485743 0.041880
v -0.106906 1.465142 0.034145
v -0.095031 1.487065 0.027503
v -0.080377 1.500822 0.031309
v -0.093626 1.453752 -0.004566
v -0.091101 1.465841 -0.030457
v -0.114785 1.407821 -0.049190
v -0.080825 1.468114 -0.037272
v -0.088341 1.359639 -0.097487
v -0.496199 0.972678 0.177778
v -0.501403 0.979520 0.176753
v -0.482043 0.985221 0.169556
v -0.436525 0.996166 0.174673
v -0.429761 1.007781 0.177325
v -0.120532 1.315956 0.007181
v -0.096553 1.407901 -0.027822
v -0.414817 0.985476 0.175045
v -0.434850 0.989140 0.167978
v -0.452324 0.993401 0.170815
v -0.452771 1.001838 0.175425
v -0.463775 0.994049 0.181426
v -0.468693 1.011961 0.107553
v -0.458972 0.989750 0.156288
v -0.459708 0.987528 0.174721
v -0.470588 0.981818 0.170405
v -0.492000 0.984727 0.155197
v -0.496199 0.972678 0.177778
v -0.478059 0.988641 0.169424
v -0.479094 0.985674 0.173717
v 0.496635 1.003756 0.118066
v 0.482678 0.996097 0.113318
v 0.482832 1.021205 0.137448
v 0.497333 1.003077 0.143927
v 0.505562 0.979041 0.168794
v 0.496199 0.972678 0.177778
v 0.501403 0.979520 0.176753
v 0.482043 0.985221 0.169556
v 0.452771 1.001838 0.175425
v 0.101975 1.396236 -0.052059
v 0.096553 1.407901 -0.027822
v 0.431655 0.981010 0.173518
v 0.436525 0.996166 0.174673
v 0.415233 0.998837 0.169201
v 0.452324 0.993401 0.170815
v 0.452771 1.001838 0.175425
v 0.463775 0.994049 0.181426
v 0.458972 0.989750 0.156288
v 0.459708 0.987528 0.174721
v 0.503696 0.972988 0.163657
v 0.498051 0.968529 0.164407
v 0.493458 0.967411 0.170918
v 0.496199 0.972678 0.177778
v 0.482043 0.985221 0.169556
v 0.479094 0.985674 0.173717
vt 0.632813 0.258789
vt 0.606934 0.211792
vt 0.638184 0.196777
vt 0.660645 0.302734
vt 0.605957 0.278320
vt 0.636230 0.315186
vt 0.686523 0.288574
vt 0.684082 0.336914
vt 0.819336 0.409912
vt 0.806641 0.373535
vt 0.848145 0.413086
vt 0.786621 0.405029
vt 0.777832 0.385010
vt 0.739746 0.442627
vt 0.714355 0.439453
vt 0.723145 0.398682
vt 0.754883 0.392822
vt 0.792480 0.421631
vt 0.673340 0.547852
vt 0.656250 0.519531
vt 0.687012 0.519043
vt 0.695801 0.472412
vt 0.726563 0.467529
vt 0.707031 0.495850
vt 0.670898 0.495361
vt 0.766602 0.427490
vt 0.773438 0.450928
vt 0.747559 0.562988
vt 0.738281 0.489502
vt 0.759766 0.489746
vt 0.781738 0.484863
vt 0.810547 0.475098
vt 0.826660 0.529297
vt 0.828125 0.436523
vt 0.833984 0.468506
vt 0.865234 0.457764
vt 0.850586 0.520996
vt 0.788086 0.755859
vt 0.784180 0.729004
vt 0.801758 0.753906
vt 0.819336 0.752930
vt 0.799316 0.727539
vt 0.815918 0.728027
vt 0.817383 0.713379
vt 0.841309 0.751465
vt 0.842773 0.729492
vt 0.844238 0.697266
vt 0.869629 0.736328
vt 0.880371 0.715332
vt 0.908203 0.738770
vt 0.864746 0.751465
vt 0.904297 0.755371
vt 0.930176 0.762207
vt 0.929688 0.767090
vt 0.903320 0.761230
vt 0.964844 0.766113
vt 0.966309 0.769043
vt 0.977539 0.763184
vt 0.932129 0.749512
vt 0.975098 0.760742
vt 0.984863 0.751465
vt 0.963379 0.755371
vt 0.967285 0.751953
vt 0.947266 0.729980
vt 0.981445 0.750977
vt 0.980957 0.719727
vt 0.986328 0.720703
vt 0.970703 0.748047
vt 0.965820 0.718750
vt 0.959473 0.700684
vt 0.977539 0.692871
vt 0.965332 0.646973
vt 0.952637 0.649902
vt 0.950195 0.617187
vt 0.983398 0.645020
vt 0.983887 0.693848
vt 0.986328 0.619629
vt 0.962891 0.618164
vt 0.988281 0.599121
vt 0.177002 0.387695
vt 0.163574 0.386230
vt 0.163330 0.368652
vt 0.194336 0.404541
vt 0.192505 0.375000
vt 0.212036 0.376465
vt 0.282959 0.377197
vt 0.263184 0.394043
vt 0.251465 0.370117
vt 0.297607 0.370361
vt 0.273438 0.351562
vt 0.303955 0.394043
vt 0.312988 0.332275
vt 0.290283 0.339600
vt 0.273438 0.303955
vt 0.317383 0.360596
vt 0.333496 0.327393
vt 0.336182 0.358398
vt 0.306641 0.303467
vt 0.361084 0.328857
vt 0.423096 0.405273
vt 0.386963 0.420166
vt 0.407471 0.377441
vt 0.369385 0.278320
vt 0.349609 0.278076
vt 0.364502 0.254883
vt 0.388916 0.273926
vt 0.375977 0.299561
vt 0.354248 0.302734
vt 0.437256 0.363770
vt 0.449951 0.393311
vt 0.483643 0.485352
vt 0.470947 0.493652
vt 0.451660 0.475830
vt 0.492920 0.506348
vt 0.010895 0.096619
vt 0.081482 0.099182
vt 0.080872 0.172852
vt 0.142334 0.095886
vt 0.085571 0.036682
vt 0.010895 0.015343
vt 0.373535 0.018921
vt 0.380615 0.043579
vt 0.384766 0.031006
vt 0.360840 0.048950
vt 0.351563 0.016464
vt 0.324707 0.015930
vt 0.255615 0.024094
vt 0.226807 0.045013
vt 0.258057 0.073120
vt 0.229248 0.065186
vt 0.224609 0.055237
vt 0.028580 0.667480
vt 0.008858 0.664551
vt 0.008858 0.637695
vt 0.025116 0.686523
vt 0.008858 0.683105
vt 0.008858 0.700195
vt 0.041534 0.691895
vt 0.049713 0.674316
vt 0.065002 0.695312
vt 0.020691 0.701660
vt 0.034210 0.704590
vt 0.021515 0.708496
vt 0.008858 0.708008
vt 0.008858 0.715332
vt 0.032135 0.709473
vt 0.053375 0.703613
vt 0.019623 0.715820
vt 0.051361 0.708496
vt 0.057251 0.709473
vt 0.018463 0.732422
vt 0.008858 0.731934
vt 0.008858 0.738770
vt 0.034637 0.713867
vt 0.038574 0.722168
vt 0.019089 0.741211
vt 0.008858 0.746582
vt 0.053680 0.714355
vt 0.045898 0.735840
vt 0.035675 0.749512
vt 0.019165 0.747559
vt 0.008858 0.750977
vt 0.063171 0.725098
vt 0.017517 0.752441
vt 0.070618 0.712891
vt 0.055450 0.751953
vt 0.075500 0.737305
vt 0.017471 0.763672
vt 0.008858 0.762207
vt 0.008858 0.770020
vt 0.016342 0.770996
vt 0.008858 0.779297
vt 0.217163 0.813965
vt 0.218994 0.808105
vt 0.244385 0.812012
vt 0.207642 0.794434
vt 0.192749 0.831055
vt 0.158813 0.839844
vt 0.148071 0.812988
vt 0.159790 0.897949
vt 0.138062 0.876953
vt 0.137085 0.834961
vt 0.116394 0.918457
vt 0.131348 0.945312
vt 0.090820 0.958496
vt 0.078918 0.923340
vt 0.048889 0.963379
vt 0.106934 0.892090
vt 0.043030 0.924316
vt 0.008858 0.964844
vt 0.008858 0.922363
vt 0.071899 0.893066
vt 0.038361 0.879395
vt 0.008858 0.883301
vt 0.098633 0.870605
vt 0.120117 0.855957
vt 0.008858 0.860840
vt 0.020874 0.861816
vt 0.030426 0.766602
vt 0.032562 0.777832
vt 0.040649 0.762695
vt 0.033081 0.790527
vt 0.026642 0.759766
vt 0.036621 0.760254
vt 0.034729 0.753418
vt 0.048218 0.783203
vt 0.606445 0.211792
vt 0.574219 0.234009
vt 0.662109 0.244873
vt 0.638672 0.196777
vt 0.660156 0.302734
vt 0.606445 0.278320
vt 0.635742 0.315186
vt 0.657227 0.352539
vt 0.612305 0.336182
vt 0.740234 0.442627
vt 0.714844 0.439453
vt 0.696289 0.472412
vt 0.686523 0.519043
vt 0.847656 0.413086
vt 0.792969 0.421631
vt 0.748047 0.562988
vt 0.866211 0.431152
vt 0.782227 0.484863
vt 0.827148 0.529297
vt 0.880859 0.508301
vt 0.962891 0.593262
vt 0.964844 0.646973
vt 0.952148 0.649902
vt 0.981445 0.719727
vt 0.959961 0.700684
vt 0.984375 0.751465
vt 0.974609 0.760742
vt 0.965820 0.769043
vt 0.930664 0.762207
vt 0.932617 0.749512
vt 0.963867 0.755371
vt 0.967773 0.751953
vt 0.933594 0.715820
vt 0.870117 0.736328
vt 0.879883 0.715332
vt 0.840820 0.751465
vt 0.865234 0.751465
vt 0.816406 0.728027
vt 0.844727 0.697266
vt 0.798828 0.727539
vt 0.176758 0.387695
vt 0.192383 0.375000
vt 0.163086 0.368652
vt 0.163086 0.386230
vt 0.201172 0.427490
vt 0.216797 0.404541
vt 0.283203 0.377197
vt 0.262695 0.394043
vt 0.291016 0.403564
vt 0.303711 0.394043
vt 0.297852 0.370361
vt 0.290039 0.339600
vt 0.313477 0.332275
vt 0.333984 0.327393
vt 0.335938 0.358398
vt 0.361328 0.328857
vt 0.422852 0.405273
vt 0.407227 0.377441
vt 0.386719 0.420166
vt 0.405273 0.449951
vt 0.354492 0.302734
vt 0.369141 0.278320
vt 0.388672 0.273926
vt 0.364258 0.254883
vt 0.383789 0.252930
vt 0.450195 0.393311
vt 0.437500 0.363770
vt 0.440430 0.437744
vt 0.483398 0.485352
vt 0.475586 0.464111
vt 0.451172 0.475830
vt 0.470703 0.493652
vt 0.455078 0.503418
vt 0.493164 0.506348
vt 0.479492 0.511719
vt 0.142578 0.095886
vt 0.081055 0.099182
vt 0.081055 0.172852
vt 0.085938 0.036682
vt 0.010742 0.096619
vt 0.010742 0.015343
vt 0.380859 0.043579
vt 0.373047 0.018921
vt 0.360352 0.048950
vt 0.324219 0.015930
vt 0.333984 0.053833
vt 0.286133 0.073120
vt 0.282227 0.014587
vt 0.257813 0.073120
vt 0.255859 0.024094
vt 0.226563 0.045013
vt 0.229492 0.065186
vt 0.028320 0.667480
vt 0.033203 0.645996
vt 0.008789 0.637695
vt 0.008789 0.664551
vt 0.049805 0.674316
vt 0.025391 0.686523
vt 0.008789 0.683105
vt 0.008789 0.700195
vt 0.041992 0.691895
vt 0.020508 0.701660
vt 0.008789 0.708008
vt 0.008789 0.715332
vt 0.032227 0.709473
vt 0.053711 0.703613
vt 0.065430 0.695312
vt 0.019531 0.715820
vt 0.051758 0.708496
vt 0.057617 0.709473
vt 0.018555 0.732422
vt 0.008789 0.731934
vt 0.008789 0.738770
vt 0.034180 0.713867
vt 0.039063 0.722168
vt 0.019531 0.741211
vt 0.008789 0.746582
vt 0.036133 0.749512
vt 0.019531 0.747559
vt 0.008789 0.750977
vt 0.063477 0.725098
vt 0.017578 0.752441
vt 0.070313 0.712891
vt 0.055664 0.751953
vt 0.075195 0.737305
vt 0.017578 0.763672
vt 0.008789 0.762207
vt 0.008789 0.770020
vt 0.016602 0.770996
vt 0.008789 0.779297
vt 0.216797 0.813965
vt 0.245117 0.821289
vt 0.244141 0.812012
vt 0.192383 0.831055
vt 0.208008 0.794434
vt 0.173828 0.791992
vt 0.148438 0.812988
vt 0.159180 0.839844
vt 0.116211 0.918457
vt 0.160156 0.897949
vt 0.137695 0.876953
vt 0.131836 0.945312
vt 0.079102 0.923340
vt 0.048828 0.963379
vt 0.106445 0.892090
vt 0.008789 0.964844
vt 0.008789 0.922363
vt 0.072266 0.893066
vt 0.038086 0.879395
vt 0.008789 0.883301
vt 0.020508 0.861816
vt 0.008789 0.860840
vt 0.021484 0.842773
vt 0.016602 0.779785
vt 0.032227 0.777832
vt 0.030273 0.766602
vt 0.041016 0.762695
vt 0.033203 0.790527
vt 0.026367 0.759766
vt 0.037109 0.760254
vt 0.035156 0.753418
vt 0.172119 0.607422
vt 0.149902 0.598145
vt 0.147339 0.602051
vt 0.152588 0.621094
vt 0.162231 0.629883
vt 0.175903 0.637695
vt 0.184692 0.618164
vt 0.361084 0.820312
vt 0.364746 0.837402
vt 0.340820 0.848145
vt 0.383545 0.816406
vt 0.375977 0.855957
vt 0.354736 0.871094
vt 0.389648 0.824219
vt 0.399902 0.814453
vt 0.398193 0.820801
vt 0.401367 0.820312
vt 0.393066 0.827148
vt 0.421143 0.820801
vt 0.397461 0.840820
vt 0.419434 0.825684
vt 0.425293 0.825684
vt 0.410400 0.850098
vt 0.392090 0.871582
vt 0.373779 0.892578
vt 0.395996 0.874512
vt 0.411865 0.858398
vt 0.399902 0.879395
vt 0.387939 0.905273
vt 0.375000 0.924805
vt 0.360840 0.920410
vt 0.406738 0.885742
vt 0.432129 0.949219
vt 0.414795 0.954590
vt 0.413574 0.944336
vt 0.419189 0.867676
vt 0.416748 0.864258
vt 0.425781 0.855469
vt 0.296143 0.513672
vt 0.277100 0.515625
vt 0.293701 0.492432
vt 0.315674 0.474365
vt 0.315430 0.507324
vt 0.336670 0.469238
vt 0.310791 0.519531
vt 0.280273 0.544922
vt 0.331299 0.502441
vt 0.334717 0.509766
vt 0.359863 0.484131
vt 0.365479 0.473145
vt 0.370850 0.489990
vt 0.348389 0.502441
vt 0.351563 0.511230
vt 0.366211 0.495117
vt 0.375732 0.507324
vt 0.372803 0.513184
vt 0.401123 0.560059
vt 0.415283 0.570801
vt 0.399414 0.565430
vt 0.372559 0.558105
vt 0.374268 0.557129
vt 0.376221 0.544434
vt 0.405273 0.579590
vt 0.373535 0.562012
vt 0.381836 0.594727
vt 0.349609 0.570312
vt 0.365479 0.555664
vt 0.356934 0.549316
vt 0.353271 0.541504
vt 0.329834 0.545898
vt 0.335693 0.556152
vt 0.313965 0.556152
vt 0.322510 0.565430
vt 0.311523 0.575684
vt 0.337402 0.580078
vt 0.302734 0.579590
vt 0.322998 0.590332
vt 0.312500 0.599121
vt 0.340088 0.612305
vt 0.300537 0.598145
vt 0.293945 0.591797
vt 0.287842 0.602539
vt 0.283936 0.602051
vt 0.300293 0.613281
vt 0.326416 0.622070
vt 0.310303 0.632324
vt 0.337891 0.640137
vt 0.326660 0.653320
vt 0.352051 0.635742
vt 0.347900 0.657227
vt 0.348145 0.675293
vt 0.364990 0.653320
vt 0.369629 0.673340
vt 0.349365 0.690918
vt 0.332031 0.701660
vt 0.344971 0.709473
vt 0.367432 0.692871
vt 0.320068 0.726562
vt 0.361572 0.715820
vt 0.394043 0.694824
vt 0.337891 0.731934
vt 0.311523 0.747559
vt 0.354980 0.738770
vt 0.387695 0.720703
vt 0.333008 0.753418
vt 0.328613 0.771973
vt 0.307373 0.765137
vt 0.305664 0.769531
vt 0.326660 0.777832
vt 0.341309 0.787598
vt 0.348633 0.760742
vt 0.379639 0.748535
vt 0.343018 0.782715
vt 0.370605 0.773437
vt 0.360596 0.792969
vt 0.357422 0.798340
vt 0.391113 0.808105
vt 0.395996 0.783691
vt 0.403564 0.758301
vt 0.392578 0.801270
vt 0.421387 0.794434
vt 0.423584 0.785645
vt 0.631836 0.542969
vt 0.604004 0.547852
vt 0.630859 0.536621
vt 0.651367 0.540039
vt 0.633301 0.546875
vt 0.606934 0.557129
vt 0.634766 0.551270
vt 0.611328 0.564453
vt 0.638184 0.556641
vt 0.616211 0.574707
vt 0.637695 0.601074
vt 0.610352 0.596680
vt 0.640625 0.583008
vt 0.666992 0.606934
vt 0.669922 0.596680
vt 0.691895 0.607910
vt 0.665039 0.621582
vt 0.635742 0.623047
vt 0.689941 0.612305
vt 0.704590 0.615723
vt 0.689941 0.619141
vt 0.694336 0.625977
vt 0.665527 0.626465
vt 0.635742 0.625000
vt 0.697754 0.637207
vt 0.706055 0.628418
vt 0.725098 0.654297
vt 0.661133 0.640625
vt 0.633789 0.637695
vt 0.695801 0.647949
vt 0.720215 0.658691
vt 0.694824 0.654297
vt 0.660645 0.659180
vt 0.693359 0.660156
vt 0.725586 0.663086
vt 0.693359 0.669922
vt 0.707031 0.676270
vt 0.663574 0.678711
vt 0.636230 0.683105
vt 0.687500 0.679199
vt 0.691895 0.689941
vt 0.709961 0.683594
vt 0.695313 0.695801
vt 0.673828 0.711426
vt 0.669434 0.700195
vt 0.638184 0.712402
vt 0.642090 0.728516
vt 0.989258 0.514160
vt 0.989258 0.528809
vt 0.962891 0.530762
vt 0.960938 0.516113
vt 0.954590 0.476807
vt 0.989258 0.475098
vt 0.936035 0.536133
vt 0.989258 0.426758
vt 0.932617 0.522461
vt 0.909180 0.544434
vt 0.904785 0.531738
vt 0.891113 0.489258
vt 0.922852 0.481689
vt 0.875000 0.436768
vt 0.911621 0.431396
vt 0.858398 0.389893
vt 0.947754 0.428223
vt 0.989258 0.375488
vt 0.941895 0.377930
vt 0.989258 0.328125
vt 0.901367 0.381104
vt 0.841309 0.342773
vt 0.938477 0.329590
vt 0.989258 0.282471
vt 0.937012 0.281494
vt 0.892090 0.333496
vt 0.825195 0.292969
vt 0.881836 0.287109
vt 0.989258 0.255615
vt 0.989258 0.240845
vt 0.961426 0.257568
vt 0.959473 0.243042
vt 0.953613 0.203491
vt 0.989258 0.201782
vt 0.934570 0.262695
vt 0.989258 0.153564
vt 0.931641 0.249390
vt 0.908203 0.270752
vt 0.903809 0.258545
vt 0.889648 0.215942
vt 0.921387 0.208374
vt 0.874023 0.163452
vt 0.910645 0.157959
vt 0.857910 0.116516
vt 0.946777 0.155029
vt 0.989258 0.102417
vt 0.940918 0.104736
vt 0.989258 0.054901
vt 0.900391 0.107849
vt 0.840820 0.069275
vt 0.937500 0.056274
vt 0.989258 0.009216
vt 0.936035 0.008263
vt 0.891113 0.060028
vt 0.824219 0.019745
vt 0.880859 0.013763
vt 0.955078 0.476807
vt 0.935547 0.536133
vt 0.905273 0.531738
vt 0.890625 0.489258
vt 0.912109 0.431396
vt 0.948242 0.428223
vt 0.942383 0.377930
vt 0.841797 0.342773
vt 0.936523 0.281494
vt 0.891602 0.333496
vt 0.961914 0.257568
vt 0.959961 0.243042
vt 0.953125 0.203491
vt 0.904297 0.258545
vt 0.921875 0.208374
vt 0.910156 0.157959
vt 0.857422 0.116516
vt 0.947266 0.155029
vt 0.941406 0.104736
vt 0.936523 0.008263
vt 0.890625 0.060028
vt 0.050781 0.567383
vt 0.049805 0.570801
vt 0.061523 0.572754
vt 0.038086 0.567383
vt 0.039063 0.569336
vt 0.037109 0.555664
vt 0.043945 0.552246
vt 0.038086 0.550781
vt 0.026367 0.559082
vt 0.038086 0.560059
vt 0.026367 0.561035
vt 0.026367 0.556152
vt 0.015625 0.557617
vt 0.050690 0.567383
vt 0.049438 0.570801
vt 0.038849 0.569336
vt 0.038208 0.567383
vt 0.037506 0.555664
vt 0.044373 0.552246
vt 0.038208 0.560059
vt 0.026566 0.559082
vt 0.037781 0.550781
vt 0.026550 0.561035
vt 0.026596 0.556152
vt 0.015396 0.557617
vt 0.560547 0.942383
vt 0.557617 0.926758
vt 0.581055 0.927734
vt 0.552734 0.946289
vt 0.547852 0.931641
vt 0.542969 0.909668
vt 0.550781 0.907715
vt 0.579102 0.908691
vt 0.522461 0.930664
vt 0.526367 0.938477
vt 0.505859 0.953125
vt 0.510742 0.944336
vt 0.518555 0.955078
vt 0.553711 0.887695
vt 0.578125 0.887207
vt 0.501953 0.948730
vt 0.515625 0.919922
vt 0.511719 0.905273
vt 0.489258 0.958496
vt 0.494141 0.960937
vt 0.482422 0.969238
vt 0.467773 0.975098
vt 0.469727 0.972656
vt 0.480469 0.965332
vt 0.463867 0.970703
vt 0.466797 0.969727
vt 0.476563 0.960937
vt 0.473633 0.958008
vt 0.486328 0.953613
vt 0.483398 0.947754
vt 0.489258 0.950684
vt 0.491211 0.940430
vt 0.498047 0.943848
vt 0.492188 0.938477
vt 0.491211 0.932129
vt 0.491211 0.939453
vt 0.488281 0.926270
vt 0.498047 0.925781
vt 0.477539 0.938477
vt 0.477539 0.945312
vt 0.473633 0.940430
vt 0.444336 0.954102
vt 0.446289 0.951660
vt 0.460938 0.946289
vt 0.441406 0.947754
vt 0.444336 0.948242
vt 0.458008 0.940918
vt 0.455078 0.936035
vt 0.474609 0.932617
vt 0.468750 0.928223
vt 0.491211 0.883301
vt 0.511719 0.885254
vt 0.491211 0.888672
vt 0.428711 0.877930
vt 0.431641 0.876953
vt 0.448242 0.881348
vt 0.430664 0.871094
vt 0.432617 0.872559
vt 0.553711 0.859863
vt 0.561523 0.855957
vt 0.556641 0.873047
vt 0.548828 0.871094
vt 0.493164 0.823242
vt 0.501953 0.831543
vt 0.498047 0.833496
vt 0.491211 0.826172
vt 0.489258 0.840820
vt 0.482422 0.819336
vt 0.477539 0.837402
vt 0.481445 0.834473
vt 0.487305 0.845215
vt 0.475586 0.826172
vt 0.482422 0.822266
vt 0.477539 0.826660
vt 0.786133 0.772949
vt 0.783203 0.772461
vt 0.782227 0.761719
vt 0.778320 0.779297
vt 0.778320 0.776855
vt 0.768555 0.773926
vt 0.777344 0.761719
vt 0.767578 0.769043
vt 0.755859 0.703125
vt 0.764648 0.722656
vt 0.750977 0.727539
vt 0.741211 0.707031
vt 0.744141 0.693359
vt 0.735352 0.687988
vt 0.691406 0.722656
vt 0.696289 0.714355
vt 0.708984 0.729004
vt 0.677734 0.727539
vt 0.691406 0.715820
vt 0.651367 0.734863
vt 0.648438 0.734375
vt 0.662109 0.726562
vt 0.652344 0.738770
vt 0.650391 0.740723
vt 0.665039 0.736816
vt 0.678711 0.733887
vt 0.677734 0.739258
vt 0.666016 0.741699
vt 0.687500 0.735840
vt 0.691406 0.731934
vt 0.694336 0.738770
vt 0.698242 0.732422
vt 0.688477 0.737305
vt 0.688477 0.736328
vt 0.698242 0.745117
vt 0.680664 0.750000
vt 0.658203 0.768066
vt 0.660156 0.771484
vt 0.654297 0.768555
vt 0.670898 0.757812
vt 0.659180 0.774414
vt 0.673828 0.762695
vt 0.694336 0.807617
vt 0.690430 0.809570
vt 0.698242 0.790527
vt 0.698242 0.809570
vt 0.698242 0.812988
vt 0.707031 0.795410
vt 0.560059 0.942383
vt 0.558105 0.959473
vt 0.581543 0.944824
vt 0.580566 0.927734
vt 0.547363 0.931641
vt 0.542480 0.909668
vt 0.551270 0.907715
vt 0.534180 0.949219
vt 0.578613 0.887207
vt 0.554199 0.887695
vt 0.501465 0.948730
vt 0.492676 0.956055
vt 0.505371 0.953125
vt 0.541504 0.884277
vt 0.511230 0.905273
vt 0.468018 0.975098
vt 0.469482 0.972656
vt 0.464111 0.970703
vt 0.476807 0.960937
vt 0.489746 0.958496
vt 0.485840 0.953613
vt 0.483154 0.947754
vt 0.489014 0.950684
vt 0.490967 0.932129
vt 0.477051 0.938477
vt 0.491455 0.939453
vt 0.441162 0.947754
vt 0.444092 0.954102
vt 0.445801 0.951660
vt 0.460693 0.946289
vt 0.458252 0.940918
vt 0.444580 0.948242
vt 0.469238 0.928223
vt 0.470947 0.934570
vt 0.481445 0.920898
vt 0.495361 0.917480
vt 0.482910 0.920898
vt 0.491455 0.897461
vt 0.511230 0.885254
vt 0.482666 0.889648
vt 0.483398 0.882324
vt 0.490234 0.877441
vt 0.428467 0.877930
vt 0.431396 0.876953
vt 0.430420 0.871094
vt 0.553223 0.859863
vt 0.535156 0.850098
vt 0.548340 0.871094
vt 0.490967 0.826172
vt 0.497803 0.833496
vt 0.482178 0.819336
vt 0.477783 0.837402
vt 0.487793 0.845215
vt 0.481934 0.834473
vt 0.475098 0.826172
vt 0.477783 0.826660
vt 0.482666 0.822266
vt 0.766602 0.875977
vt 0.767090 0.893066
vt 0.772949 0.874512
vt 0.758789 0.856445
vt 0.791992 0.892090
vt 0.779785 0.862305
vt 0.783691 0.772461
vt 0.777832 0.779297
vt 0.778809 0.776855
vt 0.776855 0.761719
vt 0.768066 0.769043
vt 0.756348 0.703125
vt 0.729980 0.692871
vt 0.690918 0.715820
vt 0.649902 0.740723
vt 0.678223 0.733887
vt 0.678223 0.739258
vt 0.698730 0.732422
vt 0.693848 0.738770
vt 0.681152 0.750000
vt 0.657715 0.768066
vt 0.670410 0.757812
vt 0.654785 0.768555
vt 0.658691 0.774414
vt 0.690918 0.809570
vt 0.697754 0.809570
vt 0.707520 0.795410
vt 0.144531 0.359863
vt 0.156250 0.359863
vt 0.139648 0.327637
vt 0.139648 0.391846
vt 0.129883 0.334961
vt 0.135742 0.360352
vt 0.129883 0.385498
vt 0.112305 0.406738
vt 0.120117 0.337646
vt 0.125000 0.360107
vt 0.120117 0.382568
vt 0.104492 0.400146
vt 0.080078 0.415771
vt 0.080078 0.304443
vt 0.048828 0.313232
vt 0.056641 0.319824
vt 0.080078 0.406738
vt 0.048828 0.406494
vt 0.110352 0.343018
vt 0.104492 0.320068
vt 0.114258 0.360107
vt 0.110352 0.377197
vt 0.097656 0.330322
vt 0.080078 0.313477
vt 0.080078 0.360107
vt 0.097656 0.389893
vt 0.080078 0.325684
vt 0.080078 0.394531
vt 0.063477 0.389893
vt 0.056641 0.400146
vt 0.050781 0.377197
vt 0.050781 0.342773
vt 0.063477 0.330078
vt 0.041016 0.337646
vt 0.031250 0.334717
vt 0.021484 0.328369
vt 0.031250 0.385254
vt 0.021484 0.392334
vt 0.046875 0.359863
vt 0.035156 0.359863
vt 0.041016 0.382324
vt 0.025391 0.359863
vt 0.016602 0.360352
vt 0.005859 0.360107
vt 0.144653 0.359863
vt 0.139771 0.327637
vt 0.139282 0.391846
vt 0.112244 0.313477
vt 0.135498 0.360352
vt 0.129761 0.385498
vt 0.112183 0.406738
vt 0.104431 0.320068
vt 0.125366 0.360107
vt 0.119995 0.382568
vt 0.080505 0.313477
vt 0.080505 0.304443
vt 0.104370 0.400146
vt 0.080383 0.415771
vt 0.056519 0.319824
vt 0.048676 0.313232
vt 0.080383 0.406738
vt 0.048645 0.406494
vt 0.109924 0.343018
vt 0.109863 0.377197
vt 0.080444 0.360107
vt 0.097595 0.389893
vt 0.080444 0.325684
vt 0.080383 0.394531
vt 0.063232 0.330078
vt 0.063232 0.389893
vt 0.040863 0.337646
vt 0.056488 0.400146
vt 0.050934 0.377197
vt 0.050964 0.342773
vt 0.031036 0.334717
vt 0.031021 0.385254
vt 0.021133 0.392334
vt 0.046509 0.359863
vt 0.035431 0.359863
vt 0.040833 0.382324
vt 0.016159 0.360352
vt 0.515137 0.210693
vt 0.501465 0.160278
vt 0.545898 0.187256
vt 0.533203 0.141846
vt 0.561523 0.118652
vt 0.582031 0.163452
vt 0.596191 0.098694
vt 0.578125 0.050629
vt 0.620605 0.026550
vt 0.615723 0.147461
vt 0.611816 0.336182
vt 0.580566 0.350586
vt 0.549316 0.317627
vt 0.607422 0.392822
vt 0.657227 0.130737
vt 0.675781 0.179932
vt 0.641113 0.080383
vt 0.683105 0.070007
vt 0.699219 0.117981
vt 0.717773 0.062164
vt 0.743164 0.108826
vt 0.714844 0.166748
vt 0.662598 0.244873
vt 0.694824 0.228760
vt 0.813965 0.259521
vt 0.813965 0.314209
vt 0.781738 0.295166
vt 0.657715 0.352539
vt 0.713867 0.274170
vt 0.705566 0.320557
vt 0.753418 0.308594
vt 0.742676 0.265137
vt 0.773438 0.313477
vt 0.625000 0.364258
vt 0.666992 0.369385
vt 0.705078 0.366699
vt 0.724121 0.345459
vt 0.727539 0.300049
vt 0.792969 0.319336
vt 0.811035 0.354492
vt 0.631836 0.404297
vt 0.618652 0.430176
vt 0.631348 0.429199
vt 0.644043 0.397217
vt 0.774902 0.340088
vt 0.790527 0.356445
vt 0.823730 0.357178
vt 0.771973 0.372314
vt 0.750977 0.347656
vt 0.735840 0.316895
vt 0.745605 0.371094
vt 0.699707 0.399658
vt 0.676758 0.407715
vt 0.651367 0.422607
vt 0.660156 0.466797
vt 0.634277 0.493896
vt 0.686523 0.443604
vt 0.726563 0.577148
vt 0.789551 0.620117
vt 0.771973 0.625977
vt 0.791504 0.673828
vt 0.772461 0.549805
vt 0.806152 0.666992
vt 0.791504 0.685059
vt 0.806152 0.612793
vt 0.799316 0.539062
vt 0.828125 0.602539
vt 0.885254 0.571289
vt 0.848145 0.593262
vt 0.867188 0.581543
vt 0.896484 0.627441
vt 0.914063 0.608398
vt 0.885742 0.635742
vt 0.875000 0.643555
vt 0.920898 0.624512
vt 0.923828 0.604492
vt 0.909180 0.637207
vt 0.948242 0.594238
vt 0.931152 0.624512
vt 0.852051 0.653320
vt 0.895996 0.647461
vt 0.826172 0.666992
vt 0.931641 0.675781
vt 0.843750 0.684570
vt 0.859863 0.682617
vt 0.806641 0.687012
vt 0.823730 0.691895
vt 0.800781 0.712891
vt 0.785645 0.711914
vt 0.911133 0.688965
vt 0.163208 0.327393
vt 0.163086 0.307617
vt 0.184814 0.306641
vt 0.191528 0.334229
vt 0.189941 0.324951
vt 0.213867 0.310791
vt 0.163208 0.336914
vt 0.193970 0.352783
vt 0.163208 0.352783
vt 0.214844 0.328857
vt 0.211670 0.351807
vt 0.228027 0.351562
vt 0.231445 0.376953
vt 0.217041 0.404541
vt 0.244995 0.353271
vt 0.236816 0.327881
vt 0.241089 0.401611
vt 0.257813 0.333008
vt 0.320313 0.385010
vt 0.337646 0.384766
vt 0.365723 0.360107
vt 0.364990 0.400635
vt 0.397705 0.291260
vt 0.386475 0.326660
vt 0.412109 0.315918
vt 0.397217 0.351562
vt 0.424805 0.338867
vt 0.281738 0.014587
vt 0.286377 0.073120
vt 0.333740 0.053833
vt 0.051239 0.640625
vt 0.038086 0.620605
vt 0.069580 0.607422
vt 0.032776 0.645996
vt 0.053680 0.650391
vt 0.083618 0.635742
vt 0.085938 0.660645
vt 0.081299 0.687012
vt 0.083618 0.716797
vt 0.112610 0.732910
vt 0.101379 0.763184
vt 0.069824 0.772461
vt 0.129395 0.789551
vt 0.204834 0.723633
vt 0.191772 0.740234
vt 0.169922 0.696777
vt 0.146484 0.756348
vt 0.173584 0.791992
vt 0.175537 0.746582
vt 0.199463 0.768066
vt 0.234375 0.731445
vt 0.229614 0.747559
vt 0.273193 0.794922
vt 0.256348 0.791504
vt 0.252441 0.769043
vt 0.229004 0.781738
vt 0.244995 0.821289
vt 0.209717 0.732422
vt 0.195679 0.741211
vt 0.216064 0.755371
vt 0.066833 0.865723
vt 0.033661 0.852051
vt 0.021240 0.842773
vt 0.008858 0.842773
vt 0.008858 0.830078
vt 0.018951 0.830078
vt 0.008858 0.816406
vt 0.018021 0.815918
vt 0.016876 0.795410
vt 0.008858 0.796387
vt 0.016968 0.779785
vt 0.037262 0.812012
vt 0.032990 0.826172
vt 0.055359 0.799316
vt 0.076111 0.791504
vt 0.060120 0.811035
vt 0.049255 0.819336
vt 0.097290 0.793945
vt 0.078979 0.805664
vt 0.092590 0.809082
vt 0.117126 0.803711
vt 0.104187 0.835937
vt 0.116516 0.830078
vt 0.089478 0.842285
vt 0.071716 0.845215
vt 0.089294 0.836426
vt 0.056061 0.838867
vt 0.073608 0.838867
vt 0.091248 0.815918
vt 0.101074 0.821289
vt 0.082214 0.824707
vt 0.103577 0.816895
vt 0.079712 0.813477
vt 0.063904 0.814453
vt 0.063049 0.821777
vt 0.053680 0.819824
vt 0.059631 0.834473
vt 0.034790 0.837402
vt 0.046295 0.823730
vt 0.517578 0.124451
vt 0.500977 0.160278
vt 0.548828 0.093567
vt 0.514648 0.210693
vt 0.545898 0.255615
vt 0.596680 0.098694
vt 0.615234 0.147461
vt 0.581055 0.297363
vt 0.548828 0.317627
vt 0.580078 0.350586
vt 0.640625 0.080383
vt 0.621094 0.026550
vt 0.682617 0.070007
vt 0.695313 0.228760
vt 0.814453 0.259521
vt 0.779297 0.259277
vt 0.781250 0.295166
vt 0.813477 0.314209
vt 0.684570 0.336914
vt 0.706055 0.320557
vt 0.752930 0.308594
vt 0.743164 0.265137
vt 0.723633 0.345459
vt 0.811523 0.354492
vt 0.619141 0.430176
vt 0.630859 0.429199
vt 0.644531 0.397217
vt 0.774414 0.340088
vt 0.790039 0.356445
vt 0.824219 0.357178
vt 0.772461 0.372314
vt 0.735352 0.316895
vt 0.745117 0.371094
vt 0.778320 0.385010
vt 0.722656 0.398682
vt 0.700195 0.399658
vt 0.786133 0.405029
vt 0.634766 0.493896
vt 0.673828 0.547852
vt 0.790039 0.620117
vt 0.772461 0.625977
vt 0.791992 0.673828
vt 0.805664 0.666992
vt 0.791016 0.685059
vt 0.799805 0.539062
vt 0.884766 0.571289
vt 0.806641 0.612793
vt 0.848633 0.593262
vt 0.852539 0.653320
vt 0.930664 0.624512
vt 0.896484 0.647461
vt 0.885742 0.659668
vt 0.860352 0.682617
vt 0.983398 0.693848
vt 0.823242 0.691895
vt 0.786133 0.711914
vt 0.163086 0.327393
vt 0.190430 0.324951
vt 0.184570 0.306641
vt 0.163086 0.336914
vt 0.191406 0.334229
vt 0.194336 0.352783
vt 0.163086 0.352783
vt 0.211914 0.351807
vt 0.211914 0.376465
vt 0.228516 0.351562
vt 0.245117 0.353271
vt 0.236328 0.327881
vt 0.251953 0.370117
vt 0.337891 0.384766
vt 0.365234 0.360107
vt 0.365234 0.400635
vt 0.397461 0.291260
vt 0.386719 0.326660
vt 0.397461 0.351562
vt 0.050781 0.640625
vt 0.083984 0.635742
vt 0.126953 0.679199
vt 0.132813 0.633789
vt 0.081055 0.687012
vt 0.121094 0.703613
vt 0.083984 0.716797
vt 0.101563 0.763184
vt 0.070313 0.772461
vt 0.129883 0.789551
vt 0.112305 0.732910
vt 0.205078 0.723633
vt 0.182617 0.679199
vt 0.175781 0.746582
vt 0.215820 0.680176
vt 0.273438 0.794922
vt 0.266602 0.755371
vt 0.251953 0.769043
vt 0.191406 0.740234
vt 0.195313 0.741211
vt 0.256836 0.791504
vt 0.229492 0.781738
vt 0.209961 0.732422
vt 0.229492 0.747559
vt 0.215820 0.755371
vt 0.218750 0.808105
vt 0.199219 0.768066
vt 0.136719 0.834961
vt 0.066406 0.865723
vt 0.033203 0.852051
vt 0.008789 0.842773
vt 0.018555 0.830078
vt 0.008789 0.830078
vt 0.017578 0.815918
vt 0.008789 0.796387
vt 0.008789 0.816406
vt 0.016602 0.795410
vt 0.047852 0.783203
vt 0.037109 0.812012
vt 0.055664 0.799316
vt 0.076172 0.791504
vt 0.060547 0.811035
vt 0.097656 0.793945
vt 0.079102 0.805664
vt 0.092773 0.809082
vt 0.117188 0.803711
vt 0.103516 0.816895
vt 0.104492 0.835937
vt 0.089844 0.842285
vt 0.071289 0.845215
vt 0.088867 0.836426
vt 0.055664 0.838867
vt 0.073242 0.838867
vt 0.080078 0.813477
vt 0.090820 0.815918
vt 0.063477 0.814453
vt 0.063477 0.821777
vt 0.045898 0.823730
vt 0.035156 0.837402
vt 0.033203 0.826172
vt 0.205444 0.649414
vt 0.327881 0.938477
vt 0.310059 0.901855
vt 0.365479 0.937500
vt 0.329834 0.946289
vt 0.334473 0.886230
vt 0.320557 0.859375
vt 0.331543 0.829590
vt 0.483154 0.334473
vt 0.482666 0.337891
vt 0.506836 0.351562
vt 0.474121 0.336914
vt 0.485596 0.363281
vt 0.418457 0.563965
vt 0.416504 0.575684
vt 0.414795 0.584961
vt 0.356689 0.603516
vt 0.373291 0.625488
vt 0.388184 0.646973
vt 0.397949 0.615723
vt 0.394043 0.670898
vt 0.413330 0.641602
vt 0.421875 0.609863
vt 0.420166 0.668457
vt 0.435791 0.636230
vt 0.418945 0.696777
vt 0.441895 0.666992
vt 0.412598 0.727051
vt 0.441650 0.698730
vt 0.437012 0.730957
vt 0.427490 0.762695
vt 0.456543 0.761230
vt 0.452637 0.604980
vt 0.460693 0.632812
vt 0.551270 0.593750
vt 0.516113 0.596680
vt 0.544922 0.581543
vt 0.592285 0.595215
vt 0.559082 0.609863
vt 0.522949 0.613770
vt 0.607422 0.611328
vt 0.604492 0.625488
vt 0.604004 0.639160
vt 0.634277 0.658691
vt 0.606445 0.659180
vt 0.608887 0.685547
vt 0.613281 0.720215
vt 0.615234 0.731445
vt 0.642090 0.762207
vt 0.653320 0.762695
vt 0.641113 0.767578
vt 0.062500 0.576660
vt 0.063477 0.584473
vt 0.066406 0.583008
vt 0.049805 0.557617
vt 0.050781 0.553711
vt 0.055664 0.547363
vt 0.052734 0.544434
vt 0.062805 0.576660
vt 0.058105 0.576172
vt 0.061615 0.572754
vt 0.050903 0.553711
vt 0.050201 0.557617
vt 0.055511 0.547363
vt 0.052917 0.544434
vt 0.680664 0.961914
vt 0.677734 0.981934
vt 0.622070 0.967773
vt 0.719727 0.988770
vt 0.718750 0.966797
vt 0.753906 0.988281
vt 0.715820 0.939941
vt 0.505859 0.940430
vt 0.493164 0.956055
vt 0.500977 0.934082
vt 0.462891 0.950684
vt 0.470703 0.934570
vt 0.482422 0.920898
vt 0.449219 0.875977
vt 0.450195 0.870605
vt 0.709961 0.815430
vt 0.714844 0.833496
vt 0.676758 0.844727
vt 0.718750 0.852051
vt 0.734375 0.828125
vt 0.740234 0.815918
vt 0.740234 0.833008
vt 0.747070 0.817871
vt 0.752930 0.838867
vt 0.750977 0.819336
vt 0.774414 0.814453
vt 0.733398 0.846191
vt 0.746094 0.862793
vt 0.719727 0.880859
vt 0.740234 0.886719
vt 0.720703 0.901855
vt 0.717773 0.920898
vt 0.747070 0.902832
vt 0.767578 0.893066
vt 0.749023 0.860352
vt 0.772461 0.874512
vt 0.779297 0.862305
vt 0.765625 0.916504
vt 0.751953 0.917969
vt 0.754883 0.934082
vt 0.774414 0.839355
vt 0.802734 0.833008
vt 0.796875 0.807129
vt 0.809570 0.856445
vt 0.798828 0.917969
vt 0.818359 0.888184
vt 0.769531 0.932129
vt 0.889648 0.826172
vt 0.896484 0.827637
vt 0.878906 0.849121
vt 0.875977 0.831543
vt 0.844727 0.846680
vt 0.800781 0.939941
vt 0.825195 0.914062
vt 0.769531 0.945801
vt 0.752930 0.946289
vt 0.763672 0.968750
vt 0.745117 0.972168
vt 0.763672 0.988281
vt 0.771484 0.985840
vt 0.798828 0.984863
vt 0.797852 0.963379
vt 0.825195 0.961426
vt 0.828125 0.938477
vt 0.886719 0.900391
vt 0.858398 0.911621
vt 0.870117 0.876465
vt 0.910156 0.896484
vt 0.906250 0.915527
vt 0.926758 0.911133
vt 0.898438 0.871582
vt 0.932617 0.892090
vt 0.918945 0.869141
vt 0.761719 0.762695
vt 0.771484 0.755859
vt 0.664063 0.730957
vt 0.674805 0.723145
vt 0.707031 0.742676
vt 0.719727 0.753906
vt 0.678711 0.745605
vt 0.666992 0.754395
vt 0.703125 0.751465
vt 0.683594 0.754883
vt 0.676758 0.768066
vt 0.687500 0.759277
vt 0.697266 0.750977
vt 0.699219 0.750977
vt 0.680176 0.961914
vt 0.624512 0.950195
vt 0.720215 0.988770
vt 0.680176 0.937500
vt 0.505371 0.940430
vt 0.482666 0.969238
vt 0.491455 0.940430
vt 0.492432 0.938477
vt 0.473389 0.940430
vt 0.455566 0.936035
vt 0.485352 0.913086
vt 0.481689 0.920898
vt 0.447998 0.881348
vt 0.432373 0.872559
vt 0.670898 0.823730
vt 0.676270 0.844727
vt 0.717285 0.920898
vt 0.678223 0.916504
vt 0.678711 0.901367
vt 0.680664 0.880371
vt 0.679688 0.860352
vt 0.753418 0.838867
vt 0.739746 0.886719
vt 0.746582 0.902832
vt 0.749512 0.860352
vt 0.751465 0.917969
vt 0.755371 0.934082
vt 0.802246 0.833008
vt 0.818848 0.888184
vt 0.770020 0.932129
vt 0.889160 0.826172
vt 0.870605 0.809570
vt 0.895996 0.808105
vt 0.878418 0.849121
vt 0.801270 0.939941
vt 0.769043 0.945801
vt 0.752441 0.946289
vt 0.745605 0.972168
vt 0.764160 0.988281
vt 0.771973 0.985840
vt 0.798340 0.963379
vt 0.824219 0.985352
vt 0.824707 0.961426
vt 0.858887 0.911621
vt 0.905762 0.915527
vt 0.898926 0.871582
vt 0.933105 0.892090
vt 0.896973 0.848633
vt 0.919434 0.869141
vt 0.762207 0.762695
vt 0.662598 0.726562
vt 0.687988 0.737305
vt 0.719238 0.753906
vt 0.678223 0.745605
vt 0.684082 0.754883
vt 0.676270 0.768066
vt 0.687012 0.759277
vt 0.703613 0.751465
vt 0.698730 0.751953
vt 0.431885 0.200562
vt 0.462891 0.175781
vt 0.440674 0.211060
vt 0.468262 0.184814
vt 0.476074 0.245117
vt 0.492920 0.148193
vt 0.513184 0.281982
vt 0.517090 0.124451
vt 0.580566 0.297363
vt 0.667480 0.015945
vt 0.708496 0.028381
vt 0.750000 0.055145
vt 0.743652 0.036316
vt 0.783203 0.034454
vt 0.784668 0.048431
vt 0.795898 0.098206
vt 0.758301 0.159668
vt 0.806152 0.154419
vt 0.729004 0.215698
vt 0.768555 0.211548
vt 0.810547 0.209839
vt 0.778809 0.259277
vt 0.919434 0.640625
vt 0.902344 0.653320
vt 0.885254 0.659668
vt 0.162476 0.009178
vt 0.172607 0.009674
vt 0.162598 0.033203
vt 0.185181 0.041016
vt 0.162598 0.050232
vt 0.177124 0.052338
vt 0.205566 0.067383
vt 0.182251 0.076355
vt 0.162720 0.082458
vt 0.227051 0.094910
vt 0.196777 0.107971
vt 0.199341 0.151123
vt 0.162598 0.149048
vt 0.162598 0.113525
vt 0.201294 0.189575
vt 0.162964 0.221191
vt 0.162842 0.189575
vt 0.210693 0.228271
vt 0.203613 0.259033
vt 0.163086 0.254150
vt 0.195923 0.289551
vt 0.235596 0.273437
vt 0.163086 0.287109
vt 0.200684 0.427490
vt 0.242920 0.302490
vt 0.222778 0.431396
vt 0.216064 0.455078
vt 0.268555 0.419434
vt 0.249512 0.433838
vt 0.276855 0.438477
vt 0.298340 0.419434
vt 0.318604 0.406494
vt 0.337402 0.406494
vt 0.273682 0.274170
vt 0.249390 0.244019
vt 0.416992 0.477051
vt 0.395752 0.480469
vt 0.405518 0.449951
vt 0.420898 0.499512
vt 0.402832 0.500977
vt 0.444580 0.498535
vt 0.454834 0.503418
vt 0.440674 0.437744
vt 0.234619 0.210083
vt 0.231323 0.189087
vt 0.230957 0.154663
vt 0.259033 0.191162
vt 0.257813 0.219482
vt 0.229492 0.124084
vt 0.275391 0.249756
vt 0.260010 0.162109
vt 0.261963 0.130493
vt 0.263184 0.098938
vt 0.279541 0.224365
vt 0.302246 0.276367
vt 0.289551 0.195312
vt 0.298828 0.135254
vt 0.302246 0.092346
vt 0.294678 0.166504
vt 0.302246 0.251465
vt 0.330566 0.300049
vt 0.306396 0.224121
vt 0.317139 0.196411
vt 0.328369 0.169067
vt 0.329102 0.276123
vt 0.331055 0.247925
vt 0.334229 0.222534
vt 0.343262 0.199585
vt 0.340088 0.136597
vt 0.365234 0.221924
vt 0.349121 0.256592
vt 0.356689 0.173340
vt 0.363037 0.240112
vt 0.374268 0.201416
vt 0.394287 0.228149
vt 0.385986 0.241333
vt 0.406006 0.212646
vt 0.390381 0.181030
vt 0.422607 0.192139
vt 0.463623 0.430176
vt 0.475830 0.464111
vt 0.479736 0.511719
vt 0.464111 0.518555
vt 0.484131 0.525879
vt 0.499512 0.518066
vt 0.467529 0.531250
vt 0.491943 0.541016
vt 0.508301 0.531250
vt 0.472656 0.548340
vt 0.518066 0.040192
vt 0.489502 0.075256
vt 0.510742 0.034058
vt 0.477051 0.065125
vt 0.476074 0.055084
vt 0.469482 0.112305
vt 0.431885 0.062469
vt 0.433838 0.097595
vt 0.453613 0.145874
vt 0.393066 0.093567
vt 0.392334 0.063232
vt 0.419678 0.132690
vt 0.435791 0.175293
vt 0.349365 0.093079
vt 0.345703 0.067749
vt 0.384521 0.123962
vt 0.404297 0.160522
vt 0.371094 0.147705
vt 0.076111 0.240479
vt 0.010895 0.236328
vt 0.010895 0.168091
vt 0.155273 0.177856
vt 0.128540 0.247437
vt 0.221802 0.572266
vt 0.223633 0.586914
vt 0.206909 0.586426
vt 0.195557 0.584961
vt 0.206421 0.568359
vt 0.221313 0.557617
vt 0.191406 0.562500
vt 0.182495 0.567383
vt 0.205322 0.552246
vt 0.223389 0.548828
vt 0.179932 0.555176
vt 0.164673 0.561523
vt 0.209106 0.535156
vt 0.228516 0.543945
vt 0.187012 0.543945
vt 0.214111 0.524414
vt 0.184937 0.520996
vt 0.179565 0.540527
vt 0.164673 0.550781
vt 0.221313 0.510254
vt 0.242920 0.529297
vt 0.248779 0.502930
vt 0.257568 0.520508
vt 0.191284 0.501953
vt 0.219360 0.487061
vt 0.164673 0.540039
vt 0.149536 0.555176
vt 0.146973 0.567383
vt 0.191895 0.489258
vt 0.191162 0.473389
vt 0.164673 0.514648
vt 0.149902 0.540527
vt 0.138062 0.562500
vt 0.133911 0.584961
vt 0.164673 0.496094
vt 0.144531 0.520996
vt 0.142456 0.543945
vt 0.123047 0.568359
vt 0.122498 0.586426
vt 0.138184 0.501953
vt 0.137573 0.489258
vt 0.164673 0.487549
vt 0.138306 0.473389
vt 0.110046 0.487061
vt 0.113342 0.455078
vt 0.106689 0.431396
vt 0.092285 0.458740
vt 0.108154 0.510254
vt 0.080627 0.502930
vt 0.115295 0.524414
vt 0.100952 0.543945
vt 0.086487 0.529297
vt 0.120361 0.535156
vt 0.106140 0.548828
vt 0.124084 0.552246
vt 0.108215 0.557617
vt 0.107605 0.572266
vt 0.105835 0.586914
vt 0.099426 0.593750
vt 0.132690 0.633789
vt 0.120667 0.703613
vt 0.158569 0.727051
vt 0.215576 0.680176
vt 0.258545 0.676270
vt 0.266846 0.755371
vt 0.130005 0.819824
vt 0.111206 0.825684
vt 0.107361 0.826172
vt 0.106689 0.832031
vt 0.050507 0.822754
vt 0.431641 0.200562
vt 0.440430 0.211060
vt 0.468750 0.184814
vt 0.476563 0.245117
vt 0.493164 0.148193
vt 0.513672 0.281982
vt 0.667969 0.015945
vt 0.708008 0.028381
vt 0.744141 0.036316
vt 0.784180 0.048431
vt 0.758789 0.159668
vt 0.805664 0.154419
vt 0.729492 0.215698
vt 0.918945 0.640625
vt 0.172852 0.009674
vt 0.162109 0.009178
vt 0.162109 0.033203
vt 0.185547 0.041016
vt 0.163086 0.050232
vt 0.176758 0.052338
vt 0.206055 0.067383
vt 0.182617 0.076355
vt 0.163086 0.082458
vt 0.226563 0.094910
vt 0.196289 0.107971
vt 0.162109 0.113525
vt 0.199219 0.151123
vt 0.163086 0.149048
vt 0.210938 0.228271
vt 0.201172 0.189575
vt 0.163086 0.189575
vt 0.163086 0.221191
vt 0.204102 0.259033
vt 0.196289 0.289551
vt 0.235352 0.273437
vt 0.222656 0.431396
vt 0.241211 0.401611
vt 0.250000 0.433838
vt 0.243164 0.302490
vt 0.276367 0.438477
vt 0.297852 0.419434
vt 0.318359 0.406494
vt 0.337891 0.406494
vt 0.349609 0.424316
vt 0.273438 0.274170
vt 0.249023 0.244019
vt 0.444336 0.498535
vt 0.234375 0.210083
vt 0.231445 0.189087
vt 0.230469 0.154663
vt 0.258789 0.191162
vt 0.259766 0.162109
vt 0.261719 0.130493
vt 0.262695 0.098938
vt 0.279297 0.224365
vt 0.302734 0.276367
vt 0.290039 0.195312
vt 0.301758 0.092346
vt 0.294922 0.166504
vt 0.301758 0.251465
vt 0.331055 0.300049
vt 0.306641 0.224121
vt 0.317383 0.196411
vt 0.328125 0.169067
vt 0.339844 0.136597
vt 0.333984 0.222534
vt 0.342773 0.199585
vt 0.356445 0.173340
vt 0.349609 0.256592
vt 0.363281 0.240112
vt 0.374023 0.201416
vt 0.394531 0.228149
vt 0.385742 0.241333
vt 0.406250 0.212646
vt 0.390625 0.181030
vt 0.463867 0.430176
vt 0.463867 0.518555
vt 0.484375 0.525879
vt 0.500000 0.518066
vt 0.467773 0.531250
vt 0.492188 0.541016
vt 0.508789 0.531250
vt 0.489258 0.075256
vt 0.518555 0.040192
vt 0.476563 0.065125
vt 0.475586 0.055084
vt 0.469727 0.112305
vt 0.431641 0.062469
vt 0.433594 0.097595
vt 0.453125 0.145874
vt 0.392578 0.093567
vt 0.392578 0.063232
vt 0.419922 0.132690
vt 0.435547 0.175293
vt 0.349609 0.093079
vt 0.384766 0.123962
vt 0.422852 0.192139
vt 0.010742 0.168091
vt 0.010742 0.236328
vt 0.099609 0.593750
vt 0.069336 0.607422
vt 0.158203 0.727051
vt 0.258789 0.676270
vt 0.048828 0.819336
vt 0.129883 0.819824
vt 0.116211 0.830078
vt 0.111328 0.825684
vt 0.106445 0.832031
vt 0.082031 0.824707
vt 0.101563 0.821289
vt 0.050781 0.822754
vt 0.234985 0.640137
vt 0.210693 0.625977
vt 0.231323 0.650391
vt 0.253418 0.645020
vt 0.246704 0.652832
vt 0.177979 0.916992
vt 0.192139 0.947266
vt 0.162476 0.930664
vt 0.174316 0.915527
vt 0.206909 0.892090
vt 0.226685 0.915527
vt 0.234985 0.991211
vt 0.244385 0.948730
vt 0.277588 0.814941
vt 0.280762 0.821289
vt 0.262939 0.833984
vt 0.299561 0.806152
vt 0.333008 0.964844
vt 0.298584 0.971680
vt 0.291992 0.956543
vt 0.368896 0.961914
vt 0.302734 0.811523
vt 0.318848 0.804687
vt 0.322510 0.810059
vt 0.331787 0.804199
vt 0.308594 0.821777
vt 0.295654 0.833984
vt 0.294189 0.872070
vt 0.282959 0.850586
vt 0.309814 0.838379
vt 0.368408 0.936035
vt 0.388916 0.939941
vt 0.389893 0.958496
vt 0.496826 0.355957
vt 0.469238 0.364990
vt 0.480225 0.410156
vt 0.466064 0.401855
vt 0.472656 0.416016
vt 0.502930 0.401367
vt 0.492432 0.435059
vt 0.482178 0.442383
vt 0.498779 0.467285
vt 0.493164 0.476807
vt 0.521973 0.492920
vt 0.510742 0.508789
vt 0.541504 0.521484
vt 0.509277 0.458984
vt 0.545898 0.510254
vt 0.567383 0.520508
vt 0.529785 0.484619
vt 0.515625 0.426025
vt 0.537109 0.414307
vt 0.528809 0.448975
vt 0.548828 0.504883
vt 0.549316 0.437744
vt 0.544922 0.475830
vt 0.557617 0.499512
vt 0.569336 0.495361
vt 0.577637 0.496826
vt 0.562500 0.466797
vt 0.574219 0.465088
vt 0.521484 0.391113
vt 0.529785 0.385986
vt 0.539063 0.379150
vt 0.553711 0.369141
vt 0.543945 0.408691
vt 0.553711 0.435303
vt 0.557129 0.431152
vt 0.555664 0.398193
vt 0.580566 0.456055
vt 0.592285 0.474121
vt 0.570801 0.420654
vt 0.595215 0.469727
vt 0.606934 0.474121
vt 0.587891 0.447998
vt 0.585449 0.411377
vt 0.571777 0.387207
vt 0.599609 0.466064
vt 0.561523 0.354736
vt 0.546387 0.348389
vt 0.583984 0.374512
vt 0.597168 0.408691
vt 0.602539 0.407471
vt 0.599121 0.443848
vt 0.609863 0.443604
vt 0.619629 0.441406
vt 0.610840 0.460449
vt 0.616699 0.462646
vt 0.605957 0.461182
vt 0.419189 0.805664
vt 0.466064 0.665039
vt 0.437500 0.794434
vt 0.435547 0.804687
vt 0.451416 0.799805
vt 0.462402 0.735352
vt 0.467041 0.700684
vt 0.570801 0.774414
vt 0.535156 0.765137
vt 0.539551 0.744629
vt 0.495117 0.701172
vt 0.493408 0.737305
vt 0.496826 0.664062
vt 0.533203 0.663086
vt 0.534668 0.700195
vt 0.493408 0.629883
vt 0.444336 0.581543
vt 0.443115 0.575195
vt 0.482910 0.563477
vt 0.485352 0.602051
vt 0.480469 0.575684
vt 0.504883 0.561035
vt 0.508789 0.571777
vt 0.531250 0.630371
vt 0.540039 0.552734
vt 0.542969 0.564941
vt 0.579102 0.554199
vt 0.578613 0.542969
vt 0.602539 0.537598
vt 0.583496 0.566895
vt 0.588867 0.578125
vt 0.594238 0.586426
vt 0.611816 0.582520
vt 0.582520 0.609375
vt 0.571777 0.626953
vt 0.572266 0.642090
vt 0.573730 0.662109
vt 0.574219 0.688477
vt 0.582031 0.726074
vt 0.539551 0.734863
vt 0.586914 0.742187
vt 0.576660 0.755859
vt 0.601074 0.761719
vt 0.615723 0.738281
vt 0.604492 0.747559
vt 0.621094 0.763184
vt 0.621094 0.775391
vt 0.624023 0.751953
vt 0.642578 0.757324
vt 0.643066 0.771484
vt 0.623535 0.781250
vt 0.597656 0.787598
vt 0.598145 0.778809
vt 0.569824 0.784180
vt 0.059570 0.585449
vt 0.069336 0.589355
vt 0.050781 0.576172
vt 0.058594 0.576172
vt 0.039063 0.571777
vt 0.028320 0.574219
vt 0.059570 0.541016
vt 0.048828 0.541992
vt 0.059357 0.585449
vt 0.063293 0.584473
vt 0.068909 0.589355
vt 0.065918 0.583008
vt 0.039185 0.571777
vt 0.028168 0.574219
vt 0.048584 0.541992
vt 0.558594 0.959473
vt 0.582031 0.944824
vt 0.578125 0.959961
vt 0.625000 0.950195
vt 0.625000 0.931152
vt 0.680664 0.937500
vt 0.677734 0.916504
vt 0.625000 0.908691
vt 0.625000 0.884766
vt 0.541016 0.884277
vt 0.495117 0.917480
vt 0.493164 0.907715
vt 0.468750 0.914551
vt 0.491211 0.897461
vt 0.484375 0.905273
vt 0.466797 0.920898
vt 0.464844 0.915527
vt 0.448242 0.917969
vt 0.429688 0.919922
vt 0.448242 0.922852
vt 0.427734 0.921875
vt 0.429688 0.916504
vt 0.425781 0.914551
vt 0.446289 0.906738
vt 0.447266 0.911621
vt 0.463867 0.908691
vt 0.482422 0.889648
vt 0.481445 0.896973
vt 0.478516 0.895996
vt 0.466797 0.885742
vt 0.462891 0.891602
vt 0.462891 0.884766
vt 0.446289 0.886719
vt 0.483398 0.876465
vt 0.466797 0.873047
vt 0.523438 0.870117
vt 0.500000 0.874512
vt 0.467773 0.879395
vt 0.464844 0.878906
vt 0.579102 0.873047
vt 0.624023 0.864258
vt 0.577148 0.860352
vt 0.619141 0.847656
vt 0.530273 0.859863
vt 0.517578 0.852539
vt 0.498047 0.848633
vt 0.504883 0.841797
vt 0.507813 0.837402
vt 0.517578 0.843750
vt 0.493164 0.851562
vt 0.492188 0.843262
vt 0.500000 0.836426
vt 0.835938 0.823242
vt 0.825195 0.797363
vt 0.870117 0.809570
vt 0.861328 0.784668
vt 0.876953 0.774902
vt 0.895508 0.808105
vt 0.912109 0.813477
vt 0.851563 0.881836
vt 0.857422 0.985840
vt 0.857422 0.960449
vt 0.899414 0.987305
vt 0.860352 0.937988
vt 0.900391 0.960937
vt 0.917969 0.983887
vt 0.913086 0.962402
vt 0.902344 0.938477
vt 0.925781 0.943848
vt 0.922852 0.931641
vt 0.941406 0.935059
vt 0.948242 0.907227
vt 0.965820 0.918945
vt 0.897461 0.848633
vt 0.967773 0.888184
vt 0.986328 0.894043
vt 0.907227 0.827148
vt 0.954102 0.883789
vt 0.937500 0.865234
vt 0.920898 0.847656
vt 0.930664 0.827148
vt 0.960938 0.867187
vt 0.975586 0.868652
vt 0.971680 0.850586
vt 0.986328 0.843750
vt 0.955078 0.836426
vt 0.969727 0.823242
vt 0.939453 0.809570
vt 0.942383 0.849609
vt 0.957031 0.857422
vt 0.775391 0.751953
vt 0.758789 0.766602
vt 0.757813 0.756836
vt 0.755859 0.760742
vt 0.747070 0.756348
vt 0.766602 0.750488
vt 0.738281 0.735352
vt 0.760742 0.742187
vt 0.768555 0.737305
vt 0.730469 0.692871
vt 0.721680 0.716797
vt 0.728516 0.771484
vt 0.719727 0.784668
vt 0.723633 0.766602
vt 0.714844 0.782227
vt 0.710938 0.797852
vt 0.709961 0.757324
vt 0.675781 0.772949
vt 0.688477 0.761719
vt 0.680664 0.775879
vt 0.668945 0.789551
vt 0.665039 0.790039
vt 0.670898 0.792480
vt 0.669922 0.795410
vt 0.684570 0.780762
vt 0.691406 0.765137
vt 0.688477 0.785645
vt 0.695313 0.769531
vt 0.709961 0.763672
vt 0.709961 0.779297
vt 0.702148 0.791992
vt 0.705078 0.776855
vt 0.678223 0.981934
vt 0.625488 0.931152
vt 0.625488 0.908691
vt 0.492920 0.907715
vt 0.464600 0.915527
vt 0.447754 0.917969
vt 0.467285 0.920898
vt 0.448486 0.922852
vt 0.427979 0.921875
vt 0.426270 0.914551
vt 0.445801 0.906738
vt 0.447021 0.911621
vt 0.463623 0.908691
vt 0.480957 0.896973
vt 0.484131 0.905273
vt 0.478271 0.895996
vt 0.463135 0.884766
vt 0.446533 0.886719
vt 0.483643 0.876465
vt 0.467285 0.873047
vt 0.468018 0.879395
vt 0.464355 0.878906
vt 0.577637 0.860352
vt 0.561035 0.855957
vt 0.618652 0.847656
vt 0.530762 0.859863
vt 0.522949 0.870117
vt 0.518066 0.852539
vt 0.511719 0.859863
vt 0.501465 0.861328
vt 0.497803 0.848633
vt 0.493652 0.851562
vt 0.499756 0.836426
vt 0.502441 0.831543
vt 0.796387 0.807129
vt 0.809082 0.856445
vt 0.824707 0.797363
vt 0.876465 0.774902
vt 0.895996 0.790527
vt 0.911621 0.813477
vt 0.851074 0.881836
vt 0.856934 0.985840
vt 0.827637 0.938477
vt 0.857910 0.960449
vt 0.898926 0.987305
vt 0.860840 0.937988
vt 0.901855 0.938477
vt 0.965332 0.918945
vt 0.906738 0.827148
vt 0.954590 0.883789
vt 0.937988 0.865234
vt 0.931152 0.827148
vt 0.939941 0.809570
vt 0.972168 0.850586
vt 0.986816 0.843750
vt 0.970215 0.823242
vt 0.954590 0.836426
vt 0.957520 0.857422
vt 0.775879 0.751953
vt 0.755371 0.760742
vt 0.759277 0.766602
vt 0.771484 0.746582
vt 0.767090 0.750488
vt 0.750488 0.750000
vt 0.760254 0.742187
vt 0.743652 0.693359
vt 0.708984 0.706543
vt 0.728027 0.771484
vt 0.714355 0.782227
vt 0.709473 0.757324
vt 0.709473 0.779297
vt 0.668457 0.789551
vt 0.680176 0.775879
vt 0.670410 0.795410
vt 0.684082 0.780762
vt 0.687988 0.785645
vt 0.711914 0.762695
vt 0.718262 0.762207
vt 0.697754 0.790527
vt 0.112305 0.313477
vt 0.196899 0.446045
vt 0.181519 0.460693
vt 0.164673 0.466797
vt 0.237183 0.458740
vt 0.248169 0.484131
vt 0.258545 0.458496
vt 0.349854 0.424316
vt 0.361572 0.437744
vt 0.378906 0.457520
vt 0.010902 0.309814
vt 0.073425 0.292725
vt 0.147949 0.460693
vt 0.132568 0.446045
vt 0.128784 0.427490
vt 0.079895 0.433838
vt 0.071045 0.458496
vt 0.052612 0.438477
vt 0.081238 0.484131
vt 0.071960 0.520508
vt 0.361328 0.437744
vt 0.395508 0.480469
vt 0.403320 0.500977
vt 0.010742 0.309814
vt 0.073242 0.292725
vt 0.076172 0.240479
vt 0.128906 0.247437
vt 0.259521 0.656250
vt 0.265381 0.648926
vt 0.274414 0.663574
vt 0.152100 0.957031
vt 0.201904 0.886230
vt 0.233765 0.855957
vt 0.259277 0.884277
vt 0.238647 0.860840
vt 0.256592 0.828125
vt 0.260010 0.976074
vt 0.279785 0.922852
vt 0.276855 0.979980
vt 0.445557 0.785645
vt 0.448975 0.807129
vt 0.465576 0.812012
vt 0.455811 0.797363
vt 0.450439 0.787109
vt 0.488770 0.782227
vt 0.491455 0.762207
vt 0.533203 0.777344
vt 0.492188 0.752441
vt 0.598145 0.742676
vt 0.463867 0.902344
vt 0.467773 0.908203
vt 0.478516 0.897461
vt 0.500977 0.861328
vt 0.896484 0.790527
vt 0.992188 0.868652
vt 0.750000 0.750000
vt 0.735352 0.755859
vt 0.739258 0.762207
vt 0.732422 0.768066
vt 0.725586 0.746094
vt 0.728516 0.761230
vt 0.717773 0.762207
vt 0.698242 0.751953
vt 0.700195 0.773926
vt 0.710938 0.764160
vt 0.516113 0.919922
vt 0.497559 0.925781
vt 0.468506 0.914551
vt 0.463623 0.902344
vt 0.467529 0.908203
vt 0.479004 0.897461
vt 0.500488 0.874512
vt 0.768066 0.737305
vt 0.738770 0.762207
vt 0.725098 0.746094
vt 0.691895 0.765137
vt 0.695801 0.769531
vn 0.726100 -0.018200 -0.687400
vn 0.701100 0.004100 -0.713100
vn 0.997900 0.012800 -0.064000
vn 0.780300 0.019800 -0.625100
vn 0.099900 -0.041500 -0.994100
vn 0.204600 0.009900 -0.978800
vn 0.999100 -0.033000 0.027000
vn 0.862700 0.114600 -0.492500
vn -0.723100 -0.176000 0.667900
vn -0.751000 -0.223100 0.621500
vn -0.977700 -0.143200 0.153700
vn -0.100500 -0.129500 0.986500
vn -0.110400 -0.168800 0.979500
vn 0.962300 0.258500 0.084500
vn 0.625500 0.396300 -0.672100
vn 0.939200 0.339800 0.049600
vn 0.779100 0.169900 0.603400
vn -0.005400 -0.076500 0.997100
vn -0.935600 -0.332600 0.118500
vn -0.965600 -0.243900 0.090600
vn -0.477100 -0.340200 -0.810300
vn -0.013000 0.207800 -0.978100
vn 0.692400 0.198700 -0.693600
vn 0.130400 -0.207800 -0.969400
vn -0.725100 -0.005900 -0.688600
vn 0.833900 0.161700 0.527700
vn 0.760600 0.089700 0.643000
vn 0.060300 -0.246300 -0.967300
vn 0.618700 -0.141500 -0.772800
vn 0.997500 0.055600 -0.042800
vn 0.719200 0.049900 0.693000
vn 0.105600 -0.048700 0.993200
vn 0.171500 -0.013400 0.985100
vn -0.637100 -0.174000 0.750900
vn -0.606000 -0.158600 0.779500
vn -0.791700 -0.189300 0.580800
vn -0.967600 -0.177400 -0.179800
vn -0.962800 -0.101600 -0.250500
vn -0.218700 -0.227200 -0.949000
vn 0.629000 -0.186700 -0.754700
vn -0.235200 -0.079000 -0.968700
vn 0.560800 -0.089800 -0.823000
vn 0.632200 0.206600 -0.746800
vn 0.852100 -0.146700 -0.502400
vn 0.875400 0.001200 -0.483300
vn 0.872700 0.111900 -0.475200
vn 0.897500 0.005000 -0.441000
vn 0.918500 0.384300 -0.093000
vn 0.871400 0.488700 -0.043000
vn 0.868000 -0.146800 -0.474400
vn 0.944500 0.017200 -0.328000
vn 0.997500 0.065300 0.026400
vn 0.997700 -0.064600 0.018700
vn 0.911500 -0.126100 -0.391600
vn 0.960600 0.064700 0.270300
vn 0.940300 -0.095400 0.326800
vn 0.322500 -0.097100 0.941600
vn 0.821200 0.563200 0.092100
vn 0.361900 0.081800 0.928600
vn -0.623600 0.021400 0.781500
vn 0.751400 0.618800 0.228800
vn 0.232100 0.875400 0.424000
vn 0.190900 0.946300 0.260900
vn -0.583700 0.142900 0.799300
vn -0.810300 0.083600 0.580100
vn -0.829800 0.029000 0.557300
vn -0.409700 0.653800 0.636200
vn -0.606900 0.572400 0.551400
vn -0.792000 0.385500 0.473400
vn -0.973000 -0.014100 0.230300
vn -0.971600 -0.147700 0.185100
vn -0.964000 0.030000 0.264400
vn -0.985000 0.006900 0.172300
vn -0.965900 -0.196100 0.168800
vn -0.973500 -0.140000 0.180900
vn -0.962700 -0.171700 0.209100
vn -0.970900 -0.129700 0.201200
vn -0.039700 0.569800 0.820800
vn -0.000000 0.556800 0.830700
vn -0.000000 0.167800 0.985800
vn 0.088000 0.670800 0.736400
vn 0.051500 0.261900 0.963700
vn 0.385000 0.289900 0.876200
vn 0.992600 -0.117900 -0.028700
vn 0.998400 0.016500 0.053400
vn 0.987300 -0.107500 0.116800
vn 0.981700 -0.115900 0.151200
vn 0.976300 -0.213800 0.034000
vn 0.959200 -0.117200 0.257100
vn 0.948300 -0.305500 -0.086000
vn 0.973100 -0.204800 0.105700
vn 0.954100 -0.236800 0.183200
vn 0.965200 -0.261500 -0.005300
vn 0.716700 -0.419300 -0.557300
vn 0.732700 -0.417100 -0.537800
vn 0.938400 -0.319500 -0.131500
vn 0.392500 -0.410600 -0.823000
vn 0.092900 0.081300 -0.992400
vn 0.156900 0.062000 -0.985700
vn 0.123700 -0.153700 -0.980300
vn 0.132200 -0.331900 -0.934000
vn 0.374800 -0.353100 -0.857200
vn 0.181400 -0.194400 -0.964000
vn -0.000000 -0.313400 -0.949600
vn 0.103800 -0.414500 -0.904100
vn 0.365400 -0.435400 -0.822800
vn -0.000000 -0.130400 -0.991500
vn 0.000000 0.078200 -0.996900
vn -0.000000 0.357000 -0.934100
vn 0.272800 0.403600 -0.873300
vn 0.180000 0.471000 -0.863600
vn 0.000000 0.261000 -0.965300
vn 0.000000 0.667100 0.745000
vn -0.050200 0.685100 0.726700
vn -0.005800 0.690700 0.723100
vn 0.033900 -0.999400 -0.001600
vn 0.033500 -0.999400 -0.001800
vn 0.017300 -0.999800 -0.008700
vn 0.025500 -0.999400 -0.022600
vn 0.023700 -0.999400 -0.026900
vn 0.000900 -0.999100 -0.043000
vn 0.013200 -0.999400 0.032200
vn 0.017000 -0.996900 0.077200
vn 0.013700 -0.999200 0.037200
vn -0.031400 -0.998600 0.043400
vn 0.473000 -0.324800 0.819000
vn 0.000000 -0.346200 0.938200
vn 0.000000 -0.833200 0.552900
vn 0.431200 -0.456100 0.778500
vn -0.000000 -0.477100 0.878800
vn -0.000000 -0.638000 0.770100
vn 0.609200 -0.341500 0.715700
vn 0.706800 -0.377400 0.598300
vn 0.645600 -0.378100 0.663500
vn 0.374500 -0.581400 0.722300
vn 0.687000 -0.370200 0.625300
vn 0.301500 0.286700 0.909400
vn -0.000000 0.260200 0.965600
vn -0.000000 -0.276100 0.961100
vn 0.575200 0.308000 0.757800
vn 0.612000 -0.337400 0.715300
vn 0.272900 -0.338800 0.900400
vn 0.648000 -0.395100 0.651200
vn 0.547700 -0.346100 0.761700
vn 0.456300 -0.103500 0.883800
vn 0.000000 -0.327900 0.944700
vn -0.000000 0.368800 0.929500
vn 0.500700 -0.317000 0.805500
vn 0.572800 -0.159500 0.804000
vn 0.501000 0.241700 0.831000
vn -0.000000 -0.167000 0.985900
vn 0.589800 -0.251000 0.767500
vn 0.527000 0.014800 0.849700
vn 0.502900 -0.009300 0.864300
vn 0.502300 -0.025600 0.864300
vn 0.000000 -0.877400 0.479800
vn 0.547100 -0.184200 0.816600
vn 0.347000 -0.821700 0.452200
vn 0.633500 -0.372300 0.678300
vn 0.422300 -0.062800 0.904300
vn 0.622400 -0.235500 0.746400
vn 0.559400 -0.618500 0.551900
vn -0.000000 -0.782600 0.622500
vn -0.000000 -0.046600 0.998900
vn 0.675100 0.192700 0.712100
vn 0.000000 0.586400 0.810000
vn 0.899000 0.302500 0.316600
vn 0.885300 0.004800 0.465000
vn 0.799400 0.599100 -0.045400
vn 0.991800 -0.065700 0.109400
vn 0.993700 0.005200 0.111900
vn 0.988700 0.011600 0.149500
vn 0.981500 -0.044000 0.186400
vn 0.971800 0.079300 0.222000
vn 0.966400 0.070800 0.247100
vn 0.952600 -0.053900 0.299500
vn 0.802300 0.281600 0.526300
vn 0.772000 0.348100 0.531800
vn 0.532200 0.450600 0.716800
vn 0.494300 0.371500 0.785900
vn 0.250200 0.481600 0.839900
vn 0.803600 0.186600 0.565200
vn 0.224600 0.363900 0.903900
vn 0.000000 0.481600 0.876400
vn -0.000000 0.343500 0.939100
vn 0.449400 0.200800 0.870500
vn 0.203900 0.128000 0.970600
vn -0.000000 0.171900 0.985100
vn 0.730500 -0.030500 0.682200
vn 0.909100 -0.081900 0.408500
vn 0.000000 -0.080400 0.996800
vn 0.100500 -0.095700 0.990300
vn 0.890900 0.244500 0.382800
vn 0.792100 0.247600 0.557900
vn 0.504100 0.041300 0.862700
vn 0.672200 0.292600 0.680200
vn 0.676600 -0.529800 0.511400
vn 0.985400 0.085600 0.147200
vn 0.749500 -0.602300 0.274800
vn 0.414500 0.180900 0.891900
vn -0.726100 -0.018200 -0.687400
vn -0.701100 0.004100 -0.713100
vn -0.047400 -0.056500 -0.997300
vn -0.998400 -0.039600 -0.041300
vn -0.997900 0.012800 -0.064000
vn -0.780300 0.019800 -0.625100
vn -0.099900 -0.041500 -0.994100
vn -0.999100 -0.033000 0.027000
vn -0.204600 0.009900 -0.978800
vn -0.241500 0.091100 -0.966100
vn 0.603000 -0.085600 -0.793200
vn -0.962300 0.258500 0.084500
vn -0.833900 0.161800 0.527700
vn -0.779100 0.169900 0.603400
vn -0.625500 0.396300 -0.672100
vn -0.692400 0.198700 -0.693600
vn 0.013000 0.207800 -0.978100
vn -0.130400 -0.207800 -0.969400
vn 0.725100 -0.005900 -0.688600
vn 0.477200 -0.340200 -0.810300
vn 0.723100 -0.176000 0.667900
vn 0.637100 -0.174000 0.750900
vn 0.977700 -0.143200 0.153700
vn 0.005400 -0.076500 0.997100
vn -0.060300 -0.246400 -0.967300
vn -0.997500 0.055600 -0.042800
vn -0.760600 0.089700 0.643000
vn -0.618700 -0.141500 -0.772800
vn -0.105600 -0.048700 0.993200
vn 0.935600 -0.332600 0.118500
vn 0.965600 -0.243900 0.090600
vn -0.719200 0.049900 0.693000
vn 0.606000 -0.158600 0.779500
vn -0.171500 -0.013400 0.985100
vn 0.791700 -0.189300 0.580800
vn 0.790000 -0.343200 -0.508000
vn 0.967600 -0.177400 -0.179800
vn 0.962800 -0.101600 -0.250500
vn 0.970900 -0.129700 0.201200
vn 0.962700 -0.171700 0.209100
vn 0.971600 -0.147700 0.185100
vn 0.985000 0.006900 0.172300
vn 0.965900 -0.196100 0.168800
vn 0.964000 0.029900 0.264400
vn 0.973000 -0.014100 0.230300
vn 0.810300 0.083600 0.580100
vn 0.792000 0.385500 0.473400
vn 0.829800 0.029000 0.557300
vn 0.623600 0.021400 0.781500
vn 0.583700 0.142900 0.799300
vn -0.361900 0.081800 0.928600
vn -0.322500 -0.097100 0.941600
vn -0.960600 0.064700 0.270300
vn -0.940300 -0.095400 0.326800
vn -0.997700 -0.064600 0.018700
vn -0.997500 0.065300 0.026400
vn -0.911500 -0.126100 -0.391600
vn -0.944500 0.017200 -0.328000
vn -0.821200 0.563200 0.092100
vn -0.871400 0.488700 -0.043000
vn -0.751400 0.618800 0.228900
vn -0.232000 0.875400 0.424000
vn 0.409700 0.653800 0.636200
vn -0.190900 0.946300 0.260900
vn 0.606900 0.572500 0.551400
vn -0.336800 0.853700 0.397200
vn -0.897500 0.005000 -0.441000
vn -0.918500 0.384300 -0.093000
vn -0.875400 0.001200 -0.483400
vn -0.852100 -0.146700 -0.502400
vn -0.867900 -0.146800 -0.474500
vn -0.560800 -0.089800 -0.823000
vn -0.629000 -0.186700 -0.754700
vn -0.872700 0.111900 -0.475300
vn -0.632200 0.206600 -0.746800
vn 0.235300 -0.079000 -0.968700
vn 0.218700 -0.227200 -0.949000
vn 0.039700 0.569800 0.820800
vn -0.051500 0.261900 0.963700
vn -0.088000 0.670800 0.736400
vn -0.144100 0.738300 0.658900
vn -0.398700 0.629000 0.667400
vn -0.992600 -0.117900 -0.028700
vn -0.998400 0.016500 0.053400
vn -0.968100 -0.246500 0.045200
vn -0.959200 -0.117200 0.257100
vn -0.981700 -0.115900 0.151200
vn -0.976300 -0.213800 0.034000
vn -0.973100 -0.204700 0.105800
vn -0.948300 -0.305500 -0.086000
vn -0.965200 -0.261500 -0.005300
vn -0.716700 -0.419300 -0.557300
vn -0.732700 -0.417100 -0.537800
vn -0.392500 -0.410700 -0.823000
vn -0.092900 0.081300 -0.992400
vn -0.123700 -0.153700 -0.980300
vn -0.156900 0.062000 -0.985700
vn -0.136500 0.291200 -0.946900
vn -0.365400 -0.435400 -0.822700
vn -0.132200 -0.331900 -0.934000
vn -0.374800 -0.353100 -0.857200
vn -0.181400 -0.194400 -0.964000
vn 0.000000 -0.176100 -0.984400
vn -0.103800 -0.414500 -0.904100
vn -0.087000 0.284500 -0.954700
vn -0.000000 0.372100 -0.928200
vn -0.180000 0.471000 -0.863600
vn -0.272800 0.403600 -0.873300
vn -0.790000 0.419700 -0.446900
vn -0.390700 0.267300 -0.880800
vn 0.050200 0.685100 0.726700
vn 0.005800 0.690700 0.723100
vn -0.033500 -0.999400 -0.001800
vn -0.033900 -0.999400 -0.001600
vn -0.017300 -0.999800 -0.008700
vn -0.025500 -0.999400 -0.022600
vn -0.023700 -0.999400 -0.026900
vn -0.000900 -0.999100 -0.043000
vn -0.002200 -0.999100 -0.042600
vn -0.002400 -0.999800 -0.018100
vn -0.001300 -0.999800 -0.022300
vn -0.013700 -0.999200 0.037200
vn -0.013200 -0.999400 0.032200
vn -0.017000 -0.996900 0.077200
vn 0.031400 -0.998600 0.043400
vn -0.473000 -0.324700 0.819000
vn -0.434600 -0.731600 0.525300
vn -0.706800 -0.377400 0.598300
vn -0.431200 -0.456100 0.778500
vn -0.609200 -0.341500 0.715700
vn -0.374500 -0.581400 0.722300
vn -0.687000 -0.370200 0.625300
vn -0.301500 0.286700 0.909400
vn -0.575200 0.308000 0.757800
vn -0.612000 -0.337400 0.715300
vn -0.645600 -0.378100 0.663500
vn -0.272900 -0.338800 0.900400
vn -0.648000 -0.395100 0.651200
vn -0.547700 -0.346100 0.761700
vn -0.456300 -0.103500 0.883800
vn -0.500600 -0.317000 0.805500
vn -0.572800 -0.159500 0.804000
vn -0.501000 0.241700 0.831000
vn 0.000000 -0.167000 0.986000
vn -0.589900 -0.251000 0.767500
vn -0.527000 0.014800 0.849700
vn -0.502900 -0.009300 0.864300
vn -0.502300 -0.025600 0.864300
vn -0.547100 -0.184200 0.816600
vn -0.347000 -0.821700 0.452200
vn -0.633500 -0.372300 0.678300
vn -0.422300 -0.062800 0.904300
vn -0.622400 -0.235600 0.746400
vn -0.559400 -0.618500 0.551900
vn 0.000000 -0.782600 0.622600
vn -0.675100 0.192700 0.712100
vn -0.899000 0.302500 0.316600
vn -0.315400 0.931500 -0.181300
vn -0.799400 0.599100 -0.045400
vn -0.993700 0.005200 0.111900
vn -0.991800 -0.065700 0.109400
vn -0.989700 -0.088700 0.112500
vn -0.981500 -0.044000 0.186400
vn -0.988700 0.011600 0.149500
vn -0.802300 0.281600 0.526300
vn -0.971800 0.079300 0.222000
vn -0.966400 0.070800 0.247100
vn -0.532200 0.450600 0.716800
vn -0.772000 0.348100 0.531800
vn -0.494300 0.371500 0.785900
vn -0.250200 0.481600 0.839900
vn -0.803600 0.186600 0.565200
vn -0.224700 0.363700 0.904000
vn -0.449400 0.200800 0.870500
vn -0.203900 0.128000 0.970600
vn -0.909100 -0.081900 0.408500
vn -0.730500 -0.030500 0.682200
vn -0.100500 -0.095700 0.990300
vn -0.255700 -0.316300 0.913500
vn -0.632700 0.493400 0.596800
vn -0.792100 0.247600 0.558000
vn -0.890900 0.244500 0.382800
vn -0.504100 0.041300 0.862700
vn -0.672200 0.292600 0.680200
vn -0.676600 -0.529800 0.511400
vn -0.985400 0.085600 0.147200
vn -0.749500 -0.602300 0.274800
vn 0.636800 -0.752700 0.167300
vn -0.168800 -0.923700 0.344000
vn -0.175000 -0.844300 0.506600
vn 0.195200 -0.671900 0.714400
vn 0.788000 -0.446500 0.423900
vn 0.858100 -0.383300 0.341800
vn 0.940800 -0.332600 0.064800
vn -0.674900 -0.400600 0.619700
vn -0.126800 -0.244000 0.961400
vn -0.110000 -0.291900 0.950100
vn -0.577600 -0.403100 0.709800
vn 0.002400 -0.219100 0.975700
vn -0.000000 -0.262100 0.965000
vn -0.291100 -0.232300 0.928000
vn -0.260200 -0.803100 -0.536100
vn -0.057400 -0.137500 0.988800
vn -0.560700 -0.603500 -0.566900
vn -0.095000 -0.171400 0.980600
vn -0.294900 -0.882400 0.366500
vn 0.020000 -0.162600 0.986500
vn -0.121700 -0.691400 -0.712100
vn 0.364800 -0.874500 0.319600
vn 0.309200 -0.267400 0.912600
vn 0.146500 -0.249600 0.957200
vn 0.045000 -0.287000 0.956900
vn -0.016600 -0.269500 0.962900
vn 0.468200 -0.770700 0.432200
vn 0.006400 -0.235800 0.971800
vn 0.664300 -0.331400 0.670000
vn 0.858200 -0.246600 0.450300
vn 0.118500 -0.401300 0.908200
vn 0.677300 -0.360300 0.641500
vn -0.764700 -0.389600 0.513200
vn -0.306700 -0.207400 0.928900
vn -0.998100 -0.054800 0.028000
vn 0.676900 -0.383900 0.628100
vn -0.258100 -0.106700 0.960200
vn -0.580600 -0.813400 0.035700
vn -0.915900 -0.401000 -0.017700
vn -0.632000 -0.692200 -0.348500
vn -0.736700 -0.663000 0.133100
vn -0.761800 -0.585200 0.277900
vn -0.925700 -0.310700 -0.215900
vn -0.742200 -0.451900 0.494800
vn -0.755100 -0.536200 0.377300
vn -0.315600 -0.830000 0.460000
vn -0.909000 -0.378800 -0.173700
vn -0.529000 -0.601700 0.598400
vn -0.714500 -0.681700 0.157300
vn 0.126600 0.685000 0.717500
vn -0.641700 -0.006400 0.766900
vn -0.397500 -0.855900 0.330800
vn 0.128200 -0.878100 0.460900
vn 0.173000 -0.856300 0.486700
vn -0.315600 -0.830000 0.459900
vn 0.421200 -0.147900 0.894900
vn 0.929300 -0.369200 0.010400
vn 0.466100 -0.843100 0.268400
vn 0.976200 -0.210700 0.052000
vn 0.995400 -0.089600 0.033700
vn 0.991000 0.132200 -0.021200
vn 0.961800 0.196200 0.190700
vn 0.990200 0.003700 0.139800
vn 0.822800 -0.282400 0.493200
vn 0.796400 -0.075600 0.600000
vn -0.742200 -0.452000 0.494800
vn 0.748600 0.251800 0.613300
vn 0.604000 0.527400 0.597600
vn 0.892600 0.388800 0.228200
vn 0.126600 0.685100 0.717400
vn 0.684100 0.666000 0.297400
vn 0.144500 0.911100 0.386100
vn 0.702100 0.692100 0.167400
vn -0.616600 0.665300 0.420900
vn -0.641700 -0.006500 0.766900
vn 0.182600 0.633200 0.752200
vn 0.048100 0.871100 0.488800
vn 0.153400 0.933200 0.324900
vn 0.000000 0.922400 0.386300
vn 0.248200 0.955700 0.158000
vn 0.012300 0.967700 0.252000
vn 0.673600 0.736900 -0.057600
vn 0.259400 0.964400 -0.051500
vn 0.028100 0.988300 -0.149800
vn 0.515300 0.790100 -0.331900
vn 0.013100 0.850600 -0.525700
vn -0.258600 0.964900 -0.045200
vn 0.012300 0.967700 0.251900
vn -0.300400 0.945100 0.128300
vn -0.524900 0.783000 -0.333600
vn -0.716000 0.693900 -0.076700
vn -0.611300 0.545700 -0.573200
vn -0.214800 0.933500 0.287200
vn 0.048200 0.871000 0.488800
vn -0.766800 0.633800 0.101700
vn -0.865100 0.448600 -0.224400
vn -0.136700 0.873500 0.467200
vn -0.073700 0.728300 0.681200
vn -0.175000 -0.844300 0.506500
vn 0.195200 -0.671900 0.714500
vn 0.788000 -0.446400 0.423900
vn -0.780100 0.546000 0.305600
vn -0.926700 0.375100 0.021700
vn -0.722300 0.386300 0.573600
vn -0.921900 0.274000 0.273900
vn -0.812300 0.134800 0.567500
vn 0.754000 -0.496900 0.429700
vn -0.959400 0.150500 0.238400
vn -0.981200 0.188100 -0.043100
vn -0.829200 -0.005200 0.558900
vn -0.940000 0.086800 0.330000
vn -0.991000 0.132400 0.016800
vn 0.905700 -0.345400 0.245800
vn 0.954400 -0.162900 0.250300
vn -0.306600 -0.207400 0.929000
vn -0.764800 -0.389600 0.513200
vn 0.779100 -0.245300 -0.576900
vn 0.830000 0.057600 -0.554700
vn -0.011200 -0.143600 -0.989600
vn 0.189600 0.054500 -0.980300
vn -0.963900 -0.214700 0.157500
vn 0.885000 -0.262300 -0.384800
vn 0.972700 -0.042500 -0.228300
vn 0.791000 -0.376200 -0.482500
vn 0.677200 -0.360300 0.641500
vn 0.255900 -0.222100 -0.940800
vn 0.323100 -0.091100 -0.942000
vn 0.714200 -0.520700 -0.467700
vn 0.058200 -0.375100 -0.925100
vn 0.468100 -0.770800 0.432200
vn 0.528000 -0.279000 -0.802100
vn 0.613500 -0.064900 -0.787000
vn 0.763500 -0.425900 -0.485400
vn 0.415000 -0.221500 -0.882500
vn 0.379100 -0.007900 -0.925300
vn 0.407700 -0.438700 -0.800800
vn -0.121700 -0.691500 -0.712100
vn -0.082000 -0.394200 -0.915300
vn -0.074600 -0.196500 -0.977700
vn -0.141500 -0.378600 -0.914700
vn -0.295000 -0.882400 0.366500
vn -0.313300 -0.383300 -0.868900
vn -0.338900 -0.234600 -0.911100
vn -0.383500 -0.037800 -0.922700
vn -0.342700 -0.389200 -0.855000
vn -0.520200 -0.486800 -0.701800
vn -0.260200 -0.803100 -0.536000
vn -0.699500 -0.340500 -0.628300
vn -0.729900 -0.140700 -0.669000
vn -0.584000 -0.399800 0.706400
vn -0.000000 0.263200 -0.964700
vn 0.000000 0.453200 -0.891400
vn 0.045900 0.493500 -0.868500
vn 0.051800 0.275400 -0.959900
vn 0.047800 0.221500 -0.974000
vn 0.000000 0.231400 -0.972900
vn 0.081200 0.594600 -0.799900
vn -0.000000 0.262300 -0.965000
vn 0.124700 0.337700 -0.932900
vn 0.115500 0.651900 -0.749400
vn 0.226600 0.382300 -0.895800
vn 0.291700 0.284600 -0.913200
vn 0.122700 0.253600 -0.959500
vn 0.376400 0.265300 -0.887600
vn 0.128100 0.248200 -0.960200
vn 0.490900 0.241200 -0.837100
vn 0.051900 0.238800 -0.969700
vn -0.000000 0.270400 -0.962800
vn 0.067900 0.242000 -0.967900
vn 0.000000 0.244100 -0.969800
vn 0.182200 0.239900 -0.953500
vn 0.610300 0.204400 -0.765300
vn 0.092200 0.212500 -0.972800
vn 0.000000 0.220900 -0.975300
vn 0.111900 0.189600 -0.975500
vn 0.254600 0.210900 -0.943800
vn 0.658100 0.186100 -0.729600
vn 0.326100 0.192700 -0.925500
vn -0.000000 -0.419000 0.908000
vn -0.000000 -0.254600 0.967100
vn -0.051300 -0.460100 0.886400
vn -0.053000 -0.266800 0.962300
vn -0.047800 -0.221500 0.974000
vn -0.000000 -0.231400 0.972900
vn -0.084300 -0.570400 0.817000
vn 0.000000 -0.262300 0.965000
vn -0.118000 -0.329900 0.936600
vn -0.113500 -0.636400 0.762900
vn -0.212800 -0.375100 0.902200
vn -0.276300 -0.282000 0.918800
vn -0.113900 -0.251700 0.961100
vn -0.363700 -0.263500 0.893500
vn -0.120400 -0.246700 0.961600
vn -0.481300 -0.240000 0.843100
vn -0.051800 -0.238800 0.969700
vn 0.000000 -0.270400 0.962700
vn -0.067900 -0.242000 0.967900
vn -0.000000 -0.250200 0.968200
vn -0.175500 -0.238700 0.955100
vn -0.605100 -0.206400 0.769000
vn -0.091900 -0.218700 0.971500
vn 0.000000 -0.232800 0.972500
vn -0.111900 -0.201400 0.973100
vn -0.250300 -0.214900 0.944000
vn -0.654800 -0.190100 0.731500
vn -0.321900 -0.200600 0.925300
vn -0.045900 0.493500 -0.868500
vn -0.051800 0.275400 -0.959900
vn -0.047800 0.221500 -0.974000
vn -0.081200 0.594600 -0.799900
vn -0.124700 0.337700 -0.932900
vn -0.115500 0.651900 -0.749400
vn -0.226600 0.382300 -0.895800
vn -0.291700 0.284600 -0.913200
vn -0.122700 0.253600 -0.959500
vn -0.376400 0.265300 -0.887600
vn -0.128100 0.248200 -0.960200
vn -0.491000 0.241200 -0.837100
vn -0.051800 0.238800 -0.969700
vn -0.067900 0.242000 -0.967900
vn -0.182200 0.239900 -0.953500
vn -0.610300 0.204400 -0.765300
vn -0.092200 0.212500 -0.972800
vn -0.111900 0.189600 -0.975500
vn -0.254600 0.210900 -0.943800
vn -0.658100 0.186100 -0.729600
vn -0.326100 0.192700 -0.925500
vn 0.051300 -0.460100 0.886400
vn 0.053000 -0.266800 0.962300
vn 0.047800 -0.221500 0.974000
vn 0.084300 -0.570400 0.817000
vn 0.118000 -0.329900 0.936600
vn 0.113500 -0.636400 0.762900
vn 0.212800 -0.375100 0.902200
vn 0.276300 -0.282000 0.918800
vn 0.113900 -0.251700 0.961100
vn 0.363700 -0.263500 0.893500
vn 0.120400 -0.246700 0.961600
vn 0.481300 -0.240000 0.843100
vn 0.051800 -0.238800 0.969700
vn 0.067900 -0.242000 0.967900
vn 0.175500 -0.238700 0.955100
vn 0.605100 -0.206400 0.769000
vn 0.091900 -0.218700 0.971500
vn 0.111900 -0.201400 0.973100
vn 0.250300 -0.214900 0.944000
vn 0.654800 -0.190100 0.731500
vn 0.321900 -0.200600 0.925300
vn -0.285700 0.010800 0.958300
vn -0.035500 0.999300 -0.009400
vn -0.707600 -0.079400 0.702100
vn 0.026700 0.101600 0.994500
vn 0.072600 0.990200 0.119400
vn 0.199700 -0.976100 0.085800
vn 0.312400 -0.946800 0.077900
vn 0.644300 0.028800 -0.764200
vn 0.114100 -0.983400 0.141100
vn 0.026800 0.101600 0.994500
vn 0.248000 0.002600 -0.968800
vn 0.937900 -0.115800 -0.326900
vn 0.285700 0.010800 0.958300
vn 0.035500 0.999300 -0.009400
vn -0.072600 0.990200 0.119400
vn -0.026700 0.101600 0.994500
vn -0.199700 -0.976100 0.085800
vn -0.312400 -0.946800 0.077900
vn 0.285600 0.010800 0.958300
vn -0.114100 -0.983400 0.141100
vn -0.644300 0.028800 -0.764200
vn -0.026800 0.101600 0.994500
vn -0.248000 0.002600 -0.968800
vn -0.937900 -0.115800 -0.326900
vn 0.218700 -0.517700 -0.827200
vn -0.757400 0.332600 -0.561900
vn -0.737600 0.140200 -0.660600
vn 0.303300 -0.421500 -0.854600
vn -0.587400 0.291700 -0.754900
vn -0.693600 0.642600 0.325600
vn -0.649300 0.709900 0.272900
vn -0.647200 0.748200 0.146000
vn -0.795300 0.603800 -0.053600
vn -0.453300 0.113000 -0.884200
vn -0.155200 -0.103300 -0.982500
vn -0.519300 0.181300 -0.835100
vn 0.166300 -0.544400 -0.822200
vn -0.133900 0.709800 0.691600
vn -0.060500 0.655100 0.753100
vn -0.710500 0.461500 -0.531300
vn -0.775100 0.592500 0.219400
vn -0.565900 0.646900 0.511100
vn -0.782500 0.396500 -0.480100
vn -0.049600 -0.096200 -0.994100
vn -0.065600 -0.118300 -0.990800
vn -0.243500 -0.470900 -0.847900
vn -0.860500 0.118200 -0.495500
vn -0.828600 0.306500 -0.468500
vn -0.176500 -0.345900 0.921500
vn -0.805500 0.163000 0.569800
vn -0.786400 0.351800 0.507700
vn -0.028500 -0.020300 0.999400
vn -0.743400 0.433600 0.509300
vn 0.004200 0.009600 0.999900
vn -0.618000 0.550700 0.561100
vn -0.039700 -0.003800 0.999200
vn -0.696300 0.494500 0.520300
vn -0.970300 -0.236500 0.050000
vn -0.860800 0.439400 -0.257000
vn -0.420100 -0.070800 -0.904700
vn -0.511800 0.478400 0.713600
vn -0.799900 0.578300 0.160400
vn -0.825700 0.482100 -0.292800
vn -0.391300 -0.056000 -0.918600
vn -0.897900 0.381500 -0.219400
vn -0.530300 -0.329000 -0.781400
vn -0.966000 0.158400 -0.204600
vn -0.923500 0.327500 -0.199600
vn 0.216000 -0.383500 0.897900
vn -0.586900 0.156000 0.794500
vn -0.604800 0.320700 0.728900
vn 0.331400 -0.096100 0.938600
vn -0.410800 0.548300 0.728400
vn 0.333900 -0.031000 0.942100
vn 0.237700 0.374900 0.896100
vn -0.248000 0.581300 0.775000
vn -0.510900 0.676200 0.530700
vn -0.715600 -0.297200 -0.632100
vn -0.971700 0.144800 0.186700
vn -0.932400 0.312000 0.182400
vn 0.488400 -0.368500 0.791000
vn -0.303900 0.128500 0.944000
vn 0.908600 -0.092000 -0.407400
vn 0.724800 -0.593500 -0.349900
vn 0.837900 0.008700 0.545800
vn 0.728600 0.508900 0.458400
vn 0.967900 -0.079800 -0.238200
vn 0.967900 0.088900 -0.235000
vn 0.548100 0.100200 0.830400
vn 0.583500 0.091000 0.807000
vn -0.051700 0.057400 0.997000
vn 0.818300 -0.573200 -0.043500
vn -0.961200 -0.245400 0.125800
vn -0.169700 0.056200 0.983900
vn -0.950600 0.003200 0.310300
vn -0.699500 -0.675100 0.234500
vn 0.487100 -0.011100 0.873300
vn -0.055400 -0.059700 0.996700
vn 0.818300 -0.573200 -0.043600
vn 0.080700 -0.560800 -0.824000
vn -0.330200 -0.585600 -0.740300
vn -0.961200 -0.245500 0.125800
vn 0.108600 -0.264000 -0.958400
vn -0.543500 -0.273000 -0.793800
vn 0.940000 -0.123700 -0.317900
vn 0.506500 -0.606600 -0.612800
vn 0.592200 -0.536700 -0.601100
vn 0.218600 -0.517600 -0.827200
vn 0.385500 -0.751200 -0.535900
vn 0.435900 -0.792600 -0.426400
vn 0.583300 -0.604300 -0.542800
vn 0.613700 -0.560800 -0.555800
vn -0.243500 -0.471000 -0.847900
vn 0.690800 -0.550400 0.468900
vn -0.176400 -0.346000 0.921500
vn 0.760500 -0.513000 0.398000
vn 0.690700 -0.620400 0.371500
vn 0.004100 0.009600 0.999900
vn 0.466700 -0.883300 0.044500
vn 0.293700 -0.808700 -0.509600
vn 0.346300 -0.861700 -0.370900
vn -0.970300 -0.236600 0.050000
vn 0.517200 -0.855800 0.000700
vn 0.421600 -0.578400 -0.698300
vn 0.371200 -0.542300 -0.753800
vn 0.799000 -0.570700 0.189500
vn -0.530400 -0.329000 -0.781300
vn 0.496300 -0.466000 -0.732500
vn 0.215900 -0.383500 0.897900
vn 0.859500 -0.488900 0.148900
vn 0.233800 -0.519400 -0.821900
vn -0.697500 -0.030200 -0.715900
vn 0.852900 -0.518400 -0.061700
vn 0.488300 -0.368500 0.791000
vn 0.886800 -0.451500 -0.098700
vn -0.218700 -0.517700 -0.827200
vn -0.724800 -0.593500 -0.349900
vn -0.095300 -0.751800 -0.652400
vn 0.737600 0.140200 -0.660600
vn 0.757400 0.332600 -0.561900
vn 0.647200 0.748200 0.146000
vn 0.587400 0.291700 -0.754900
vn -0.303300 -0.421500 -0.854600
vn 0.693600 0.642600 0.325600
vn 0.649300 0.709900 0.272900
vn 0.453300 0.113000 -0.884200
vn -0.156800 -0.448100 -0.880100
vn 0.795300 0.603800 -0.053600
vn 0.060500 0.655100 0.753100
vn 0.133900 0.709800 0.691600
vn 0.710500 0.461500 -0.531300
vn 0.696300 0.494500 0.520300
vn 0.699800 0.516000 -0.493900
vn 0.155200 -0.103300 -0.982500
vn 0.094100 0.682700 0.724600
vn 0.565900 0.646900 0.511100
vn 0.243500 -0.470900 -0.847900
vn 0.860500 0.118200 -0.495500
vn 0.176500 -0.345900 0.921500
vn 0.805500 0.163000 0.569800
vn 0.028500 -0.020300 0.999400
vn 0.786400 0.351800 0.507700
vn 0.782500 0.396500 -0.480100
vn 0.743400 0.433600 0.509300
vn -0.004200 0.009600 0.999900
vn 0.618000 0.550700 0.561100
vn 0.860800 0.439400 -0.257000
vn 0.511800 0.478400 0.713600
vn 0.825800 0.482000 -0.292800
vn 0.420100 -0.070800 -0.904700
vn -0.216000 -0.383500 0.897900
vn 0.530300 -0.329000 -0.781400
vn 0.966000 0.158400 -0.204600
vn 0.923500 0.327500 -0.199600
vn 0.604800 0.320700 0.728900
vn 0.586900 0.156000 0.794500
vn 0.410800 0.548300 0.728400
vn -0.333900 -0.031000 0.942100
vn 0.602900 0.390500 0.695700
vn -0.342900 -0.045800 0.938200
vn 0.761700 0.541500 0.355700
vn 0.889700 -0.309100 0.336000
vn 0.510900 0.676200 0.530700
vn 0.574000 0.581500 0.576500
vn 0.248000 0.581300 0.775000
vn 0.870600 0.476000 0.124000
vn 0.088600 0.508700 0.856400
vn -0.237700 0.374900 0.896100
vn -0.527900 0.047100 0.848000
vn 0.715600 -0.297200 -0.632100
vn 0.971700 0.144800 0.186700
vn -0.488400 -0.368500 0.791000
vn -0.908600 -0.092000 -0.407400
vn -0.940000 -0.123600 -0.317800
vn -0.728600 0.508900 0.458400
vn -0.583500 0.091000 0.807000
vn -0.548100 0.100200 0.830400
vn -0.967900 -0.079800 -0.238200
vn -0.818300 -0.573200 -0.043500
vn 0.961200 -0.245400 0.125800
vn 0.950600 0.003200 0.310300
vn 0.169700 0.056100 0.983900
vn 0.699500 -0.675000 0.234600
vn 0.055400 -0.059700 0.996700
vn -0.487100 -0.011100 0.873300
vn 0.521900 0.453400 0.722500
vn 0.559800 0.828500 -0.012100
vn 0.284600 0.682800 0.672800
vn -0.180700 -0.020600 0.983300
vn 0.661100 0.738200 0.134200
vn 0.233200 0.309100 0.922000
vn -0.080700 -0.560800 -0.824000
vn -0.818300 -0.573200 -0.043600
vn 0.699500 -0.675100 0.234500
vn 0.330200 -0.585600 -0.740300
vn -0.108600 -0.264100 -0.958400
vn 0.543500 -0.273000 -0.793800
vn -0.592200 -0.536700 -0.601100
vn -0.506500 -0.606600 -0.612800
vn -0.218600 -0.517600 -0.827200
vn -0.385500 -0.751200 -0.535900
vn -0.166300 -0.544400 -0.822200
vn -0.613700 -0.560800 -0.555800
vn 0.243500 -0.471000 -0.847900
vn -0.690800 -0.550400 0.468900
vn -0.760500 -0.513000 0.398000
vn 0.176400 -0.346000 0.921500
vn -0.583300 -0.604300 -0.542800
vn -0.690700 -0.620400 0.371500
vn 0.039700 -0.003800 0.999200
vn -0.466600 -0.883300 0.044500
vn -0.346300 -0.861700 -0.370900
vn -0.435900 -0.792600 -0.426400
vn -0.293700 -0.808700 -0.509600
vn 0.970300 -0.236600 0.050000
vn -0.517200 -0.855800 0.000700
vn -0.421600 -0.578500 -0.698300
vn -0.371200 -0.542300 -0.753800
vn -0.496300 -0.465900 -0.732500
vn 0.530300 -0.328900 -0.781400
vn -0.799000 -0.570700 0.189400
vn -0.215900 -0.383500 0.897900
vn -0.233800 -0.519400 -0.821900
vn -0.852900 -0.518400 -0.061700
vn -0.886800 -0.451500 -0.098700
vn -0.488300 -0.368500 0.791000
vn -0.999800 -0.000000 0.020700
vn -0.948700 0.000000 -0.316300
vn -0.940800 -0.323000 0.102600
vn -0.940800 0.323000 0.102600
vn -0.826800 -0.393300 0.402200
vn -0.932300 0.000000 0.361600
vn -0.826800 0.393300 0.402200
vn -0.467100 0.637700 0.612600
vn -0.595900 -0.317900 0.737500
vn -0.680900 0.000100 0.732400
vn -0.595900 0.317900 0.737500
vn -0.363600 0.550500 0.751500
vn -0.043000 0.696200 0.716500
vn -0.043000 -0.696300 0.716500
vn 0.390300 -0.637700 0.664100
vn 0.270900 -0.550600 0.789600
vn -0.046300 0.635700 0.770500
vn 0.390300 0.637700 0.664100
vn -0.386000 -0.191200 0.902500
vn -0.363600 -0.550600 0.751500
vn -0.437100 -0.000000 0.899400
vn -0.385900 0.191100 0.902500
vn -0.246200 -0.331100 0.910900
vn -0.046300 -0.635700 0.770500
vn -0.060000 0.000000 0.998200
vn -0.246300 0.331100 0.910900
vn -0.055500 -0.382300 0.922400
vn -0.055500 0.382300 0.922400
vn 0.135400 0.331100 0.933800
vn 0.271000 0.550500 0.789600
vn 0.275100 0.191200 0.942200
vn 0.275000 -0.191200 0.942200
vn 0.135400 -0.331100 0.933800
vn 0.503200 -0.317900 0.803600
vn 0.772700 -0.393300 0.498300
vn 0.921700 -0.323000 0.214600
vn 0.772700 0.393300 0.498300
vn 0.921700 0.323000 0.214600
vn 0.326200 -0.000000 0.945300
vn 0.588300 -0.000000 0.808700
vn 0.503200 0.317900 0.803600
vn 0.882300 0.000000 0.470600
vn 0.990100 0.000000 0.140400
vn 0.979700 -0.000000 -0.200400
vn 0.942600 0.000000 -0.334000
vn 1.000000 0.000000 0.002000
vn 0.942600 -0.323000 0.085000
vn 0.942600 0.323100 0.085000
vn 0.834200 -0.393300 0.386600
vn 0.478400 -0.637700 0.603700
vn 0.939000 -0.000000 0.344000
vn 0.834200 0.393300 0.386600
vn 0.478400 0.637700 0.603700
vn 0.377600 -0.550500 0.744500
vn 0.694500 0.000000 0.719500
vn 0.609600 -0.317900 0.726200
vn 0.609600 0.317900 0.726200
vn 0.060800 -0.635700 0.769500
vn 0.056400 -0.696300 0.715500
vn 0.377600 0.550500 0.744500
vn 0.056500 0.696300 0.715500
vn -0.256100 -0.550600 0.794500
vn -0.377800 -0.637700 0.671300
vn 0.060700 0.635700 0.769500
vn -0.377800 0.637700 0.671300
vn 0.402800 -0.191200 0.895100
vn 0.453900 -0.000000 0.891100
vn 0.402800 0.191100 0.895100
vn 0.263300 -0.331100 0.906100
vn 0.078700 0.000000 0.996900
vn 0.263300 0.331100 0.906100
vn 0.072700 -0.382400 0.921100
vn 0.072700 0.382300 0.921200
vn -0.117900 -0.331200 0.936200
vn -0.117800 0.331100 0.936200
vn -0.488100 -0.317900 0.812800
vn -0.256100 0.550500 0.794600
vn -0.257400 0.191200 0.947200
vn -0.257400 -0.191200 0.947200
vn -0.763200 -0.393300 0.512700
vn -0.917600 -0.323000 0.231800
vn -0.763200 0.393300 0.512700
vn -0.917600 0.323000 0.231800
vn -0.308400 0.000000 0.951300
vn -0.573000 -0.000000 0.819600
vn -0.488100 0.317900 0.812900
vn -0.873300 0.000000 0.487100
vn -0.987300 -0.000000 0.158900
vn -0.983300 -0.000000 -0.182000
vn -0.672700 -0.191800 -0.714600
vn -0.276900 -0.298900 -0.913200
vn 0.069000 -0.058100 -0.995900
vn 0.379600 -0.060300 -0.923200
vn 0.047400 -0.056500 -0.997300
vn 0.839300 0.135400 -0.526500
vn 0.753000 0.063500 -0.655000
vn 0.977900 0.208900 0.003700
vn 0.954700 0.291000 0.062300
vn 0.774100 0.261100 0.576700
vn 0.993400 0.103200 -0.049100
vn -0.603000 -0.085600 -0.793200
vn -0.976100 -0.210700 -0.053400
vn -0.973300 -0.224200 -0.049900
vn -0.955600 -0.271900 0.113600
vn 0.825700 0.062800 0.560600
vn 0.829700 -0.044600 0.556400
vn 0.783100 0.186900 0.593100
vn 0.180900 0.069300 0.981100
vn 0.143600 -0.060700 0.987800
vn -0.385700 -0.044200 0.921600
vn -0.633500 -0.200600 0.747300
vn 0.110700 -0.166900 0.979700
vn 0.998400 -0.039600 -0.041300
vn 0.812100 -0.118300 0.571400
vn -0.811400 -0.334500 0.479400
vn 0.241500 0.091100 -0.966100
vn 0.802700 -0.129300 0.582200
vn 0.988900 0.009100 0.148300
vn -0.019500 -0.263800 0.964400
vn 0.004200 -0.279600 0.960100
vn -0.628400 -0.359600 0.689800
vn -0.635400 -0.074600 -0.768600
vn 0.173300 0.257600 -0.950600
vn 0.938200 0.283200 -0.199000
vn 0.966500 0.061300 0.249100
vn 0.809700 -0.121900 0.574100
vn -0.746100 -0.391400 0.538600
vn -0.845500 -0.359400 0.394900
vn -0.894100 -0.253700 -0.369100
vn -0.991900 -0.121600 0.036000
vn -0.419100 0.169200 -0.892000
vn -0.391000 -0.409600 0.824200
vn -0.666900 -0.390700 0.634600
vn -0.991900 -0.121600 0.035900
vn -0.023200 -0.341400 0.939600
vn 0.525200 -0.194100 0.828500
vn 0.797100 -0.048000 0.601900
vn 0.840900 0.044900 0.539300
vn 0.640900 0.436800 -0.631300
vn -0.074800 0.346800 -0.935000
vn -0.753700 0.148400 -0.640200
vn -0.804000 0.082800 -0.588900
vn -0.030700 0.305000 -0.951900
vn -0.790000 -0.343200 -0.508000
vn -0.105700 -0.137200 -0.984900
vn -0.952200 -0.183000 -0.244500
vn -0.980600 -0.045800 -0.190700
vn 0.747300 -0.099700 -0.656900
vn -0.219400 0.014200 -0.975500
vn -0.949300 0.153600 -0.274300
vn 0.799800 -0.006600 -0.600200
vn 0.932000 0.030100 0.361300
vn 0.985100 0.081600 0.151200
vn 0.297800 0.079000 0.951400
vn -0.890200 -0.115200 0.440800
vn -0.970600 -0.029300 0.238800
vn -0.486500 0.149900 0.860800
vn 0.699600 0.212700 0.682100
vn -0.994900 -0.011200 0.100200
vn -0.880700 0.025900 0.473000
vn -0.955600 0.139000 -0.259800
vn -0.982700 0.001400 0.185200
vn 0.983600 0.168100 0.064900
vn -0.517600 0.247700 0.819000
vn 0.741600 0.113300 -0.661200
vn -0.745100 0.377300 0.550100
vn 0.849900 0.187300 -0.492600
vn 0.913500 0.391500 0.110200
vn -0.204800 0.315100 -0.926700
vn 0.621300 0.227600 -0.749800
vn -0.259000 0.278100 -0.925000
vn 0.505500 0.715900 0.481600
vn 0.336800 0.853700 0.397200
vn -0.000000 -0.055100 0.998500
vn 0.000000 -0.088800 0.996100
vn 0.114400 -0.109400 0.987400
vn 0.065800 -0.327400 0.942600
vn 0.152400 -0.074600 0.985500
vn 0.549700 -0.171200 0.817600
vn -0.000000 -0.297100 0.954800
vn 0.021800 -0.216400 0.976100
vn 0.000000 -0.155900 0.987800
vn 0.439400 -0.395500 0.806500
vn 0.326200 -0.327700 0.886700
vn 0.648800 -0.413700 0.638700
vn 0.807600 0.158200 0.568100
vn 0.398700 0.629000 0.667400
vn 0.861100 -0.433600 0.265600
vn 0.746600 -0.405200 0.527700
vn 0.795400 0.421100 0.436000
vn 0.919100 -0.318400 0.232200
vn 0.962500 -0.241900 0.122500
vn 0.731200 -0.441300 -0.520200
vn 0.388300 -0.359300 -0.848600
vn 0.364900 -0.252700 -0.896100
vn 0.000000 -0.399300 -0.916800
vn 0.114000 -0.385100 -0.915800
vn -0.000000 -0.379800 -0.925100
vn 0.131700 -0.293500 -0.946800
vn 0.000000 -0.283000 -0.959100
vn 0.001300 -0.999800 -0.022300
vn 0.002400 -0.999800 -0.018100
vn 0.002200 -0.999100 -0.042600
vn 0.336700 -0.941300 -0.022800
vn 0.000000 -0.999200 -0.040000
vn -0.000000 -0.999400 -0.034200
vn 0.434600 -0.731600 0.525300
vn 0.719700 -0.598300 0.352400
vn 0.461100 -0.887300 -0.007600
vn 0.723000 -0.664800 0.188000
vn 0.785900 -0.463400 0.409500
vn 0.764700 -0.395500 0.508700
vn 0.871900 -0.331000 0.361000
vn 0.805800 -0.182900 0.563200
vn 0.446000 0.010300 0.895000
vn 0.941200 -0.116300 0.317300
vn 0.827000 -0.458000 -0.326200
vn 0.960000 -0.259400 -0.105700
vn 0.848000 -0.518300 -0.111000
vn 0.952200 -0.220300 0.211600
vn 0.989700 -0.088700 0.112500
vn 0.978000 -0.196300 0.070100
vn 0.986400 -0.124300 0.107700
vn 0.670900 -0.584600 -0.456200
vn 0.601700 -0.682400 -0.415000
vn 0.072100 0.393300 -0.916600
vn 0.706800 0.251500 -0.661200
vn 0.647800 -0.349200 -0.677100
vn 0.910100 -0.122800 0.395800
vn 0.315400 0.931500 -0.181300
vn 0.206500 -0.886500 -0.414000
vn 0.939700 -0.290700 0.179900
vn 0.936000 -0.065500 0.345700
vn 0.416700 -0.144800 0.897400
vn 0.273500 -0.280400 0.920100
vn 0.255700 -0.316300 0.913500
vn -0.000000 -0.252100 0.967700
vn -0.000000 -0.064400 0.997900
vn 0.539500 -0.117200 0.833800
vn -0.000000 0.387600 0.921800
vn 0.612700 0.315300 0.724700
vn 0.624700 0.420800 0.657800
vn -0.000000 0.592700 0.805400
vn 0.632700 0.493400 0.596800
vn 0.602400 0.337500 0.723300
vn 0.671400 -0.200500 0.713500
vn 0.325300 0.361500 0.873800
vn 0.413500 0.154400 0.897300
vn 0.175000 0.301700 0.937200
vn 0.469800 0.341000 0.814200
vn 0.667300 0.068600 0.741600
vn 0.286200 0.112300 0.951600
vn 0.611100 0.062000 0.789100
vn 0.809300 0.086100 0.581000
vn 0.733700 -0.306100 0.606700
vn 0.796800 -0.285700 0.532500
vn 0.602000 -0.332500 0.725900
vn 0.383300 -0.399000 0.833000
vn 0.450300 -0.522400 0.724100
vn 0.279100 -0.613300 0.738900
vn 0.161400 -0.515200 0.841700
vn 0.414300 0.404700 0.815200
vn 0.364100 0.644000 0.672800
vn 0.214500 -0.150300 0.965100
vn 0.745000 0.133600 0.653600
vn 0.130100 0.376000 0.917400
vn -0.036500 0.482400 0.875200
vn 0.174600 -0.151500 0.972900
vn 0.198000 0.320900 0.926200
vn 0.058300 -0.541400 0.838700
vn 0.496300 -0.564200 0.659900
vn 0.525100 -0.282700 0.802700
vn -0.379700 -0.060300 -0.923200
vn -0.448300 -0.221200 -0.866100
vn 0.276900 -0.298900 -0.913200
vn -0.069000 -0.058100 -0.995900
vn -0.839300 0.135400 -0.526500
vn -0.843100 0.135900 -0.520400
vn 0.672700 -0.191800 -0.714600
vn 0.694300 -0.152200 -0.703400
vn -0.753000 0.063500 -0.655000
vn -0.977900 0.208900 0.003700
vn -0.954700 0.291000 0.062300
vn -0.993400 0.103200 -0.049100
vn 0.658600 -0.126900 -0.741700
vn 0.973300 -0.224200 -0.049900
vn 0.976100 -0.210700 -0.053400
vn 0.955600 -0.271900 0.113600
vn -0.825700 0.062900 0.560600
vn -0.829700 -0.044600 0.556400
vn -0.783200 0.186900 0.593000
vn -0.774100 0.261100 0.576700
vn -0.143600 -0.060700 0.987800
vn -0.180900 0.069300 0.981100
vn 0.633500 -0.200600 0.747300
vn 0.385700 -0.044200 0.921600
vn -0.110700 -0.166900 0.979700
vn -0.812100 -0.118300 0.571400
vn -0.802700 -0.129300 0.582200
vn 0.783000 -0.293400 0.548400
vn 0.811400 -0.334500 0.479400
vn -0.862700 0.114600 -0.492500
vn -0.988900 0.009100 0.148300
vn -0.809700 -0.121800 0.574100
vn 0.019500 -0.263800 0.964400
vn -0.004200 -0.279600 0.960100
vn 0.628400 -0.359600 0.689700
vn 0.635400 -0.074600 -0.768600
vn -0.173300 0.257600 -0.950600
vn -0.938200 0.283200 -0.199000
vn -0.966500 0.061300 0.249100
vn 0.746100 -0.391400 0.538600
vn 0.845500 -0.359400 0.394900
vn 0.894100 -0.253700 -0.369000
vn 0.991900 -0.121600 0.036000
vn 0.419100 0.169200 -0.892000
vn 0.391000 -0.409600 0.824200
vn 0.666900 -0.390700 0.634600
vn 0.751000 -0.223100 0.621500
vn 0.023200 -0.341400 0.939600
vn -0.525200 -0.194100 0.828500
vn -0.797100 -0.047900 0.601900
vn -0.840900 0.044900 0.539300
vn 0.110400 -0.168800 0.979500
vn -0.939200 0.339800 0.049600
vn -0.640900 0.436800 -0.631300
vn 0.100500 -0.129500 0.986500
vn 0.074800 0.346800 -0.935000
vn 0.753700 0.148400 -0.640200
vn 0.804000 0.082800 -0.588900
vn 0.977700 -0.143200 0.153600
vn 0.030700 0.305000 -0.951900
vn 0.105700 -0.137200 -0.984900
vn 0.952200 -0.183000 -0.244500
vn 0.980600 -0.045800 -0.190700
vn -0.747300 -0.099700 -0.656900
vn 0.219400 0.014200 -0.975500
vn 0.949300 0.153600 -0.274300
vn -0.932000 0.030100 0.361300
vn -0.799800 -0.006600 -0.600200
vn -0.297800 0.079000 0.951400
vn -0.985100 0.081600 0.151200
vn 0.890200 -0.115200 0.440800
vn 0.970600 -0.029300 0.238800
vn 0.486500 0.149900 0.860800
vn -0.699600 0.212700 0.682100
vn -0.983600 0.168100 0.064900
vn -0.741600 0.113300 -0.661200
vn 0.994900 -0.011200 0.100200
vn 0.955600 0.139000 -0.259800
vn 0.982700 0.001400 0.185200
vn 0.517600 0.247600 0.819000
vn -0.688500 0.520300 0.505200
vn -0.913500 0.391500 0.110200
vn 0.745100 0.377300 0.550100
vn -0.505500 0.715900 0.481600
vn 0.973500 -0.140000 0.180900
vn -0.849900 0.187300 -0.492600
vn -0.621300 0.227600 -0.749800
vn 0.962800 -0.101700 -0.250500
vn 0.259000 0.278100 -0.925000
vn 0.204800 0.315100 -0.926700
vn -0.152400 -0.074600 0.985500
vn -0.114400 -0.109400 0.987400
vn -0.065800 -0.327400 0.942600
vn -0.021800 -0.216400 0.976100
vn -0.439400 -0.395500 0.806500
vn -0.549800 -0.171300 0.817600
vn -0.326200 -0.327700 0.886700
vn -0.385000 0.290000 0.876200
vn -0.648800 -0.413700 0.638700
vn -0.807600 0.158200 0.568100
vn -0.861100 -0.433600 0.265600
vn -0.746600 -0.405200 0.527700
vn -0.987300 -0.107500 0.116800
vn -0.919100 -0.318400 0.232200
vn -0.954100 -0.236800 0.183200
vn -0.962500 -0.241900 0.122500
vn -0.731200 -0.441300 -0.520200
vn -0.388300 -0.359300 -0.848600
vn -0.364900 -0.252700 -0.896100
vn -0.114000 -0.385100 -0.915800
vn -0.131700 -0.293500 -0.946800
vn -0.336700 -0.941300 -0.022800
vn -0.719700 -0.598300 0.352400
vn -0.461100 -0.887300 -0.007600
vn -0.723000 -0.664800 0.188000
vn -0.780000 -0.622100 0.067200
vn -0.676700 -0.681900 0.277700
vn -0.785900 -0.463400 0.409500
vn -0.864700 -0.419800 0.275900
vn -0.764700 -0.395500 0.508700
vn -0.805800 -0.182900 0.563200
vn -0.446000 0.010300 0.895000
vn -0.941200 -0.116300 0.317300
vn -0.871900 -0.331000 0.361000
vn -0.827000 -0.457900 -0.326200
vn -0.890200 -0.455500 -0.012100
vn -0.848000 -0.518300 -0.111000
vn -0.952200 -0.220300 0.211600
vn -0.978000 -0.196300 0.070100
vn -0.670900 -0.584600 -0.456200
vn -0.969100 -0.220900 -0.110100
vn -0.072100 0.393300 -0.916600
vn -0.265300 -0.433800 -0.861100
vn -0.647800 -0.349200 -0.677100
vn -0.960000 -0.259400 -0.105700
vn -0.939700 -0.290700 0.179900
vn -0.706800 0.251500 -0.661200
vn -0.910100 -0.122800 0.395800
vn -0.206500 -0.886500 -0.414000
vn -0.601700 -0.682400 -0.415000
vn -0.936000 -0.065500 0.345700
vn -0.885300 0.004800 0.465000
vn -0.986400 -0.124300 0.107700
vn -0.952600 -0.053900 0.299500
vn -0.416700 -0.144800 0.897400
vn -0.273500 -0.280400 0.920100
vn -0.539500 -0.117200 0.833800
vn -0.612700 0.315300 0.724700
vn -0.624700 0.420800 0.657800
vn -0.414500 0.180900 0.891900
vn -0.602400 0.337500 0.723300
vn -0.325300 0.361500 0.873800
vn -0.413500 0.154400 0.897300
vn -0.175000 0.301700 0.937200
vn -0.667300 0.068600 0.741600
vn -0.286200 0.112300 0.951600
vn -0.611100 0.062000 0.789100
vn -0.809300 0.086100 0.581000
vn -0.745000 0.133600 0.653600
vn -0.733700 -0.306100 0.606700
vn -0.602100 -0.332500 0.725900
vn -0.383300 -0.399000 0.833000
vn -0.450300 -0.522400 0.724100
vn -0.279100 -0.613300 0.738900
vn -0.161400 -0.515200 0.841700
vn -0.130100 0.376000 0.917400
vn -0.414300 0.404700 0.815200
vn 0.036600 0.482400 0.875200
vn -0.174600 -0.151500 0.972900
vn -0.198000 0.320900 0.926200
vn -0.058300 -0.541400 0.838700
vn -0.525100 -0.282700 0.802700
vn -0.496300 -0.564200 0.659900
vn -0.671400 -0.200500 0.713500
vn 0.046200 -0.449800 0.892000
vn -0.019800 -0.455200 0.890200
vn -0.390200 -0.559600 0.731200
vn -0.342500 -0.605800 0.718100
vn -0.018600 -0.384000 0.923200
vn -0.059200 -0.379200 0.923400
vn -0.584000 -0.399900 0.706400
vn 0.659500 -0.187700 0.727900
vn 0.421100 -0.147900 0.894900
vn 0.797300 -0.061300 0.600500
vn -0.489600 -0.192900 0.850400
vn -0.701500 0.149900 0.696700
vn 0.999700 -0.000300 0.024200
vn 0.903000 0.423400 0.072400
vn 0.864300 0.470200 -0.178500
vn 0.632200 0.549600 -0.546100
vn 0.944200 0.213300 -0.251000
vn 0.023600 0.615600 -0.787700
vn 0.664800 0.300600 -0.683900
vn 0.950300 0.082100 -0.300400
vn 0.030700 0.338100 -0.940600
vn 0.666100 0.130500 -0.734400
vn -0.642200 0.289600 -0.709700
vn 0.028500 0.154000 -0.987700
vn -0.919900 0.220000 -0.324700
vn -0.632800 0.141500 -0.761200
vn -0.910500 0.127200 -0.393500
vn -0.985700 0.116100 -0.121900
vn -0.974800 0.139300 -0.174500
vn 0.934900 0.086300 -0.344400
vn 0.626800 0.146900 -0.765200
vn 0.691600 0.441600 -0.571600
vn 0.865800 0.395000 -0.307200
vn 0.800000 0.492500 -0.342700
vn 0.847100 0.260300 -0.463200
vn 0.665100 0.445500 -0.599300
vn 0.699500 0.422800 -0.576200
vn 0.494800 0.196600 -0.846500
vn 0.519200 0.198600 -0.831300
vn 0.343100 0.201100 -0.917500
vn -0.039300 0.007600 -0.999200
vn -0.049700 0.217300 -0.974800
vn -0.408500 0.200200 -0.890500
vn -0.653800 0.142700 -0.743000
vn -0.963600 -0.262300 0.052500
vn 0.240800 -0.015500 -0.970400
vn 0.453900 -0.848700 0.271500
vn -0.669900 -0.348400 -0.655600
vn -0.785600 -0.457700 0.416300
vn 0.026600 0.956000 -0.292200
vn -0.726400 -0.498700 0.472900
vn -0.726500 -0.498700 0.472900
vn 0.148500 -0.963600 -0.222300
vn 0.785600 -0.457700 0.416300
vn -0.047400 0.949800 -0.309400
vn 0.707600 -0.079400 0.702100
vn 0.726500 -0.498700 0.472900
vn -0.148500 -0.963600 -0.222400
vn -0.017200 -0.755600 -0.654900
vn 0.500500 -0.864700 -0.041400
vn 0.540100 -0.841400 -0.020100
vn 0.531300 -0.842100 -0.092800
vn 0.056200 -0.729300 -0.681800
vn 0.626500 -0.763000 -0.159100
vn -0.532600 -0.186800 -0.825500
vn -0.773300 0.616000 0.149800
vn -0.699800 0.516000 -0.493900
vn -0.841500 0.521200 0.142100
vn -0.427200 -0.025300 -0.903800
vn -0.602900 0.390500 0.695700
vn 0.342900 -0.045800 0.938200
vn -0.889700 -0.309100 0.336000
vn -0.307400 0.297900 0.903700
vn 0.601500 -0.057400 0.796800
vn 0.709900 -0.512900 0.482700
vn 0.679000 -0.571500 0.460900
vn 0.552200 0.093700 0.828400
vn 0.748400 -0.557400 0.359500
vn 0.742500 -0.408400 0.530900
vn 0.846400 -0.531300 -0.035000
vn 0.569100 -0.432100 0.699600
vn 0.703300 -0.710400 -0.027200
vn 0.654800 -0.753100 0.063700
vn 0.663400 -0.060100 0.745900
vn 0.196600 0.499900 0.843400
vn -0.062700 0.632000 0.772400
vn -0.036300 0.855400 0.516700
vn -0.679900 0.726400 0.100200
vn -0.783500 0.472900 -0.403200
vn -0.612200 0.756500 -0.230000
vn -0.559800 0.828500 -0.012100
vn 0.046200 0.184000 0.981800
vn 0.180700 -0.020600 0.983300
vn -0.521900 0.453400 0.722500
vn -0.284600 0.682800 0.672800
vn -0.233200 0.309100 0.922000
vn -0.661100 0.738200 0.134200
vn -0.621700 0.681000 -0.386800
vn -0.626800 0.665400 -0.405500
vn -0.480500 0.178700 -0.858600
vn 0.440500 -0.455400 0.773600
vn 0.478500 -0.435700 0.762400
vn 0.668000 -0.736100 0.109500
vn -0.306600 0.392200 0.867300
vn -0.630800 0.514400 -0.581000
vn -0.680300 0.697800 0.224200
vn -0.367700 0.198000 -0.908600
vn 0.015200 -0.391000 0.920300
vn -0.319600 -0.195100 0.927200
vn -0.706900 0.384400 0.593800
vn 0.066500 -0.047000 0.996700
vn -0.282200 0.305100 0.909500
vn -0.115100 -0.219400 -0.968800
vn -0.634600 0.474400 -0.610100
vn 0.053600 -0.333400 -0.941300
vn -0.114300 -0.369200 -0.922300
vn 0.457400 -0.654100 -0.602500
vn 0.358500 -0.721500 -0.592400
vn 0.846400 -0.531400 -0.035000
vn 0.447400 -0.713300 -0.539600
vn 0.450400 -0.723000 -0.523800
vn -0.129700 -0.199700 -0.971200
vn -0.775400 0.520500 -0.357600
vn -0.627400 0.459100 -0.629000
vn -0.823800 0.545700 0.153400
vn -0.764300 0.440000 -0.471500
vn -0.426000 0.237200 -0.873100
vn -0.435100 0.287700 -0.853200
vn -0.890800 0.452700 0.038100
vn -0.671900 0.528500 -0.518900
vn -0.836200 0.547200 -0.036300
vn -0.665600 -0.254100 -0.701700
vn 0.159000 -0.197900 -0.967200
vn 0.684500 -0.517900 -0.513100
vn 0.363700 -0.901900 -0.232900
vn 0.431000 -0.885900 -0.171300
vn -0.427200 -0.025400 -0.903800
vn 0.201800 -0.899100 -0.388500
vn 0.789600 -0.578900 0.203500
vn 0.331400 -0.096200 0.938600
vn 0.342900 -0.045800 0.938300
vn 0.017200 -0.755600 -0.654900
vn -0.013600 -0.786400 -0.617500
vn -0.540100 -0.841400 -0.020100
vn -0.531300 -0.842100 -0.092800
vn -0.056200 -0.729300 -0.681800
vn -0.626500 -0.763000 -0.159100
vn 0.532600 -0.186800 -0.825500
vn 0.630400 -0.145400 -0.762500
vn 0.773300 0.616000 0.149800
vn 0.841500 0.521200 0.142100
vn 0.065600 -0.118300 -0.990800
vn 0.049600 -0.096200 -0.994100
vn 0.828600 0.306500 -0.468400
vn 0.970300 -0.236500 0.050000
vn 0.391300 -0.056000 -0.918600
vn 0.897900 0.381500 -0.219400
vn 0.427200 -0.025300 -0.903800
vn -0.331400 -0.096100 0.938600
vn 0.880300 0.465500 -0.091700
vn 0.566200 -0.086300 -0.819700
vn 0.932400 0.312000 0.182400
vn 0.307400 0.298000 0.903700
vn 0.303900 0.128500 0.944000
vn -0.500500 -0.864800 -0.041400
vn -0.679000 -0.571500 0.460900
vn 0.051700 0.057400 0.997000
vn 0.783400 0.472900 -0.403300
vn 0.832500 0.463900 -0.302800
vn 0.679900 0.726400 0.100200
vn 0.639700 0.710100 0.294200
vn 0.062600 0.632000 0.772400
vn 0.184500 0.636400 0.749000
vn -0.552200 0.093700 0.828400
vn -0.490200 0.097000 0.866200
vn -0.709900 -0.512900 0.482700
vn -0.748400 -0.557400 0.359500
vn -0.742500 -0.408400 0.530900
vn -0.846400 -0.531300 -0.035000
vn -0.569100 -0.432100 0.699600
vn -0.703300 -0.710400 -0.027200
vn -0.654800 -0.753100 0.063700
vn -0.663400 -0.060100 0.745900
vn -0.196600 0.499900 0.843400
vn 0.036300 0.855400 0.516700
vn 0.612300 0.756500 -0.230000
vn -0.046200 0.184000 0.981800
vn 0.621700 0.681100 -0.386800
vn 0.626800 0.665400 -0.405500
vn 0.480500 0.178700 -0.858600
vn -0.440500 -0.455400 0.773600
vn -0.478500 -0.435700 0.762400
vn 0.630800 0.514400 -0.581000
vn 0.680300 0.697800 0.224200
vn 0.367700 0.198000 -0.908600
vn -0.015200 -0.391000 0.920300
vn -0.574000 -0.531400 0.623000
vn -0.066500 -0.047000 0.996700
vn 0.319600 -0.195100 0.927200
vn -0.358200 -0.524200 0.772500
vn 0.706900 0.384400 0.593800
vn 0.282200 0.305100 0.909500
vn 0.634600 0.474400 -0.610100
vn 0.115100 -0.219400 -0.968800
vn -0.053600 -0.333400 -0.941300
vn 0.823800 0.545700 0.153400
vn 0.114300 -0.369200 -0.922300
vn -0.457400 -0.654100 -0.602500
vn -0.358500 -0.721500 -0.592400
vn -0.846400 -0.531400 -0.035000
vn -0.703300 -0.710400 -0.027300
vn -0.447400 -0.713300 -0.539600
vn -0.668000 -0.736100 0.109500
vn -0.450400 -0.723000 -0.523800
vn 0.775400 0.520500 -0.357500
vn 0.627400 0.459100 -0.629000
vn 0.426000 0.237200 -0.873100
vn 0.764300 0.440000 -0.471500
vn 0.890800 0.452700 0.038100
vn 0.435100 0.287700 -0.853200
vn 0.671900 0.528500 -0.518900
vn 0.723400 0.311300 0.616300
vn 0.836200 0.547200 -0.036300
vn 0.665600 -0.254000 -0.701700
vn -0.684500 -0.517900 -0.513100
vn -0.363700 -0.901900 -0.233000
vn -0.431000 -0.885900 -0.171300
vn 0.427200 -0.025400 -0.903800
vn -0.789600 -0.578900 0.203600
vn -0.859500 -0.488900 0.148900
vn -0.201800 -0.899100 -0.388500
vn 0.566300 -0.086300 -0.819700
vn -0.501900 -0.864500 0.024700
vn -0.606500 -0.592000 -0.530700
vn -0.966000 -0.253800 0.050000
vn -0.796900 -0.331000 -0.505400
vn -0.966500 -0.256100 -0.013600
vn -0.102600 -0.532300 -0.840300
vn -0.973100 -0.227800 -0.034100
vn 0.448300 -0.221200 -0.866100
vn 0.843100 0.135900 -0.520400
vn -0.694300 -0.152200 -0.703400
vn -0.658600 -0.126900 -0.741700
vn 0.262800 0.108500 0.958700
vn -0.238100 -0.102000 0.965900
vn -0.808700 -0.183800 0.558800
vn -0.500700 -0.401900 0.766700
vn -0.501900 -0.864600 0.024600
vn -0.966500 -0.256100 -0.013700
vn -0.706600 -0.246400 0.663300
vn 0.076500 -0.241500 0.967400
vn -0.715700 -0.283600 0.638200
vn -0.783000 -0.293400 0.548400
vn -0.941200 0.015700 0.337500
vn -0.962800 -0.101700 -0.250500
vn -0.628500 0.356400 0.691300
vn 0.688500 0.520300 0.505200
vn 0.000000 -0.998800 -0.048000
vn -0.501900 -0.864600 0.024700
vn -0.000000 -0.960400 0.278800
vn 0.000000 -0.536200 0.844100
vn -0.001000 -0.530100 0.847900
vn -0.238200 -0.102000 0.965900
vn 0.003400 -0.311600 0.950200
vn 0.000000 -0.300300 0.953800
vn 0.083300 -0.120900 0.989200
vn 0.199000 -0.018600 0.979800
vn 0.000000 -0.059500 0.998200
vn 0.000000 -0.150700 0.988600
vn 0.275400 0.078100 0.958200
vn 0.000000 0.044200 0.999000
vn -0.000000 0.049900 0.998800
vn 0.432700 0.040300 0.900600
vn 0.422000 -0.164400 0.891600
vn -0.000000 -0.130100 0.991500
vn 0.333100 -0.214300 0.918200
vn 0.767400 -0.200100 0.609100
vn 0.000000 -0.186800 0.982400
vn 0.144100 0.738300 0.659000
vn 0.872400 -0.208000 0.442300
vn 0.401000 0.680200 0.613600
vn 0.283500 0.655700 0.699800
vn 0.969700 -0.134800 0.203600
vn 0.627900 0.467500 0.622300
vn 0.518000 -0.222500 0.825900
vn 0.968100 -0.246500 0.045100
vn 0.227100 -0.864900 0.447600
vn -0.309100 -0.848500 0.429600
vn 0.227000 -0.735600 -0.638300
vn 0.969500 -0.177000 0.169500
vn 0.826000 0.032700 0.562700
vn 0.223300 0.553000 -0.802700
vn 0.232900 0.647300 -0.725800
vn 0.136500 0.291200 -0.946900
vn 0.362100 0.931700 -0.029600
vn 0.226000 0.973800 -0.025200
vn 0.574900 0.772100 -0.270700
vn 0.790000 0.419700 -0.446900
vn 0.087000 0.284500 -0.954700
vn 0.591000 0.247100 0.767900
vn 0.526700 0.166300 0.833600
vn 0.454900 0.100900 0.884800
vn 0.843800 0.295900 0.447700
vn 0.829800 0.315200 0.460500
vn 0.391800 0.101400 0.914400
vn 0.991600 0.058000 0.115500
vn 0.829600 0.260000 0.494100
vn 0.809300 0.266600 0.523400
vn 0.945500 0.325200 0.015300
vn 0.941800 -0.247700 -0.227200
vn 0.926300 0.375200 -0.034900
vn 0.944000 0.329500 0.016800
vn 0.938500 0.344400 -0.022200
vn 0.935700 0.025200 -0.351900
vn 0.699100 -0.426300 -0.574100
vn 0.851300 0.355600 -0.385900
vn 0.798600 0.446500 -0.403700
vn 0.816800 0.408100 -0.407800
vn 0.695300 -0.329900 -0.638500
vn 0.632600 0.059800 -0.772200
vn 0.516100 0.401300 -0.756700
vn 0.475500 0.507100 -0.718900
vn 0.840600 0.345800 -0.416900
vn 0.178900 0.419900 -0.889800
vn 0.400000 -0.220100 -0.889700
vn 0.501300 0.487800 -0.714700
vn 0.217700 0.163400 -0.962200
vn 0.158200 0.522400 -0.837900
vn 0.000000 0.429800 -0.902900
vn 0.000000 0.156700 -0.987600
vn 0.000000 0.520900 -0.853600
vn 0.143400 0.502500 -0.852600
vn -0.000000 0.473200 -0.881000
vn 0.000000 0.283900 -0.958900
vn 0.390700 0.267300 -0.880800
vn 0.861300 0.186200 -0.472700
vn 0.508300 0.020500 -0.860900
vn -0.000000 0.025000 -0.999700
vn 0.889100 -0.007200 -0.457600
vn 0.500700 -0.078500 -0.862000
vn 0.000000 -0.089600 -0.996000
vn 0.901700 -0.146500 -0.406800
vn 0.000000 -0.862300 -0.506400
vn -0.302200 -0.773100 -0.557700
vn -0.606500 -0.592000 -0.530800
vn 0.000000 -0.508500 -0.861100
vn -0.044400 -0.368900 -0.928400
vn -0.000000 -0.031400 -0.999500
vn 0.416900 -0.139200 -0.898200
vn 0.030700 0.039800 -0.998700
vn 0.000000 0.280400 -0.959900
vn 0.823700 0.165900 -0.542300
vn 0.843000 0.135900 -0.520400
vn 0.430800 0.159000 -0.888300
vn 0.096600 0.356000 -0.929500
vn 0.468300 0.417000 -0.779000
vn 0.038800 0.652900 0.756400
vn 0.000000 0.634100 0.773300
vn -0.000000 0.667400 0.744700
vn 0.144000 0.738300 0.659000
vn 0.173700 0.687500 0.705100
vn 0.969100 -0.220900 -0.110100
vn 0.890200 -0.455500 -0.012100
vn 0.994000 -0.107600 -0.018200
vn 0.881400 -0.212600 0.421900
vn 0.676700 -0.681900 0.277700
vn 0.993400 -0.001500 0.115100
vn 0.790000 0.419700 -0.446800
vn 0.499500 -0.329600 0.801100
vn -0.000000 -0.930400 0.366600
vn 0.943000 0.172300 0.284600
vn 0.575000 0.772100 -0.270700
vn 0.853500 -0.106500 0.510100
vn 0.629700 0.586500 0.509500
vn 0.599400 0.118600 0.791600
vn 0.315000 -0.147700 0.937500
vn -0.000000 -0.410200 0.912000
vn 0.235900 0.869200 0.434500
vn 0.095300 0.931100 0.352100
vn 0.362400 0.596100 0.716500
vn 0.152300 0.784600 0.601000
vn 0.000000 -0.172300 0.985000
vn -0.499500 -0.329600 0.801100
vn 0.160700 0.712000 0.683500
vn 0.168100 0.673900 0.719400
vn 0.000000 0.093500 0.995600
vn -0.315000 -0.147700 0.937500
vn -0.881400 -0.212600 0.421900
vn -0.000000 0.527000 0.849900
vn -0.599400 0.118600 0.791600
vn -0.853500 -0.106500 0.510200
vn -0.994000 -0.107600 -0.018200
vn -0.362400 0.596100 0.716500
vn -0.160700 0.712000 0.683500
vn -0.000000 0.727500 0.686100
vn -0.168100 0.673900 0.719400
vn -0.152300 0.784600 0.601000
vn -0.283500 0.655700 0.699800
vn -0.401000 0.680200 0.613600
vn -0.253500 0.576300 0.777000
vn -0.235900 0.869200 0.434500
vn -0.095300 0.931100 0.352100
vn -0.629700 0.586500 0.509400
vn -0.575000 0.772100 -0.270700
vn -0.362100 0.931700 -0.029600
vn -0.943000 0.172300 0.284600
vn -0.790000 0.419700 -0.446800
vn -0.993400 -0.001500 0.115100
vn -0.861300 0.186200 -0.472700
vn -0.889100 -0.007200 -0.457600
vn -0.901700 -0.146500 -0.406800
vn 0.676700 -0.681900 0.277600
vn 0.780000 -0.622100 0.067200
vn 0.864700 -0.419800 0.275900
vn 0.937500 -0.316400 0.144500
vn 0.265300 -0.433800 -0.861100
vn 0.876900 0.050700 0.478000
vn 0.765900 0.122100 0.631200
vn 0.607200 -0.224100 0.762300
vn 0.648200 -0.544000 0.532800
vn 0.084300 -0.382700 0.920000
vn 0.606500 -0.592000 -0.530700
vn 0.501900 -0.864600 0.024700
vn 0.966000 -0.253800 0.050000
vn 0.796900 -0.331000 -0.505400
vn 0.966500 -0.256100 -0.013600
vn 0.102600 -0.532300 -0.840300
vn 0.973100 -0.227700 -0.034000
vn -0.262800 0.108500 0.958700
vn 0.238100 -0.102000 0.965900
vn 0.808700 -0.183800 0.558800
vn 0.500700 -0.401900 0.766700
vn 0.501900 -0.864600 0.024600
vn 0.966500 -0.256100 -0.013700
vn 0.706600 -0.246400 0.663300
vn 0.973100 -0.227800 -0.034100
vn -0.076500 -0.241500 0.967400
vn 0.715700 -0.283600 0.638200
vn 0.880700 0.025900 0.472900
vn 0.941200 0.015700 0.337500
vn 0.628500 0.356500 0.691300
vn 0.001000 -0.530100 0.847900
vn 0.238200 -0.102000 0.965900
vn -0.003400 -0.311600 0.950200
vn -0.083300 -0.120900 0.989200
vn -0.199000 -0.018600 0.979800
vn -0.432700 0.040300 0.900600
vn -0.275400 0.078100 0.958200
vn -0.421900 -0.164400 0.891600
vn -0.333100 -0.214300 0.918200
vn -0.767400 -0.200100 0.609100
vn -0.795400 0.421100 0.436000
vn -0.627900 0.467500 0.622300
vn -0.872400 -0.208000 0.442300
vn -0.969700 -0.134700 0.203600
vn -0.518000 -0.222500 0.826000
vn -0.227100 -0.864900 0.447600
vn 0.309100 -0.848500 0.429600
vn -0.227000 -0.735600 -0.638300
vn -0.938400 -0.319500 -0.131500
vn -0.302900 -0.297600 -0.905400
vn -0.969500 -0.177000 0.169500
vn -0.826000 0.032700 0.562700
vn -0.223300 0.553000 -0.802700
vn -0.591000 0.247100 0.767900
vn -0.526700 0.166300 0.833600
vn -0.454900 0.100900 0.884800
vn -0.843800 0.295900 0.447700
vn -0.829800 0.315200 0.460500
vn -0.391800 0.101400 0.914400
vn -0.991600 0.058000 0.115500
vn -0.829600 0.260000 0.494100
vn -0.809300 0.266600 0.523400
vn -0.945500 0.325200 0.015300
vn -0.941800 -0.247700 -0.227200
vn -0.926300 0.375200 -0.034900
vn -0.944000 0.329500 0.016800
vn -0.938500 0.344400 -0.022200
vn -0.935700 0.025200 -0.351900
vn -0.699100 -0.426300 -0.574100
vn -0.851300 0.355600 -0.385900
vn -0.798600 0.446500 -0.403700
vn -0.816800 0.408100 -0.407800
vn -0.840600 0.345800 -0.416900
vn -0.695300 -0.329900 -0.638500
vn -0.632600 0.059800 -0.772200
vn -0.516100 0.401300 -0.756700
vn -0.475500 0.507100 -0.718900
vn -0.501300 0.487800 -0.714700
vn -0.178900 0.419900 -0.889800
vn -0.400000 -0.220100 -0.889700
vn -0.217700 0.163400 -0.962200
vn -0.158200 0.522400 -0.837900
vn -0.143400 0.502500 -0.852600
vn -0.508300 0.020500 -0.860900
vn -0.500700 -0.078500 -0.862000
vn 0.302200 -0.773100 -0.557700
vn 0.606500 -0.592000 -0.530800
vn 0.044400 -0.368900 -0.928400
vn -0.416900 -0.139200 -0.898200
vn -0.030700 0.039800 -0.998700
vn -0.823700 0.165900 -0.542300
vn -0.843000 0.135900 -0.520400
vn -0.430800 0.159000 -0.888300
vn -0.096600 0.356000 -0.929500
vn -0.468300 0.417000 -0.779000
vn -0.144000 0.738300 0.659000
vn -0.937500 -0.316400 0.144500
vn -0.469800 0.341000 0.814200
vn -0.876900 0.050700 0.478000
vn -0.796800 -0.285700 0.532500
vn -0.765900 0.122100 0.631200
vn -0.607200 -0.224100 0.762300
vn -0.648200 -0.544000 0.532800
vn -0.214500 -0.150300 0.965100
vn -0.364100 0.644000 0.672800
vn -0.084300 -0.382700 0.920000
vn 0.845500 -0.464300 0.263800
vn 0.913400 -0.380900 0.143600
vn 0.456900 -0.679700 0.573800
vn -0.080600 -0.716900 0.692500
vn 0.087200 -0.671200 0.736200
vn 0.721000 -0.460900 0.517500
vn 0.594400 -0.475100 0.648800
vn 0.577700 -0.562200 0.591800
vn 0.407600 -0.552600 0.727000
vn -0.531100 -0.265900 0.804500
vn 0.008000 -0.490300 0.871500
vn -0.834300 -0.295400 0.465500
vn 0.205500 -0.469000 0.859000
vn 0.209700 -0.602300 0.770200
vn -0.734500 -0.503100 0.455400
vn -0.251900 -0.568300 0.783300
vn -0.211100 -0.535600 0.817700
vn -0.196000 -0.531100 0.824300
vn -0.286700 -0.516600 0.806800
vn 0.257300 -0.320500 0.911600
vn -0.166800 -0.494900 0.852800
vn 0.956200 0.003500 0.292600
vn 0.453800 -0.848700 0.271500
vn 0.954100 -0.097500 0.283200
vn 0.883100 -0.331400 0.332200
vn -0.013800 -0.457800 0.889000
vn 0.196400 -0.578600 0.791600
vn -0.278800 -0.422200 0.862600
vn 0.388800 0.084300 -0.917500
vn -0.963900 -0.214800 0.157500
vn -0.373800 -0.324000 0.869000
vn 0.427000 0.150200 0.891700
vn -0.531100 -0.266000 0.804500
vn -0.991400 0.076000 -0.106600
vn -0.283600 -0.504000 0.815800
vn -0.567700 -0.106200 -0.816400
vn -0.705500 0.191700 0.682300
vn -0.997400 -0.040300 -0.059200
vn -0.536300 -0.310300 -0.784900
vn -0.650200 -0.474300 -0.593600
vn -0.474500 -0.699800 -0.533900
vn -0.219300 -0.767000 -0.603100
vn 0.397100 -0.916100 -0.055200
vn 0.669300 -0.691000 -0.273000
vn -0.994200 -0.100800 -0.036500
vn -0.053700 -0.851100 -0.522300
vn -0.094600 -0.523200 0.847000
vn -0.993700 -0.112300 -0.000400
vn -0.648800 0.280000 0.707600
vn 0.250600 0.375900 0.892100
vn -0.556500 0.393700 0.731600
vn -0.994300 -0.101500 0.032500
vn 0.402800 0.443800 0.800500
vn -0.446000 0.483800 0.753000
vn -0.383200 0.531700 0.755300
vn 0.706300 0.256600 0.659800
vn 0.669400 -0.691000 -0.273000
vn 0.618900 0.374600 0.690300
vn 0.397100 -0.916100 -0.055100
vn 0.394500 0.242100 0.886400
vn 0.950800 0.206100 0.231400
vn 0.895900 0.122700 -0.427000
vn 0.739900 -0.567800 -0.360600
vn 0.926700 0.267300 0.264000
vn 0.404400 0.300200 0.863900
vn 0.731000 0.374300 0.570600
vn 0.923600 0.072200 -0.376500
vn 0.422400 0.461600 0.780100
vn -0.831900 0.101200 0.545600
vn 0.977100 0.040500 -0.208700
vn 0.211300 0.503800 0.837600
vn 0.182500 -0.747900 0.638200
vn 0.999300 0.007900 -0.036500
vn 0.552600 -0.387200 -0.738000
vn 0.398900 -0.204700 -0.893800
vn 0.978900 -0.066700 0.192900
vn -0.283700 -0.503900 0.815800
vn -0.536300 -0.310400 -0.784900
vn -0.409000 -0.659600 -0.630600
vn -0.474500 -0.699900 -0.533900
vn 0.493200 -0.586900 -0.642100
vn -0.581600 -0.689500 -0.431600
vn -0.723600 -0.658100 -0.208200
vn 0.511200 -0.743000 -0.432000
vn 0.456900 -0.679800 0.573800
vn 0.041600 0.181600 -0.982500
vn -0.964100 0.258800 0.059400
vn 0.087300 -0.671200 0.736200
vn -0.944900 0.317800 -0.078300
vn -0.888400 0.148500 -0.434300
vn -0.615200 0.174600 -0.768800
vn -0.687400 0.519100 -0.507900
vn -0.721200 0.581900 -0.375800
vn -0.672000 0.512300 -0.534800
vn -0.575200 0.340500 -0.743800
vn -0.837800 0.284800 -0.465900
vn 0.026100 0.367900 -0.929500
vn 0.008600 0.504400 -0.863400
vn -0.540900 0.457500 -0.705800
vn 0.564000 0.313700 -0.763900
vn 0.993300 -0.021800 0.113800
vn 0.797300 -0.061300 0.600400
vn 0.740000 -0.567800 -0.360600
vn 0.911300 0.215700 -0.350700
vn 0.980500 0.044500 0.191600
vn 0.944800 0.161300 0.285200
vn 0.417300 0.482700 -0.770000
vn 0.927300 0.175300 0.330800
vn 0.955500 0.066500 0.287300
vn -0.286700 -0.516500 0.806900
vn 0.785300 0.379300 -0.489300
vn 0.331400 0.407300 -0.851000
vn 0.388800 0.084300 -0.917400
vn 0.636400 0.341800 -0.691500
vn 0.516600 0.387700 -0.763400
vn 0.331100 0.396500 -0.856200
vn -0.075700 0.376500 -0.923300
vn -0.460200 0.391800 -0.796700
vn -0.699300 0.332200 -0.632900
vn -0.767100 0.387000 -0.511700
vn -0.610200 0.168400 -0.774100
vn -0.153800 0.522300 -0.838800
vn -0.102300 0.281900 -0.954000
vn 0.051600 0.105100 -0.993100
vn -0.770700 -0.141100 -0.621400
vn 0.954100 -0.097400 0.283200
vn -0.788100 0.181300 -0.588200
vn -0.905400 -0.023900 0.423900
vn 0.774500 0.047000 -0.630900
vn -0.322600 -0.276900 -0.905100
vn 0.047400 0.949800 -0.309400
vn 0.248000 0.002700 -0.968800
vn 0.937900 -0.115800 -0.327000
vn -0.322500 -0.276800 -0.905200
vn 0.774400 0.047000 -0.630900
vn -0.774500 0.047000 -0.630900
vn -0.026600 0.956000 -0.292200
vn 0.322600 -0.276800 -0.905200
vn 0.726400 -0.498700 0.472900
vn -0.248000 0.002700 -0.968800
vn -0.937900 -0.115800 -0.327000
vn 0.322500 -0.276800 -0.905200
vn -0.774400 0.047000 -0.630900
vn 0.095300 -0.751800 -0.652400
vn 0.620900 -0.778800 -0.089300
vn 0.013600 -0.786400 -0.617500
vn -0.710900 -0.043300 -0.701900
vn -0.630400 -0.145400 -0.762500
vn -0.832500 0.463900 -0.302800
vn 0.156800 -0.448100 -0.880100
vn -0.728300 0.680000 0.084800
vn -0.195900 0.633000 0.749000
vn -0.094100 0.682700 0.724600
vn -0.761700 0.541500 0.355700
vn -0.643000 0.616900 0.453900
vn -0.843200 0.522100 -0.128300
vn -0.880300 0.465500 -0.091700
vn -0.566200 -0.086300 -0.819700
vn -0.574000 0.581500 0.576500
vn -0.321100 0.515600 0.794400
vn -0.567900 -0.035000 -0.822400
vn -0.927400 0.373700 -0.015100
vn -0.954100 0.299300 -0.004500
vn -0.996300 0.084800 -0.013800
vn -0.563400 -0.039900 -0.825200
vn -0.593800 -0.302800 -0.745400
vn -0.489700 0.089900 0.867200
vn 0.417000 -0.318700 0.851200
vn 0.490900 -0.079700 0.867600
vn -0.493700 0.293200 0.818700
vn -0.486900 0.382400 0.785300
vn -0.870600 0.476000 0.124000
vn -0.685200 -0.368900 0.628000
vn -0.707800 -0.084100 -0.701400
vn -0.088600 0.508700 0.856400
vn -0.842400 0.537300 0.041700
vn -0.677400 -0.040300 -0.734500
vn -0.907700 0.396500 0.137300
vn 0.663400 -0.054100 0.746300
vn 0.527900 0.047100 0.848000
vn 0.671900 -0.057100 0.738400
vn 0.171800 0.534200 0.827700
vn 0.162500 0.092900 0.982300
vn -0.137400 0.545800 0.826600
vn -0.248600 0.375900 0.892700
vn 0.733200 -0.284800 0.617600
vn 0.665200 -0.429900 0.610500
vn 0.540100 -0.841300 -0.020100
vn 0.742800 0.488800 0.457500
vn 0.651100 0.402600 0.643500
vn 0.500500 -0.864800 -0.041400
vn -0.146000 0.278100 0.949400
vn 0.532300 0.318400 0.784400
vn 0.984400 0.034100 -0.172600
vn 0.981400 -0.098500 -0.164700
vn -0.867200 -0.035500 0.496700
vn -0.117300 0.314500 0.942000
vn 0.528900 0.342000 0.776700
vn 0.490200 0.096900 0.866200
vn -0.184500 0.636400 0.749000
vn -0.639700 0.710100 0.294200
vn 0.521600 -0.460000 0.718600
vn 0.690600 -0.709700 0.139100
vn 0.574000 -0.531400 0.623000
vn 0.698900 -0.690900 0.184900
vn 0.309100 -0.848500 0.429500
vn 0.358200 -0.524200 0.772500
vn -0.517900 -0.222600 0.826000
vn -0.728000 0.657800 0.193000
vn 0.540400 -0.691600 -0.479200
vn 0.000700 -0.218100 -0.975900
vn 0.593500 -0.664300 -0.454500
vn 0.309000 -0.848500 0.429500
vn -0.227000 -0.735500 -0.638300
vn 0.194600 -0.296800 -0.934900
vn -0.173400 -0.031800 -0.984300
vn -0.228900 0.081600 -0.970000
vn -0.332800 0.390000 -0.858600
vn -0.181800 0.312100 -0.932500
vn -0.723400 0.311300 0.616300
vn -0.299800 0.701500 -0.646600
vn -0.232900 0.647300 -0.725800
vn -0.421900 0.174500 0.889700
vn -0.525200 0.692600 -0.494500
vn -0.727500 0.683700 -0.057800
vn -0.645800 0.451000 0.616100
vn -0.340900 0.374000 0.862500
vn -0.314800 0.938800 -0.139700
vn -0.211600 0.967600 -0.138000
vn -0.119600 0.951000 0.285100
vn -0.228500 0.711200 0.664800
vn -0.118700 0.752000 0.648400
vn -0.234800 0.436000 0.868800
vn -0.489800 0.688500 0.534900
vn -0.255000 0.939100 0.230300
vn -0.599500 -0.550100 -0.581400
vn -0.365600 -0.044900 0.929700
vn 0.270300 -0.445100 -0.853700
vn 0.285300 -0.842000 -0.457800
vn 0.444100 -0.657800 -0.608300
vn 0.472500 -0.718000 -0.511100
vn 0.762200 -0.640100 0.096200
vn 0.838600 -0.544100 -0.025700
vn 0.434900 -0.900400 0.010900
vn 0.334300 -0.409400 -0.848900
vn 0.301300 -0.476700 -0.825800
vn 0.874400 -0.482700 0.049900
vn 0.902900 -0.429800 0.006000
vn 0.260900 -0.582800 -0.769600
vn 0.490900 -0.079600 0.867600
vn 0.801000 -0.595100 0.064900
vn 0.496100 -0.077700 0.864800
vn 0.189600 -0.578300 -0.793500
vn 0.286300 -0.453000 -0.844300
vn -0.620900 -0.778800 -0.089300
vn -0.500500 -0.864700 -0.041400
vn 0.710900 -0.043300 -0.701900
vn 0.728300 0.680000 0.084800
vn 0.195900 0.633000 0.749000
vn 0.643000 0.616900 0.453900
vn 0.927400 0.373700 -0.015100
vn 0.954100 0.299300 -0.004500
vn 0.567900 -0.035000 -0.822400
vn 0.563400 -0.039900 -0.825200
vn 0.996300 0.084800 -0.013800
vn 0.593800 -0.302800 -0.745400
vn 0.489700 0.089900 0.867200
vn -0.417000 -0.318700 0.851200
vn -0.490900 -0.079700 0.867600
vn 0.493700 0.293200 0.818700
vn 0.486900 0.382400 0.785300
vn 0.685200 -0.368900 0.628000
vn 0.321100 0.515600 0.794400
vn 0.842400 0.537300 0.041700
vn 0.677400 -0.040300 -0.734500
vn 0.707800 -0.084100 -0.701400
vn 0.907700 0.396500 0.137300
vn 0.697500 -0.030200 -0.715900
vn -0.663400 -0.054100 0.746300
vn -0.671900 -0.057100 0.738400
vn 0.137400 0.545800 0.826600
vn 0.248600 0.375900 0.892700
vn -0.601500 -0.057400 0.796800
vn -0.837900 0.008700 0.545800
vn -0.733200 -0.284800 0.617600
vn -0.665200 -0.429900 0.610500
vn -0.540100 -0.841300 -0.020100
vn -0.742800 0.488800 0.457500
vn -0.171800 0.534200 0.827700
vn -0.651100 0.402600 0.643500
vn -0.026100 0.361800 0.931900
vn 0.365500 -0.044900 0.929700
vn 0.146000 0.278100 0.949400
vn 0.867200 -0.035500 0.496700
vn -0.532300 0.318400 0.784400
vn -0.981400 -0.098500 -0.164700
vn -0.984400 0.034100 -0.172600
vn 0.117300 0.314500 0.942000
vn -0.528900 0.342000 0.776700
vn -0.967900 0.088900 -0.235000
vn 0.306600 0.392300 0.867300
vn -0.521600 -0.460000 0.718600
vn -0.690600 -0.709700 0.139100
vn -0.698900 -0.690900 0.184900
vn -0.309100 -0.848500 0.429500
vn 0.227200 -0.864900 0.447600
vn 0.517900 -0.222600 0.826000
vn 0.728000 0.657800 0.193000
vn 0.129700 -0.199700 -0.971200
vn -0.540400 -0.691600 -0.479200
vn -0.000700 -0.218100 -0.975900
vn -0.593500 -0.664300 -0.454500
vn -0.309000 -0.848500 0.429500
vn 0.227000 -0.735500 -0.638300
vn -0.194600 -0.296800 -0.934900
vn 0.302900 -0.297600 -0.905400
vn 0.173400 -0.031800 -0.984300
vn 0.228900 0.081600 -0.970000
vn 0.332800 0.390000 -0.858600
vn 0.299800 0.701500 -0.646600
vn 0.181800 0.312100 -0.932500
vn 0.421900 0.174500 0.889700
vn 0.525200 0.692600 -0.494500
vn 0.727500 0.683700 -0.057800
vn 0.645800 0.451000 0.616100
vn 0.340900 0.374000 0.862500
vn 0.234800 0.436000 0.868800
vn 0.211600 0.967600 -0.138000
vn 0.314800 0.938800 -0.139800
vn 0.119600 0.951000 0.285100
vn 0.118700 0.752000 0.648400
vn 0.228500 0.711200 0.664800
vn 0.489800 0.688500 0.534900
vn 0.255000 0.939100 0.230300
vn -0.159000 -0.197900 -0.967300
vn -0.270300 -0.445100 -0.853700
vn -0.285300 -0.842000 -0.457800
vn 0.232100 -0.910700 -0.341600
vn -0.444100 -0.657800 -0.608300
vn -0.940000 -0.123700 -0.317900
vn -0.472500 -0.718000 -0.511100
vn -0.762200 -0.640100 0.096200
vn -0.838600 -0.544100 -0.025700
vn -0.434900 -0.900400 0.010900
vn -0.189600 -0.578300 -0.793500
vn -0.301300 -0.476700 -0.825800
vn -0.334300 -0.409400 -0.848900
vn -0.874400 -0.482700 0.049900
vn -0.902900 -0.429800 0.006000
vn -0.490900 -0.079600 0.867600
vn -0.253600 -0.855500 -0.451500
vn -0.286300 -0.453000 -0.844300
vn -0.467100 -0.637700 0.612600
vn 0.173800 0.687500 0.705100
vn 0.105100 0.662400 0.741800
vn 0.000000 0.669100 0.743200
vn 0.253500 0.576300 0.777000
vn 0.118700 0.752000 0.648300
vn 0.234800 0.436100 0.868700
vn 0.229000 0.081600 -0.970000
vn -0.000000 0.669000 0.743200
vn -0.105100 0.662400 0.741800
vn -0.173800 0.687500 0.705100
vn -0.234800 0.436100 0.868700
vn -0.518000 -0.222600 0.825900
vn -0.118700 0.752000 0.648300
vn -0.226000 0.973800 -0.025200
vn -0.229000 0.081600 -0.970000
vn -0.038800 0.652900 0.756400
vn -0.173700 0.687500 0.705100
vn 0.227800 -0.682900 0.694100
vn 0.505600 -0.591200 -0.628400
vn 0.594800 -0.785200 0.172300
vn -0.957000 0.042900 0.286900
vn -0.924100 0.105300 0.367300
vn 0.260800 -0.574900 0.775500
vn 0.320500 -0.637100 0.700900
vn -0.283700 -0.504000 0.815800
vn -0.015600 -0.500600 0.865600
vn 0.740000 -0.567800 -0.360700
vn -0.992900 0.112800 -0.038200
vn 0.227700 -0.682900 0.694100
vn 0.505500 -0.591200 -0.628400
vn -0.080600 -0.717000 0.692400
vn -0.957000 0.042900 0.287000
vn -0.880700 0.411200 -0.235200
vn -0.924200 0.105300 0.367200
vn -0.765700 0.400200 -0.503600
vn 0.500200 -0.034600 0.865200
vn -0.242800 0.550200 0.799000
vn -0.365500 -0.044900 0.929700
vn 0.026100 0.361800 0.931900
vn -0.227200 -0.864900 0.447600
vn -0.225900 0.973800 -0.025200
vn -0.232100 -0.910700 -0.341600
vn 0.297400 -0.886300 0.355100
vn 0.162500 0.092800 0.982300
vn 0.451600 -0.849300 -0.273200
vn 0.673800 -0.688300 0.268800
vn 0.253600 -0.855500 -0.451500
vn -0.566300 -0.086300 -0.819700
vn 0.500200 -0.034700 0.865200
vn 0.519300 0.181300 -0.835100
vn 0.775100 0.592500 0.219400
vn 0.799900 0.578300 0.160300
vn 0.843200 0.522100 -0.128300
vn -0.500200 -0.034600 0.865200
vn 0.242800 0.550200 0.799000
vn -0.496100 -0.077700 0.864800
vn -0.162500 0.092900 0.982300
vn 0.225900 0.973800 -0.025200
vn 0.599500 -0.550100 -0.581400
vn 0.365600 -0.044900 0.929700
vn -0.297400 -0.886300 0.355000
vn -0.162400 0.092800 0.982300
vn -0.451600 -0.849300 -0.273200
vn -0.673800 -0.688300 0.268800
vn -0.260900 -0.582800 -0.769600
vn -0.801000 -0.595100 0.064900
usemtl atomeve_df.png
s 1
f 1/1/1 2/2/2 3/3/3
f 1/1/1 4/4/4 5/5/5
f 4/4/4 6/6/6 5/5/5
f 4/4/4 7/7/7 8/8/8
f 9/9/9 10/10/10 11/11/11
f 9/9/9 12/12/12 13/13/13
f 14/14/14 15/15/15 16/16/16
f 14/14/14 16/16/16 17/17/17
f 18/18/18 12/12/12 9/9/9
f 19/19/19 20/20/20 21/21/21
f 22/22/22 23/23/23 24/24/24
f 22/22/22 24/24/24 25/25/25
f 14/14/14 26/26/26 27/27/27
f 27/27/27 26/26/26 18/18/18
f 24/24/24 28/28/28 21/21/21
f 29/29/29 23/23/23 30/30/30
f 23/23/23 29/29/29 24/24/24
f 27/27/27 31/31/31 30/30/30
f 18/18/18 32/32/32 27/27/27
f 32/32/32 31/31/31 27/27/27
f 31/31/31 32/32/32 33/33/33
f 34/34/34 9/9/9 11/11/11
f 34/34/34 18/18/18 9/9/9
f 18/18/18 34/34/34 32/32/32
f 34/34/34 35/35/35 32/32/32
f 32/32/32 35/35/35 33/33/33
f 34/34/34 36/36/19 35/35/35
f 36/36/19 34/34/34 11/11/11
f 35/35/35 37/37/36 33/33/33
f 38/38/37 39/39/38 40/40/39
f 41/41/40 40/40/39 42/42/41
f 43/43/42 42/42/41 44/44/43
f 43/43/42 41/41/40 42/42/41
f 41/41/40 43/43/42 45/45/44
f 43/43/42 46/46/45 45/45/44
f 46/46/45 44/44/43 47/47/46
f 48/48/47 49/49/48 50/50/49
f 48/48/47 51/51/50 46/46/45
f 48/48/47 52/52/51 51/51/50
f 53/53/52 52/52/51 50/50/49
f 53/53/52 54/54/53 55/55/54
f 54/54/53 53/53/52 56/56/55
f 57/57/56 54/54/53 56/56/55
f 57/57/56 56/56/55 58/58/57
f 56/56/55 53/53/52 59/59/58
f 59/59/58 53/53/52 50/50/49
f 56/56/55 60/60/59 58/58/57
f 61/61/60 58/58/57 60/60/59
f 62/62/61 56/56/55 59/59/58
f 56/56/55 62/62/61 60/60/59
f 62/62/61 59/59/58 63/63/62
f 62/62/61 63/63/62 60/60/59
f 59/59/58 64/64/63 63/63/62
f 64/64/63 59/59/58 50/50/49
f 65/65/64 60/60/59 63/63/62
f 65/65/64 61/61/60 60/60/59
f 65/65/64 66/66/65 61/61/60
f 66/66/65 67/67/66 61/61/60
f 68/68/67 63/63/62 64/64/63
f 65/65/64 68/68/67 66/66/65
f 68/68/67 65/65/64 63/63/62
f 66/66/65 69/69/68 70/70/69
f 68/68/67 69/69/68 66/66/65
f 69/69/68 68/68/67 64/64/63
f 66/66/65 71/71/70 67/67/66
f 72/72/71 73/73/72 74/74/73
f 75/75/74 76/76/75 72/72/71
f 75/75/74 72/72/71 77/77/76
f 72/72/71 78/78/77 77/77/76
f 79/79/37 77/77/76 78/78/77
f 80/80/78 81/81/79 82/82/80
f 83/83/81 80/80/78 84/84/82
f 83/83/81 84/84/82 85/85/83
f 86/86/84 87/87/85 88/88/86
f 89/89/87 86/86/84 90/90/88
f 86/86/84 89/89/87 91/91/89
f 92/92/90 93/93/91 94/94/92
f 92/92/90 95/95/93 93/93/91
f 92/92/90 96/96/94 95/95/93
f 96/96/94 97/97/95 95/95/93
f 92/92/90 98/98/96 96/96/94
f 96/96/94 99/99/97 97/97/95
f 100/100/98 101/101/99 102/102/100
f 103/103/101 104/104/102 105/105/103
f 106/106/104 103/103/101 105/105/103
f 103/103/101 107/107/105 108/108/106
f 100/100/98 102/102/100 109/109/107
f 110/110/108 100/100/98 109/109/107
f 111/111/109 112/112/110 113/113/111
f 112/112/110 111/111/109 114/114/112
f 115/115/113 116/116/114 117/117/115
f 118/118/81 116/116/114 119/119/78
f 116/116/114 115/115/113 119/119/78
f 115/115/113 120/120/79 119/119/78
f 121/121/116 122/122/117 123/123/118
f 124/124/119 122/122/117 121/121/116
f 125/125/120 124/124/119 121/121/116
f 125/125/120 126/126/121 124/124/119
f 127/127/122 128/128/123 129/129/124
f 128/128/123 130/130/123 129/129/124
f 131/131/125 130/130/123 128/128/123
f 132/132/126 133/133/127 134/134/128
f 132/132/126 135/135/129 133/133/127
f 135/135/129 136/136/130 133/133/127
f 136/136/130 135/135/129 137/137/131
f 138/138/132 135/135/129 132/132/126
f 138/138/132 139/139/133 140/140/134
f 135/135/129 141/141/135 137/137/131
f 141/141/135 135/135/129 142/142/136
f 135/135/129 138/138/132 142/142/136
f 141/141/135 143/143/137 137/137/131
f 143/143/137 144/144/138 137/137/131
f 144/144/138 143/143/137 145/145/139
f 146/146/140 143/143/137 141/141/135
f 142/142/136 146/146/140 141/141/135
f 147/147/141 138/138/132 140/140/134
f 142/142/136 138/138/132 147/147/141
f 148/148/142 143/143/137 146/146/140
f 143/143/137 148/148/142 145/145/139
f 146/146/140 142/142/136 149/149/143
f 149/149/143 142/142/136 147/147/141
f 147/147/141 140/140/134 150/150/144
f 149/149/143 147/147/141 150/150/144
f 145/145/139 148/148/142 151/151/145
f 152/152/146 145/145/139 151/151/145
f 152/152/146 151/151/145 153/153/147
f 154/154/148 148/148/142 146/146/140
f 154/154/148 146/146/140 149/149/143
f 148/148/142 154/154/148 155/155/149
f 151/151/145 148/148/142 155/155/149
f 154/154/148 149/149/143 155/155/149
f 151/151/145 155/155/149 156/156/150
f 151/151/145 156/156/150 153/153/147
f 153/153/147 156/156/150 157/157/151
f 149/149/143 150/150/144 158/158/152
f 149/149/143 158/158/152 155/155/149
f 159/159/153 155/155/149 158/158/152
f 155/155/149 159/159/153 156/156/150
f 156/156/150 159/159/153 160/160/154
f 161/161/155 156/156/150 160/160/154
f 156/156/150 161/161/155 157/157/151
f 162/162/156 157/157/151 161/161/155
f 163/163/157 159/159/153 158/158/152
f 158/158/152 150/150/144 163/163/157
f 164/164/158 162/162/156 161/161/155
f 161/161/155 160/160/154 164/164/158
f 150/150/144 165/165/159 163/163/157
f 160/160/154 159/159/153 166/166/160
f 163/163/157 165/165/159 167/167/161
f 164/164/158 168/168/162 162/162/156
f 168/168/162 169/169/163 162/162/156
f 169/169/163 168/168/162 170/170/164
f 168/168/162 171/171/165 170/170/164
f 172/172/166 170/170/164 171/171/165
f 173/173/167 174/174/168 175/175/169
f 173/173/167 176/176/170 174/174/168
f 173/173/167 177/177/171 176/176/170
f 177/177/171 178/178/172 179/179/173
f 177/177/171 180/180/174 178/178/172
f 178/178/172 181/181/175 182/182/176
f 183/183/177 180/180/174 184/184/178
f 184/184/178 185/185/179 183/183/177
f 185/185/179 186/186/180 183/183/177
f 185/185/179 187/187/181 186/186/180
f 183/183/177 186/186/180 188/188/182
f 183/183/177 188/188/182 181/181/175
f 187/187/181 189/189/183 186/186/180
f 189/189/183 187/187/181 190/190/184
f 191/191/185 189/189/183 190/190/184
f 186/186/180 192/192/186 188/188/182
f 189/189/183 191/191/185 193/193/187
f 191/191/185 194/194/188 193/193/187
f 188/188/182 195/195/189 196/196/190
f 197/197/191 198/198/192 194/194/188
f 171/171/165 199/199/193 200/200/194
f 199/199/193 171/171/165 168/168/162
f 201/201/195 160/160/154 166/166/160
f 201/201/195 200/200/194 199/199/193
f 200/200/194 201/201/195 202/202/196
f 203/203/197 199/199/193 168/168/162
f 203/203/197 168/168/162 164/164/158
f 204/204/198 201/201/195 199/199/193
f 199/199/193 203/203/197 204/204/198
f 160/160/154 201/201/195 204/204/198
f 205/205/199 160/160/154 204/204/198
f 203/203/197 205/205/199 204/204/198
f 203/203/197 164/164/158 205/205/199
f 205/205/199 164/164/158 160/160/154
f 201/201/195 166/166/160 206/206/200
f 201/201/195 206/206/200 202/202/196
f 207/1/201 208/207/202 209/208/203
f 207/1/201 210/209/204 211/210/205
f 212/211/206 207/1/201 213/212/207
f 212/211/206 214/7/208 207/1/201
f 215/213/209 212/211/206 213/212/207
f 215/213/209 216/214/210 212/211/206
f 215/213/209 217/215/211 216/214/210
f 218/216/212 219/26/213 220/17/214
f 218/216/212 221/217/215 222/23/216
f 223/218/217 222/23/216 221/217/215
f 224/24/218 223/218/217 225/25/219
f 222/23/216 223/218/217 224/24/218
f 224/24/218 225/25/219 226/219/220
f 227/9/221 228/34/222 229/220/223
f 230/221/224 228/34/222 227/9/221
f 224/24/218 226/219/220 231/222/225
f 222/23/216 232/30/226 218/216/212
f 218/216/212 232/30/226 233/27/227
f 234/29/228 222/23/216 224/24/218
f 224/24/218 231/222/225 234/29/228
f 222/23/216 234/29/228 232/30/226
f 230/221/224 235/32/229 228/34/222
f 230/221/224 233/27/227 235/32/229
f 228/34/222 236/36/230 229/220/223
f 236/36/230 237/223/231 229/220/223
f 238/224/232 233/27/227 232/30/226
f 233/27/227 238/224/232 235/32/229
f 236/36/230 228/34/222 239/35/233
f 235/32/229 239/35/233 228/34/222
f 235/32/229 240/225/234 239/35/233
f 239/35/233 241/37/235 236/36/230
f 236/36/230 241/37/235 242/226/236
f 243/79/237 244/227/238 245/78/239
f 246/77/240 243/79/237 245/78/239
f 247/228/241 245/78/239 248/74/242
f 247/228/241 249/75/243 246/77/240
f 247/228/241 250/229/244 251/71/245
f 252/230/246 251/71/245 253/231/247
f 254/67/248 252/230/246 255/232/249
f 252/230/246 256/65/250 255/232/249
f 255/232/249 256/65/250 257/233/251
f 258/58/252 255/232/249 257/233/251
f 257/233/251 259/56/253 258/58/252
f 259/56/253 260/234/254 258/58/252
f 261/54/255 260/234/254 259/56/253
f 262/235/256 261/54/255 259/56/253
f 261/54/255 262/235/256 263/55/257
f 262/235/256 264/52/258 263/55/257
f 262/235/256 259/56/253 265/236/259
f 262/235/256 265/236/259 266/50/260
f 267/237/261 259/56/253 257/233/251
f 259/56/253 267/237/261 265/236/259
f 265/236/259 267/237/261 268/238/262
f 268/238/262 267/237/261 257/233/251
f 257/233/251 256/65/250 268/238/262
f 269/68/263 256/65/250 252/230/246
f 256/65/250 269/68/263 268/238/262
f 270/64/264 265/236/259 268/238/262
f 265/236/259 270/64/264 266/50/260
f 268/238/262 269/68/263 270/64/264
f 271/69/265 252/230/246 253/231/247
f 269/68/263 271/69/265 270/64/264
f 271/69/265 269/68/263 252/230/246
f 271/69/265 253/231/247 270/64/264
f 270/64/264 272/239/266 266/50/260
f 273/240/267 264/52/258 266/50/260
f 273/240/267 274/241/268 275/46/269
f 276/242/270 277/243/271 275/46/269
f 275/46/269 278/244/272 276/242/270
f 278/244/272 279/41/273 276/242/270
f 275/46/269 280/245/274 281/44/275
f 275/46/269 281/44/275 278/244/272
f 279/41/273 278/244/272 282/246/276
f 283/40/277 279/41/273 282/246/276
f 284/247/278 285/248/279 286/249/80
f 287/250/79 284/247/278 286/249/80
f 284/247/278 288/83/280 285/248/279
f 288/83/280 289/251/281 290/252/282
f 291/253/283 292/254/284 293/255/285
f 291/253/283 293/255/285 294/256/286
f 291/253/283 295/257/287 296/90/288
f 295/257/287 291/253/283 294/256/286
f 295/257/287 297/258/289 296/90/288
f 298/259/290 297/258/289 299/95/291
f 300/260/292 298/259/290 299/95/291
f 300/260/292 301/261/293 302/262/294
f 303/263/295 304/264/296 305/265/297
f 303/263/295 305/265/297 306/266/298
f 300/260/292 302/262/294 307/267/299
f 308/268/300 309/104/301 307/267/299
f 308/268/300 310/269/104 311/270/302
f 310/269/104 312/271/303 311/270/302
f 310/269/104 308/268/300 313/107/304
f 314/272/108 315/273/107 303/263/295
f 303/263/295 316/274/305 314/272/108
f 317/275/109 318/276/306 319/277/307
f 320/278/308 319/277/307 321/279/309
f 320/278/308 317/275/109 319/277/307
f 317/275/109 320/278/308 322/280/112
f 320/278/308 323/281/310 322/280/112
f 320/278/308 321/279/309 323/281/310
f 324/282/280 325/283/311 326/284/312
f 325/283/311 324/282/280 327/285/278
f 325/283/311 327/285/278 328/286/113
f 327/285/278 329/287/79 328/286/113
f 330/288/313 331/289/314 332/123/315
f 330/288/313 333/290/316 331/289/314
f 333/290/316 334/125/317 331/289/314
f 334/125/317 333/290/316 335/291/318
f 333/290/316 336/292/319 335/291/318
f 336/292/319 337/293/320 338/294/321
f 339/295/322 340/296/323 338/294/321
f 341/297/324 340/296/323 339/295/322
f 342/298/324 341/297/324 339/295/322
f 342/298/324 343/131/325 341/297/324
f 344/299/326 345/300/327 346/301/128
f 347/302/127 344/299/326 346/301/128
f 344/299/326 348/303/328 345/300/327
f 349/304/329 344/299/326 347/302/127
f 350/305/130 349/304/329 347/302/127
f 349/304/329 350/305/130 351/306/131
f 349/304/329 352/307/330 344/299/326
f 352/307/330 348/303/328 344/299/326
f 353/308/331 349/304/329 351/306/131
f 349/304/329 353/308/331 354/142/332
f 352/307/330 349/304/329 354/142/332
f 353/308/331 351/306/131 355/143/333
f 351/306/131 356/309/138 355/143/333
f 355/143/333 356/309/138 357/310/139
f 358/311/334 354/142/332 353/308/331
f 355/143/333 358/311/334 353/308/331
f 352/307/330 354/142/332 359/312/335
f 359/312/335 360/313/336 352/307/330
f 355/143/333 361/314/337 358/311/334
f 361/314/337 355/143/333 357/310/139
f 354/142/332 358/311/334 362/315/338
f 354/142/332 362/315/338 359/312/335
f 359/312/335 362/315/338 363/316/339
f 359/312/335 363/316/339 360/313/336
f 364/317/340 361/314/337 357/310/139
f 365/318/146 364/317/340 357/310/139
f 364/317/340 365/318/146 366/319/147
f 361/314/337 367/320/341 358/311/334
f 358/311/334 367/320/341 362/315/338
f 362/315/338 367/320/341 368/321/342
f 364/317/340 368/321/342 361/314/337
f 368/321/342 367/320/341 361/314/337
f 369/322/343 364/317/340 366/319/147
f 368/321/342 364/317/340 369/322/343
f 366/319/147 370/323/344 369/322/343
f 363/316/339 362/315/338 371/158/345
f 371/158/345 362/315/338 368/321/342
f 371/158/345 368/321/342 372/159/346
f 372/159/346 368/321/342 369/322/343
f 372/159/346 369/322/343 373/324/347
f 369/322/343 374/325/348 373/324/347
f 370/323/344 374/325/348 369/322/343
f 370/323/344 375/326/156 374/325/348
f 376/327/349 371/158/345 372/159/346
f 363/316/339 371/158/345 376/327/349
f 373/324/347 374/325/348 377/328/350
f 375/326/156 377/328/350 374/325/348
f 363/316/339 378/329/351 360/313/336
f 372/159/346 379/330/352 376/327/349
f 372/159/346 373/324/347 379/330/352
f 376/327/349 380/331/353 378/329/351
f 381/332/354 377/328/350 375/326/156
f 382/333/355 381/332/354 375/326/156
f 381/332/354 382/333/355 383/334/164
f 384/335/356 381/332/354 383/334/164
f 383/334/164 385/336/166 384/335/356
f 386/337/357 387/338/358 388/339/359
f 389/340/360 390/341/361 391/342/362
f 389/340/360 386/337/357 390/341/361
f 389/340/360 391/342/362 392/343/363
f 393/344/364 389/340/360 392/343/363
f 394/345/365 395/346/366 396/347/367
f 397/185/368 398/348/369 394/345/365
f 399/349/370 397/185/368 394/345/365
f 397/185/368 399/349/370 400/350/371
f 401/351/372 394/345/365 396/347/367
f 399/349/370 394/345/365 401/351/372
f 399/349/370 402/189/373 400/350/371
f 400/350/371 402/189/373 403/352/184
f 402/189/373 404/353/185 403/352/184
f 399/349/370 405/354/374 402/189/373
f 402/189/373 406/355/375 404/353/185
f 401/351/372 396/347/367 407/196/376
f 401/351/372 408/195/377 405/354/374
f 409/356/188 406/355/375 410/357/378
f 411/358/191 409/356/188 410/357/378
f 411/358/191 410/357/378 412/359/379
f 385/336/166 413/360/380 384/335/356
f 384/335/356 413/360/380 414/361/381
f 415/362/382 384/335/356 414/361/381
f 384/335/356 415/362/382 381/332/354
f 416/363/383 414/361/381 417/364/384
f 414/361/381 416/363/383 415/362/382
f 373/324/347 416/363/383 379/330/352
f 381/332/354 418/365/385 377/328/350
f 415/362/382 418/365/385 381/332/354
f 416/363/383 373/324/347 419/366/386
f 416/363/383 419/366/386 415/362/382
f 418/365/385 415/362/382 419/366/386
f 377/328/350 420/367/387 373/324/347
f 373/324/347 420/367/387 419/366/386
f 377/328/350 418/365/385 420/367/387
f 420/367/387 418/365/385 419/366/386
f 421/368/388 422/369/389 423/370/390
f 424/371/391 421/368/388 423/370/390
f 424/371/391 425/372/392 421/368/388
f 425/372/392 426/373/393 421/368/388
f 426/373/393 427/374/394 421/368/388
f 428/375/395 429/376/396 430/377/397
f 429/376/396 428/375/395 431/378/398
f 429/376/396 432/379/399 430/377/397
f 432/379/399 433/380/400 430/377/397
f 434/381/401 429/376/396 431/378/398
f 434/381/401 431/378/398 435/382/402
f 436/383/403 434/381/401 435/382/402
f 435/382/402 437/384/404 436/383/403
f 437/384/404 438/385/405 436/383/403
f 434/381/401 438/385/405 429/376/396
f 436/383/403 438/385/405 434/381/401
f 437/384/404 439/386/406 438/385/405
f 429/376/396 438/385/405 440/387/407
f 432/379/399 429/376/396 440/387/407
f 439/386/406 440/387/407 438/385/405
f 441/388/408 440/387/407 439/386/406
f 442/389/409 440/387/407 441/388/408
f 440/387/407 443/390/410 432/379/399
f 443/390/410 440/387/407 442/389/409
f 432/379/399 444/391/411 433/380/400
f 443/390/410 444/391/411 432/379/399
f 444/391/411 445/392/412 433/380/400
f 446/393/413 445/392/412 444/391/411
f 446/393/413 444/391/411 443/390/410
f 447/394/414 446/393/413 443/390/410
f 446/393/413 448/395/415 445/392/412
f 448/395/415 446/393/413 447/394/414
f 449/396/416 445/392/412 448/395/415
f 449/396/416 450/397/417 451/398/418
f 452/399/419 449/396/416 448/395/415
f 453/400/420 454/401/421 455/402/422
f 456/403/423 452/399/419 448/395/415
f 457/404/424 448/395/415 447/394/414
f 457/404/424 456/403/423 448/395/415
f 458/405/425 457/404/424 447/394/414
f 458/405/425 456/403/423 457/404/424
f 459/406/426 460/407/427 461/408/428
f 459/406/426 461/408/428 462/409/429
f 463/410/430 459/406/426 462/409/429
f 463/410/430 462/409/429 464/411/431
f 463/410/430 465/412/432 459/406/426
f 466/413/433 459/406/426 465/412/432
f 463/410/430 467/414/434 468/415/435
f 467/414/434 463/410/430 464/411/431
f 464/411/431 469/416/436 467/414/434
f 470/417/437 469/416/436 464/411/431
f 470/417/437 471/418/438 469/416/436
f 467/414/434 469/416/436 472/419/439
f 468/415/435 467/414/434 472/419/439
f 473/420/440 468/415/435 472/419/439
f 471/418/438 474/421/441 469/416/436
f 473/420/440 472/419/439 474/421/441
f 472/419/439 469/416/436 474/421/441
f 471/418/438 475/422/390 474/421/441
f 475/422/390 476/423/389 474/421/441
f 473/420/440 474/421/441 476/423/389
f 477/424/442 478/425/443 479/426/444
f 477/424/442 479/426/444 480/427/445
f 481/428/426 477/424/442 480/427/445
f 482/429/427 481/428/426 480/427/445
f 479/426/444 483/430/446 484/431/447
f 480/427/445 479/426/444 484/431/447
f 484/431/447 485/432/448 486/433/449
f 480/427/445 484/431/447 486/433/449
f 480/427/445 486/433/449 487/434/450
f 487/434/450 482/429/427 480/427/445
f 488/435/451 482/429/427 487/434/450
f 489/436/428 482/429/427 488/435/451
f 489/436/428 488/435/451 490/437/429
f 491/438/452 488/435/451 487/434/450
f 488/435/451 491/438/452 490/437/429
f 492/439/453 490/437/429 491/438/452
f 493/440/454 491/438/452 486/433/449
f 493/440/454 492/439/453 491/438/452
f 493/440/454 494/441/455 492/439/453
f 493/440/454 495/442/456 494/441/455
f 494/441/455 496/443/457 492/439/453
f 496/443/457 494/441/455 497/444/458
f 498/445/459 496/443/457 497/444/458
f 498/445/459 497/444/458 499/446/460
f 498/445/459 500/447/461 496/443/457
f 501/448/462 496/443/457 500/447/461
f 502/449/463 501/448/462 500/447/461
f 503/450/390 501/448/462 502/449/463
f 504/451/464 502/449/463 500/447/461
f 498/445/459 504/451/464 500/447/461
f 498/445/459 505/452/465 504/451/464
f 505/452/465 498/445/459 499/446/460
f 505/452/465 506/453/466 504/451/464
f 506/453/466 505/452/465 507/454/467
f 508/455/468 506/453/466 507/454/467
f 505/452/465 499/446/460 509/456/469
f 507/454/467 505/452/465 509/456/469
f 507/454/467 510/457/470 508/455/468
f 510/457/470 511/458/471 508/455/468
f 510/457/470 507/454/467 512/459/472
f 507/454/467 509/456/469 512/459/472
f 511/458/471 510/457/470 513/460/473
f 510/457/470 512/459/472 513/460/473
f 511/458/471 513/460/473 514/461/474
f 515/462/475 511/458/471 514/461/474
f 516/463/476 515/462/475 514/461/474
f 514/461/474 517/464/477 516/463/476
f 518/465/466 515/462/475 516/463/476
f 519/466/478 517/464/477 520/467/479
f 516/463/476 519/466/478 521/468/480
f 521/468/480 518/465/466 516/463/476
f 522/469/481 518/465/466 521/468/480
f 523/470/482 519/466/478 524/471/483
f 519/466/478 523/470/482 521/468/480
f 525/472/484 522/469/481 521/468/480
f 521/468/480 523/470/482 525/472/484
f 522/469/481 525/472/484 526/473/485
f 527/474/463 522/469/481 526/473/485
f 527/474/463 526/473/485 528/475/486
f 526/473/485 529/476/487 528/475/486
f 529/476/487 526/473/485 530/477/488
f 523/470/482 531/478/489 525/472/484
f 525/472/484 531/478/489 526/473/485
f 531/478/489 523/470/482 532/479/490
f 526/473/485 533/480/491 530/477/488
f 531/478/489 533/480/491 526/473/485
f 533/480/491 531/478/489 534/481/492
f 535/482/493 533/480/491 534/481/492
f 530/477/488 533/480/491 535/482/493
f 536/483/393 530/477/488 535/482/493
f 537/484/494 536/483/393 535/482/493
f 538/485/495 534/481/492 539/486/496
f 540/487/497 537/484/494 535/482/493
f 538/485/495 540/487/497 535/482/493
f 540/487/497 541/488/498 537/484/494
f 538/485/495 541/488/498 540/487/497
f 538/485/495 542/489/499 541/488/498
f 543/490/500 544/491/501 545/492/502
f 543/490/500 545/492/502 546/493/503
f 547/494/504 543/490/500 546/493/503
f 547/494/504 548/495/505 543/490/500
f 549/496/506 550/497/507 547/494/504
f 549/496/506 547/494/504 546/493/503
f 546/493/503 551/498/422 549/496/506
f 549/496/506 551/498/422 552/499/508
f 553/500/509 554/501/510 555/502/416
f 553/500/509 555/502/416 556/503/511
f 555/502/416 557/504/512 556/503/511
f 556/503/511 557/504/512 558/505/423
f 559/506/513 560/507/514 553/500/509
f 556/503/511 559/506/513 553/500/509
f 561/508/515 556/503/511 558/505/423
f 558/505/423 562/509/425 561/508/515
f 559/506/513 556/503/511 563/510/516
f 556/503/511 561/508/515 563/510/516
f 563/510/516 561/508/515 562/509/425
f 564/511/517 563/510/516 562/509/425
f 565/512/518 559/506/513 563/510/516
f 559/506/513 565/512/518 566/513/519
f 564/511/517 565/512/518 563/510/516
f 564/511/517 567/514/520 565/512/518
f 564/511/517 568/515/410 567/514/520
f 568/515/410 569/516/409 567/514/520
f 570/517/521 571/518/522 565/512/518
f 565/512/518 567/514/520 570/517/521
f 567/514/520 572/519/523 570/517/521
f 567/514/520 569/516/409 572/519/523
f 572/519/523 569/516/409 573/520/524
f 574/521/525 572/519/523 573/520/524
f 574/521/525 570/517/521 572/519/523
f 575/522/526 570/517/521 574/521/525
f 576/523/527 574/521/525 573/520/524
f 574/521/525 576/523/527 575/522/526
f 577/524/528 576/523/527 573/520/524
f 577/524/528 578/525/529 576/523/527
f 577/524/528 579/526/404 578/525/529
f 576/523/527 578/525/529 580/527/530
f 575/522/526 580/527/530 581/528/531
f 575/522/526 576/523/527 580/527/530
f 579/526/404 582/529/532 578/525/529
f 578/525/529 582/529/532 580/527/530
f 583/530/533 582/529/532 579/526/404
f 584/531/534 583/530/533 579/526/404
f 584/531/534 585/532/398 583/530/533
f 583/530/533 585/532/398 586/533/395
f 582/529/532 583/530/533 587/534/535
f 587/534/535 583/530/533 586/533/395
f 587/534/535 588/535/536 580/527/530
f 580/527/530 582/529/532 587/534/535
f 587/534/535 586/533/395 589/536/537
f 590/537/538 591/538/539 592/539/540
f 593/540/541 590/537/538 592/539/540
f 593/540/541 594/541/542 590/537/538
f 594/541/542 595/542/543 590/537/538
f 593/540/541 592/539/540 596/543/544
f 595/542/543 594/541/542 597/544/545
f 594/541/542 593/540/541 598/545/546
f 598/545/546 593/540/541 596/543/544
f 596/543/544 599/546/547 598/545/546
f 599/546/547 600/547/548 598/545/546
f 598/545/546 600/547/548 601/548/549
f 602/549/550 594/541/542 598/545/546
f 602/549/550 598/545/546 601/548/549
f 601/548/549 603/550/551 602/549/550
f 594/541/542 602/549/550 604/551/552
f 603/550/551 604/551/552 602/549/550
f 603/550/551 605/552/553 604/551/552
f 594/541/542 606/553/554 597/544/545
f 606/553/554 594/541/542 604/551/552
f 607/554/555 597/544/545 606/553/554
f 606/553/554 604/551/552 608/555/556
f 608/555/556 607/554/555 606/553/554
f 607/554/555 608/555/556 609/556/557
f 604/551/552 610/557/558 608/555/556
f 605/552/553 610/557/558 604/551/552
f 610/557/558 605/552/553 611/558/559
f 608/555/556 612/559/560 609/556/557
f 608/555/556 610/557/558 612/559/560
f 609/556/557 612/559/560 613/560/561
f 612/559/560 614/561/562 613/560/561
f 615/562/563 610/557/558 611/558/559
f 612/559/560 615/562/563 614/561/562
f 610/557/558 615/562/563 612/559/560
f 611/558/559 616/563/564 615/562/563
f 616/563/564 617/564/565 615/562/563
f 615/562/563 617/564/565 614/561/562
f 618/565/566 619/566/567 620/567/568
f 619/566/567 621/568/569 620/567/568
f 622/569/570 621/568/569 619/566/567
f 623/570/571 622/569/570 619/566/567
f 620/567/568 621/568/569 624/571/572
f 623/570/571 625/572/573 622/569/570
f 621/568/569 622/569/570 626/573/574
f 621/568/569 626/573/574 624/571/572
f 627/574/575 624/571/572 626/573/574
f 628/575/576 627/574/575 626/573/574
f 628/575/576 626/573/574 629/576/577
f 626/573/574 630/577/578 629/576/577
f 622/569/570 630/577/578 626/573/574
f 631/578/579 629/576/577 630/577/578
f 630/577/578 622/569/570 632/579/580
f 632/579/580 631/578/579 630/577/578
f 633/580/581 631/578/579 632/579/580
f 625/572/573 634/581/582 622/569/570
f 622/569/570 634/581/582 632/579/580
f 625/572/573 635/582/583 634/581/582
f 632/579/580 634/581/582 636/583/584
f 635/582/583 636/583/584 634/581/582
f 635/582/583 637/584/585 636/583/584
f 638/585/586 632/579/580 636/583/584
f 638/585/586 633/580/581 632/579/580
f 633/580/581 638/585/586 639/586/587
f 638/585/586 636/583/584 640/587/588
f 637/584/585 640/587/588 636/583/584
f 640/587/588 637/584/585 641/588/589
f 642/589/590 640/587/588 641/588/589
f 643/590/591 638/585/586 640/587/588
f 638/585/586 643/590/591 639/586/587
f 643/590/591 640/587/588 642/589/590
f 644/591/592 639/586/587 643/590/591
f 645/592/593 644/591/592 643/590/591
f 645/592/593 643/590/591 642/589/590
f 646/538/539 647/537/538 648/539/594
f 647/537/538 649/540/595 648/539/594
f 650/593/596 649/540/595 647/537/538
f 651/542/543 650/593/596 647/537/538
f 648/539/594 649/540/595 652/594/597
f 651/542/543 653/544/545 650/593/596
f 649/540/595 654/545/598 652/594/597
f 649/540/595 650/593/596 654/545/598
f 655/546/599 652/594/597 654/545/598
f 656/595/600 655/546/599 654/545/598
f 656/595/600 654/545/598 657/596/601
f 654/545/598 658/549/602 657/596/601
f 650/593/596 658/549/602 654/545/598
f 659/550/603 657/596/601 658/549/602
f 658/549/602 650/593/596 660/597/604
f 660/597/604 659/550/603 658/549/602
f 661/552/605 659/550/603 660/597/604
f 650/593/596 662/598/606 660/597/604
f 653/544/545 662/598/606 650/593/596
f 653/544/545 663/554/555 662/598/606
f 663/554/555 664/599/607 662/598/606
f 660/597/604 662/598/606 664/599/607
f 663/554/555 665/556/557 664/599/607
f 666/557/608 660/597/604 664/599/607
f 666/557/608 661/552/605 660/597/604
f 661/552/605 666/557/608 667/600/609
f 666/557/608 664/599/607 668/559/610
f 665/556/557 668/559/610 664/599/607
f 668/559/610 665/556/557 669/560/561
f 670/601/611 668/559/610 669/560/561
f 671/602/612 666/557/608 668/559/610
f 671/602/612 668/559/610 670/601/611
f 666/557/608 671/602/612 667/600/609
f 672/563/613 667/600/609 671/602/612
f 673/564/614 672/563/613 671/602/612
f 673/564/614 671/602/612 670/601/611
f 674/566/567 675/565/566 676/603/615
f 677/604/616 674/566/567 676/603/615
f 677/604/616 678/605/617 674/566/567
f 678/605/617 679/570/571 674/566/567
f 677/604/616 676/603/615 680/571/618
f 679/570/571 678/605/617 681/572/573
f 682/573/619 677/604/616 680/571/618
f 678/605/617 677/604/616 682/573/619
f 680/571/618 683/574/620 682/573/619
f 683/574/620 684/606/621 682/573/619
f 682/573/619 684/606/621 685/576/622
f 686/607/623 678/605/617 682/573/619
f 686/607/623 682/573/619 685/576/622
f 685/576/622 687/578/624 686/607/623
f 678/605/617 686/607/623 688/608/625
f 687/578/624 688/608/625 686/607/623
f 687/578/624 689/609/626 688/608/625
f 690/610/627 678/605/617 688/608/625
f 678/605/617 690/610/627 681/572/573
f 691/582/583 681/572/573 690/610/627
f 692/611/628 691/582/583 690/610/627
f 690/610/627 688/608/625 692/611/628
f 691/582/583 692/611/628 693/584/585
f 688/608/625 694/585/629 692/611/628
f 689/609/626 694/585/629 688/608/625
f 694/585/629 689/609/626 695/586/630
f 692/611/628 694/585/629 696/587/631
f 692/611/628 696/587/631 693/584/585
f 693/584/585 696/587/631 697/588/589
f 696/587/631 698/612/632 697/588/589
f 694/585/629 699/613/633 696/587/631
f 696/587/631 699/613/633 698/612/632
f 699/613/633 694/585/629 695/586/630
f 695/586/630 700/591/634 699/613/633
f 700/591/634 701/592/635 699/613/633
f 699/613/633 701/592/635 698/612/632
f 702/614/636 703/615/637 704/616/638
f 705/617/639 706/618/640 702/614/636
f 707/619/641 708/620/642 709/621/643
f 707/619/641 709/621/643 710/622/644
f 707/619/641 710/622/644 711/623/636
f 710/622/644 712/624/645 711/623/636
f 710/622/644 713/625/646 714/626/647
f 715/627/648 716/628/649 717/629/650
f 718/630/651 715/627/648 717/629/650
f 719/631/652 720/632/653 721/633/654
f 719/631/652 722/634/655 723/635/656
f 719/631/652 721/633/654 722/634/655
f 721/633/654 724/636/657 722/634/655
f 722/634/655 725/637/658 723/635/656
f 724/636/657 726/638/659 722/634/655
f 727/639/660 728/640/661 729/641/662
f 727/639/660 730/642/663 728/640/661
f 731/643/664 732/644/665 728/640/661
f 728/640/661 733/645/666 734/646/667
f 732/644/665 733/645/666 728/640/661
f 732/644/665 731/643/664 735/647/668
f 731/643/664 736/648/669 735/647/668
f 737/649/670 738/650/671 739/651/672
f 733/645/666 740/652/673 741/653/674
f 742/654/675 738/650/671 737/649/670
f 732/644/665 735/647/668 743/655/676
f 732/644/665 743/655/676 744/656/677
f 745/657/678 746/658/679 747/659/680
f 748/660/681 749/661/682 750/662/683
f 748/660/681 751/663/684 749/661/682
f 749/661/682 752/664/685 753/665/686
f 751/663/684 752/664/685 749/661/682
f 752/664/685 751/663/684 754/666/687
f 755/667/688 756/668/689 757/669/690
f 756/668/689 758/670/691 759/671/692
f 758/670/691 760/672/693 759/671/692
f 761/673/694 760/672/693 762/674/695
f 763/675/696 764/676/697 761/673/694
f 763/675/696 761/673/694 765/677/698
f 765/677/698 761/673/694 762/674/695
f 765/677/698 766/678/699 767/679/700
f 768/680/701 769/681/702 770/682/703
f 768/680/701 771/683/704 769/681/702
f 772/684/705 773/685/706 769/681/702
f 771/683/704 772/684/705 769/681/702
f 772/684/705 771/683/704 774/686/707
f 775/687/708 776/688/709 763/675/696
f 775/687/708 763/675/696 765/677/698
f 777/689/710 778/690/711 779/691/712
f 780/692/713 781/693/714 782/694/715
f 780/692/713 783/695/716 781/693/714
f 783/695/716 784/696/717 781/693/714
f 785/697/718 786/698/719 787/699/720
f 785/697/718 787/699/720 788/700/721
f 789/701/722 790/702/723 791/703/724
f 792/704/725 791/703/724 793/705/726
f 792/704/725 789/701/722 791/703/724
f 794/706/727 789/701/722 792/704/725
f 795/707/728 796/708/729 797/709/730
f 795/707/728 798/710/731 796/708/729
f 794/706/727 799/711/732 800/712/733
f 801/713/734 802/714/735 803/715/722
f 801/713/734 804/716/731 802/714/735
f 805/717/736 804/716/731 806/718/737
f 802/714/735 805/717/736 807/719/738
f 802/714/735 807/719/738 803/715/722
f 805/717/736 808/720/739 807/719/738
f 809/721/718 810/722/740 811/723/741
f 809/721/718 812/724/742 813/725/719
f 814/726/743 813/725/719 812/724/742
f 815/727/744 816/728/672 817/729/745
f 815/727/744 818/730/746 819/731/670
f 820/732/747 821/733/748 822/734/680
f 820/732/747 823/735/749 821/733/748
f 823/735/749 824/736/750 821/733/748
f 824/736/750 823/735/749 825/737/751
f 826/738/752 825/737/751 818/730/746
f 827/739/753 828/740/687 826/738/752
f 829/741/691 827/739/753 826/738/752
f 815/727/744 830/742/754 826/738/752
f 831/743/755 830/742/754 832/744/756
f 833/745/695 834/746/757 831/743/755
f 831/743/755 835/747/758 836/748/759
f 831/743/755 836/748/759 833/745/695
f 837/749/760 838/750/761 839/751/762
f 838/750/761 837/749/760 840/752/763
f 838/750/761 841/753/764 839/751/762
f 841/753/764 838/750/761 842/754/765
f 843/755/766 844/756/713 845/757/767
f 843/755/766 846/758/768 844/756/713
f 847/759/769 846/758/768 848/760/770
f 846/758/768 847/759/769 844/756/713
f 849/761/771 850/762/772 851/763/773
f 849/761/771 851/763/773 852/764/774
f 853/640/775 849/761/771 852/764/774
f 853/640/775 852/764/774 854/646/776
f 855/765/777 856/642/778 853/640/775
f 857/766/779 855/765/777 853/640/775
f 858/767/780 853/640/775 854/646/776
f 858/767/780 857/766/779 853/640/775
f 855/765/777 859/648/781 860/768/782
f 855/765/777 857/766/779 861/647/783
f 858/767/780 854/646/776 862/769/784
f 858/767/780 863/770/785 857/766/779
f 864/771/786 865/671/787 866/772/788
f 867/773/789 864/771/786 866/772/788
f 857/766/779 868/774/790 869/775/791
f 870/776/792 871/777/793 872/778/794
f 871/777/793 873/664/795 872/778/794
f 872/778/794 873/664/795 874/666/796
f 873/664/795 875/779/797 874/666/796
f 876/780/798 866/772/788 877/781/799
f 876/780/798 877/781/799 875/779/797
f 877/781/799 878/782/800 874/666/796
f 878/782/800 877/781/799 879/783/801
f 880/784/802 881/675/803 882/785/804
f 883/786/805 880/784/802 882/785/804
f 884/787/806 885/788/807 886/789/808
f 886/789/808 887/790/809 888/791/810
f 889/792/811 886/789/808 888/791/810
f 889/792/811 884/787/806 886/789/808
f 881/675/803 890/687/812 882/785/804
f 890/687/812 881/675/803 891/793/813
f 890/687/812 892/794/814 882/785/804
f 881/675/803 893/795/815 891/793/813
f 881/675/803 894/796/816 895/797/817
f 896/691/818 897/798/819 898/799/820
f 896/691/818 899/800/821 897/798/819
f 896/691/818 900/801/822 899/800/821
f 901/689/823 900/801/822 896/691/818
f 901/689/823 898/799/820 902/802/824
f 901/689/823 902/802/824 900/801/822
f 903/803/825 904/804/826 905/805/827
f 906/806/828 907/807/829 908/808/830
f 909/809/831 910/810/832 911/701/833
f 911/701/833 912/811/834 909/809/831
f 913/812/835 914/813/836 915/814/837
f 912/811/834 916/815/838 917/816/839
f 909/809/831 918/817/840 917/816/839
f 912/811/834 918/817/840 909/809/831
f 919/818/841 920/819/842 921/820/843
f 921/820/843 922/821/844 919/818/841
f 921/820/843 923/822/845 924/823/846
f 921/820/843 920/819/842 923/822/845
f 925/824/847 926/713/848 927/715/833
f 926/713/848 925/824/847 928/825/849
f 925/824/847 929/826/850 928/825/849
f 925/824/847 930/827/851 929/826/850
f 929/826/850 931/828/852 932/718/835
f 933/829/828 934/724/853 935/723/854
f 936/726/855 937/830/778 934/724/853
f 938/727/856 939/728/857 940/831/789
f 941/732/858 942/733/859 943/735/860
f 943/735/860 944/737/861 941/732/858
f 942/733/859 945/832/862 943/735/860
f 938/727/856 946/730/863 947/833/864
f 948/834/800 949/741/865 947/833/864
f 949/741/865 950/742/866 947/833/864
f 938/727/856 951/835/867 952/729/868
f 953/836/869 950/742/866 954/746/870
f 953/836/869 955/747/871 951/835/867
f 953/836/869 956/837/872 955/747/871
f 957/838/873 958/839/874 959/840/875
f 960/750/876 957/838/873 959/840/875
f 961/841/877 960/750/876 959/840/875
f 962/755/878 963/842/825 964/843/879
f 962/755/878 964/843/879 965/844/880
f 963/842/825 966/759/881 964/843/879
f 967/845/882 968/846/883 969/847/884
f 970/848/885 968/846/883 967/845/882
f 967/845/882 969/847/884 971/849/886
f 972/850/887 967/845/882 971/849/886
f 970/848/885 967/845/882 972/850/887
f 973/851/888 970/848/885 972/850/887
f 974/852/889 970/848/885 973/851/888
f 972/850/887 971/849/886 975/853/890
f 976/854/891 972/850/887 975/853/890
f 973/851/888 972/850/887 976/854/891
f 974/852/889 973/851/888 977/855/892
f 978/856/893 974/852/889 977/855/892
f 979/857/894 974/852/889 978/856/893
f 980/858/895 981/859/896 982/860/897
f 983/861/898 979/857/894 978/856/893
f 984/862/899 979/857/894 983/861/898
f 985/863/900 975/853/890 986/864/901
f 985/863/900 987/865/902 975/853/890
f 987/865/902 976/854/891 975/853/890
f 987/865/902 988/866/903 976/854/891
f 989/867/904 985/863/900 986/864/901
f 989/867/904 986/864/901 990/868/905
f 985/863/900 989/867/904 991/869/906
f 987/865/902 985/863/900 991/869/906
f 992/870/907 978/856/893 977/855/892
f 992/870/907 988/866/903 991/869/906
f 989/867/904 993/871/908 991/869/906
f 992/870/907 994/872/909 978/856/893
f 994/872/909 992/870/907 991/869/906
f 994/872/909 983/861/898 978/856/893
f 995/873/910 994/872/909 991/869/906
f 994/872/909 995/873/910 983/861/898
f 996/874/911 984/862/899 983/861/898
f 995/873/910 996/874/911 983/861/898
f 995/873/910 997/875/912 996/874/911
f 997/875/912 995/873/910 991/869/906
f 998/876/913 999/877/914 1000/878/915
f 981/859/896 1001/879/916 1000/878/915
f 981/859/896 1002/880/917 1001/879/916
f 1003/881/918 984/862/899 996/874/911
f 1003/881/918 1004/882/919 984/862/899
f 998/876/913 1005/883/920 991/869/906
f 1005/883/920 997/875/912 991/869/906
f 998/876/913 1000/878/915 1006/884/921
f 1000/878/915 1001/879/916 1006/884/921
f 1005/883/920 998/876/913 1006/884/921
f 997/875/912 1005/883/920 1007/885/922
f 1005/883/920 1006/884/921 1007/885/922
f 1007/885/922 1003/881/918 996/874/911
f 997/875/912 1007/885/922 996/874/911
f 1001/879/916 1008/886/923 1006/884/921
f 1006/884/921 1008/886/923 1007/885/922
f 1001/879/916 1002/880/917 1008/886/923
f 1008/886/923 1003/881/918 1007/885/922
f 1008/886/923 1009/887/924 1003/881/918
f 1002/880/917 1009/887/924 1008/886/923
f 1009/887/924 1004/882/919 1003/881/918
f 1002/880/917 1010/888/925 1009/887/924
f 1009/887/924 1010/888/925 1004/882/919
f 1011/846/926 1012/889/927 1013/890/928
f 1011/846/926 1014/891/929 1012/889/927
f 1013/890/928 1012/889/927 1015/849/930
f 1013/890/928 1015/849/930 1016/892/931
f 1012/889/927 1017/893/932 1015/849/930
f 1012/889/927 1014/891/929 1017/893/932
f 1014/891/929 1018/894/933 1017/893/932
f 1014/891/929 1019/895/934 1018/894/933
f 1016/892/931 1015/849/930 1020/896/935
f 1017/893/932 1018/894/933 1021/897/936
f 1017/893/932 1021/897/936 1022/853/937
f 1018/894/933 1023/898/938 1021/897/936
f 1018/894/933 1019/895/934 1023/898/938
f 1016/892/931 1020/896/935 1024/899/939
f 1025/900/940 1016/892/931 1024/899/939
f 1019/895/934 1026/901/941 1023/898/938
f 1019/895/934 1027/902/942 1026/901/941
f 1025/900/940 1024/899/939 1028/903/943
f 1029/904/944 1025/900/940 1028/903/943
f 1027/902/942 1030/905/945 1026/901/941
f 1027/902/942 1031/906/946 1030/905/945
f 1022/853/937 1032/907/947 1020/896/935
f 1033/865/948 1032/907/947 1022/853/937
f 1021/897/936 1033/865/948 1022/853/937
f 1023/898/938 1034/908/949 1021/897/936
f 1032/907/947 1035/867/950 1020/896/935
f 1032/907/947 1033/865/948 1036/909/951
f 1033/865/948 1034/908/949 1036/909/951
f 1035/867/950 1032/907/947 1036/909/951
f 1026/901/941 1037/910/952 1023/898/938
f 1037/910/952 1034/908/949 1023/898/938
f 1038/911/953 1035/867/950 1036/909/951
f 1035/867/950 1038/911/953 1024/899/939
f 1024/899/939 1038/911/953 1028/903/943
f 1037/910/952 1039/912/954 1036/909/951
f 1030/905/945 1039/912/954 1026/901/941
f 1039/912/954 1037/910/952 1026/901/941
f 1040/913/955 1038/911/953 1036/909/951
f 1038/911/953 1040/913/955 1028/903/943
f 1039/912/954 1041/914/956 1036/909/951
f 1041/914/956 1039/912/954 1030/905/945
f 1029/904/944 1028/903/943 1042/915/957
f 1031/906/946 1043/916/958 1030/905/945
f 1043/916/958 1041/914/956 1030/905/945
f 1044/917/959 1041/914/956 1043/916/958
f 1041/914/956 1044/917/959 1036/909/951
f 1040/913/955 1045/918/960 1042/915/957
f 1045/918/960 1040/913/955 1036/909/951
f 1046/919/961 1029/904/944 1042/915/957
f 1047/880/962 1029/904/944 1046/919/961
f 1031/906/946 1048/920/963 1043/916/958
f 1049/921/964 1048/920/963 1031/906/946
f 1044/917/959 1050/922/965 1036/909/951
f 1050/922/965 1045/918/960 1036/909/951
f 1046/919/961 1042/915/957 1051/923/966
f 1045/918/960 1050/922/965 1051/923/966
f 1042/915/957 1045/918/960 1051/923/966
f 1052/924/967 1044/917/959 1043/916/958
f 1050/922/965 1044/917/959 1052/924/967
f 1051/923/966 1050/922/965 1052/924/967
f 1048/920/963 1052/924/967 1043/916/958
f 1053/886/968 1046/919/961 1051/923/966
f 1053/886/968 1051/923/966 1052/924/967
f 1047/880/962 1046/919/961 1053/886/968
f 1048/920/963 1053/886/968 1052/924/967
f 1054/925/969 1053/886/968 1048/920/963
f 1054/925/969 1047/880/962 1053/886/968
f 1049/921/964 1054/925/969 1048/920/963
f 1055/888/970 1054/925/969 1049/921/964
f 1055/888/970 1047/880/962 1054/925/969
f 1056/926/971 1057/927/972 1058/928/973
f 1059/929/974 1058/928/973 1057/927/972
f 1058/928/973 1060/208/975 1056/926/971
f 1061/930/976 1062/931/977 1059/929/974
f 1062/931/977 1058/928/973 1059/929/974
f 1063/932/978 1064/933/979 1065/934/980
f 1058/928/973 1062/931/977 2/2/2
f 1061/930/976 1063/932/978 1066/935/981
f 1062/931/977 1061/930/976 1066/935/981
f 2/2/2 1062/931/977 1066/935/981
f 1067/936/982 1068/937/983 1069/938/984
f 1068/937/983 1067/936/982 1070/939/985
f 1071/940/986 1066/935/981 1063/932/978
f 1071/940/986 1072/941/987 1066/935/981
f 1072/941/987 3/3/3 1066/935/981
f 1071/940/986 1073/942/988 1074/943/989
f 1075/944/990 1071/940/986 1074/943/989
f 1072/941/987 1071/940/986 1075/944/990
f 1075/944/990 1074/943/989 1076/945/991
f 1075/944/990 1077/946/992 1078/947/993
f 7/7/7 1079/948/994 1080/949/995
f 1081/950/983 1082/951/985 1083/952/996
f 7/7/7 4/4/4 1/1/1
f 1067/936/982 6/6/6 1084/953/997
f 1084/953/997 6/6/6 4/4/4
f 8/8/8 1084/953/997 4/4/4
f 7/7/7 1085/954/998 1086/955/999
f 7/7/7 1086/955/999 8/8/8
f 1087/956/1000 1088/957/1001 1083/952/996
f 1087/956/1000 1083/952/996 1089/958/1002
f 1083/952/996 1082/951/985 1089/958/1002
f 1090/959/1003 1067/936/982 1084/953/997
f 1067/936/982 1090/959/1003 1070/939/985
f 1084/953/997 1091/960/1004 1090/959/1003
f 1091/960/1004 1084/953/997 8/8/8
f 1092/961/1005 1091/960/1004 8/8/8
f 8/8/8 1086/955/999 1092/961/1005
f 1086/955/999 1093/962/1006 1092/961/1005
f 1093/962/1006 1086/955/999 1094/963/1007
f 1082/951/985 1095/964/1008 1089/958/1002
f 1082/951/985 1096/965/1009 1095/964/1008
f 1097/966/1010 1070/939/985 1090/959/1003
f 1097/966/1010 1098/967/1009 1070/939/985
f 1098/967/1009 1097/966/1010 1099/968/1011
f 1091/960/1004 1100/969/1012 1090/959/1003
f 1100/969/1012 1097/966/1010 1090/959/1003
f 1100/969/1012 1099/968/1011 1097/966/1010
f 1089/958/1002 1095/964/1008 1101/970/1013
f 1101/970/1013 1087/956/1000 1089/958/1002
f 1101/970/1013 1095/964/1008 1102/971/1014
f 1096/965/1009 1102/971/1014 1095/964/1008
f 10/10/10 1102/971/1014 1096/965/1009
f 10/10/10 1096/965/1009 1103/972/1015
f 10/10/10 1103/972/1015 11/11/11
f 1102/971/1014 10/10/10 1104/973/1016
f 1104/973/1016 1101/970/1013 1102/971/1014
f 1104/973/1016 1105/974/1017 1101/970/1013
f 1105/974/1017 1087/956/1000 1101/970/1013
f 1106/975/1018 1105/974/1017 1093/962/1006
f 1106/975/1018 1093/962/1006 1094/963/1007
f 1106/975/1018 1094/963/1007 1087/956/1000
f 1106/975/1018 1087/956/1000 1105/974/1017
f 1107/976/1019 1105/974/1017 1104/973/1016
f 1093/962/1006 1105/974/1017 1107/976/1019
f 1092/961/1005 1093/962/1006 1107/976/1019
f 10/10/10 13/13/13 1104/973/1016
f 1104/973/1016 13/13/13 17/17/17
f 1107/976/1019 1104/973/1016 17/17/17
f 16/16/16 1092/961/1005 1107/976/1019
f 17/17/17 16/16/16 1107/976/1019
f 10/10/10 9/9/9 13/13/13
f 1092/961/1005 1108/977/1020 1091/960/1004
f 16/16/16 1108/977/1020 1092/961/1005
f 13/13/13 12/12/12 17/17/17
f 1100/969/1012 1091/960/1004 1109/978/1021
f 1091/960/1004 1108/977/1020 1109/978/1021
f 1110/979/1022 1100/969/1012 1109/978/1021
f 1100/969/1012 1110/979/1022 1099/968/1011
f 1110/979/1022 1109/978/1021 1111/980/1023
f 1110/979/1022 1111/980/1023 1099/968/1011
f 1111/980/1023 1112/981/11 1099/968/1011
f 1109/978/1021 1108/977/1020 1113/982/1024
f 1109/978/1021 1113/982/1024 1111/980/1023
f 1108/977/1020 15/15/15 1113/982/1024
f 15/15/15 1108/977/1020 16/16/16
f 26/26/26 14/14/14 17/17/17
f 12/12/12 26/26/26 17/17/17
f 26/26/26 12/12/12 18/18/18
f 1111/980/1023 25/25/25 1112/981/11
f 25/25/25 20/20/20 1112/981/11
f 25/25/25 1111/980/1023 22/22/22
f 1111/980/1023 1113/982/1024 22/22/22
f 1113/982/1024 15/15/15 22/22/22
f 21/21/21 20/20/20 25/25/25
f 21/21/21 1114/983/1025 19/19/19
f 15/15/15 14/14/14 23/23/23
f 15/15/15 23/23/23 22/22/22
f 25/25/25 24/24/24 21/21/21
f 28/28/28 1114/983/1025 21/21/21
f 28/28/28 24/24/24 29/29/29
f 1114/983/1025 28/28/28 1115/984/1026
f 1116/985/1027 1114/983/1025 1115/984/1026
f 1117/986/1028 1116/985/1027 1115/984/1026
f 28/28/28 1118/987/1029 1115/984/1026
f 1118/987/1029 28/28/28 29/29/29
f 1119/988/1030 1117/986/1028 1115/984/1026
f 1120/989/1031 1117/986/1028 1119/988/1030
f 1118/987/1029 1121/990/1032 1115/984/1026
f 1119/988/1030 1115/984/1026 1121/990/1032
f 1122/991/1033 30/30/30 31/31/31
f 1122/991/1033 1118/987/1029 30/30/30
f 1121/990/1032 1118/987/1029 1123/992/1034
f 1118/987/1029 1122/991/1033 1123/992/1034
f 1122/991/1033 31/31/31 33/33/33
f 1124/223/20 36/36/19 11/11/11
f 37/37/36 35/35/35 36/36/19
f 37/37/36 36/36/19 1125/226/1025
f 1125/226/1025 1126/993/1027 37/37/36
f 1123/992/1034 1122/991/1033 1127/994/1035
f 33/33/33 37/37/36 1127/994/1035
f 1122/991/1033 33/33/33 1127/994/1035
f 1126/993/1027 1128/995/1036 37/37/36
f 37/37/36 1128/995/1036 1127/994/1035
f 1129/996/1037 1128/995/1036 1126/993/1027
f 1130/997/1028 1129/996/1037 1126/993/1027
f 1129/996/1037 1131/998/1038 1128/995/1036
f 1128/995/1036 1131/998/1038 1127/994/1035
f 1127/994/1035 1132/999/1039 1123/992/1034
f 1132/999/1039 1127/994/1035 1131/998/1038
f 1129/996/1037 1130/997/1028 1133/1000/1040
f 1134/1001/1031 1133/1000/1040 1130/997/1028
f 1129/996/1037 1135/1002/1041 1131/998/1038
f 1129/996/1037 1133/1000/1040 1135/1002/1041
f 1134/1001/1031 1136/1003/1042 1137/1004/1043
f 1132/999/1039 1138/1005/1044 1123/992/1034
f 1121/990/1032 1123/992/1034 1138/1005/1044
f 1132/999/1039 1131/998/1038 1139/1006/1045
f 1136/1003/1042 74/74/73 1137/1004/1043
f 1140/1007/1046 1119/988/1030 1121/990/1032
f 1140/1007/1046 1121/990/1032 1138/1005/1044
f 70/70/69 1141/1008/1047 73/73/72
f 1138/1005/1044 1142/1009/1048 1140/1007/1046
f 1142/1009/1048 1138/1005/1044 1143/1010/1049
f 1144/1011/1050 1119/988/1030 1140/1007/1046
f 1144/1011/1050 1120/989/1031 1119/988/1030
f 1145/1012/1051 1144/1011/1050 1140/1007/1046
f 1140/1007/1046 1142/1009/1048 1145/1012/1051
f 1146/1013/1052 1144/1011/1050 1145/1012/1051
f 1120/989/1031 1144/1011/1050 1146/1013/1052
f 1147/1014/1042 1120/989/1031 1146/1013/1052
f 1142/1009/1048 1143/1010/1049 47/47/46
f 1147/1014/1042 1146/1013/1052 42/42/41
f 42/42/41 1146/1013/1052 44/44/43
f 50/50/49 49/49/48 1148/1015/1053
f 52/52/51 48/48/47 50/50/49
f 52/52/51 55/55/54 51/51/50
f 52/52/51 53/53/52 55/55/54
f 1149/239/1054 50/50/49 1148/1015/1053
f 1149/239/1054 64/64/63 50/50/49
f 1149/239/1054 70/70/69 64/64/63
f 1149/239/1054 1148/1015/1053 70/70/69
f 70/70/69 69/69/68 64/64/63
f 71/71/70 66/66/65 70/70/69
f 71/71/70 70/70/69 73/73/72
f 71/71/70 76/76/75 67/67/66
f 76/76/75 71/71/70 72/72/71
f 1150/1016/1055 1151/1017/1056 1152/1018/1057
f 1153/1019/1058 1154/1020/1059 1155/1021/1060
f 1150/1016/1055 1154/1020/1059 1153/1019/1058
f 1156/1022/1061 1150/1016/1055 1153/1019/1058
f 1153/1019/1058 1157/1023/1062 1156/1022/1061
f 1157/1023/1062 1158/1024/1063 1156/1022/1061
f 1153/1019/1058 1159/1025/1064 1157/1023/1062
f 1158/1024/1063 1157/1023/1062 84/84/82
f 82/82/80 1158/1024/1063 84/84/82
f 84/84/82 80/80/78 82/82/80
f 84/84/82 1157/1023/1062 1160/1026/1065
f 85/85/83 84/84/82 1160/1026/1065
f 1160/1026/1065 1161/1027/1066 85/85/83
f 1160/1026/1065 1159/1025/1064 1161/1027/1066
f 1161/1027/1066 1162/1028/1067 85/85/83
f 85/85/83 1162/1028/1067 1163/1029/1068
f 1161/1027/1066 1164/1030/1069 1162/1028/1067
f 1161/1027/1066 1165/1031/1070 1164/1030/1069
f 1162/1028/1067 1166/1032/1071 1163/1029/1068
f 88/88/86 87/87/85 1162/1028/1067
f 88/88/86 1164/1030/1069 90/90/88
f 90/90/88 86/86/84 88/88/86
f 90/90/88 1167/1033/1072 93/93/91
f 93/93/91 89/89/87 90/90/88
f 95/95/93 89/89/87 93/93/91
f 95/95/93 97/97/95 1168/1034/1073
f 97/97/95 1169/1035/1074 1168/1034/1073
f 1170/1036/1075 1171/1037/1076 1169/1035/1074
f 97/97/95 1170/1036/1075 1169/1035/1074
f 99/99/97 1170/1036/1075 97/97/95
f 102/102/100 1171/1037/1076 1170/1036/1075
f 107/107/105 103/103/101 106/106/104
f 1172/1038/1077 107/107/105 106/106/104
f 99/99/97 1173/1039/1078 1170/1036/1075
f 107/107/105 1173/1039/1078 99/99/97
f 1173/1039/1078 107/107/105 1172/1038/1077
f 1174/1040/1079 1173/1039/1078 1172/1038/1077
f 1175/1041/1080 1173/1039/1078 1174/1040/1079
f 1175/1041/1080 102/102/100 1170/1036/1075
f 1173/1039/1078 1175/1041/1080 1170/1036/1075
f 1176/1042/1081 1175/1041/1080 1174/1040/1079
f 102/102/100 1175/1041/1080 1176/1042/1081
f 109/109/107 102/102/100 1176/1042/1081
f 1177/1043/1082 1178/1044/1083 1179/1045/1084
f 1178/1044/1083 1177/1043/1082 129/129/124
f 1177/1043/1082 127/127/122 129/129/124
f 1180/1046/1085 1181/1047/1086 1182/1048/1087
f 1181/1047/1086 1180/1046/1085 1183/1049/1088
f 134/134/128 1181/1047/1086 1183/1049/1088
f 1183/1049/1088 1180/1046/1085 1184/1050/1089
f 1184/1050/1089 1180/1046/1085 1185/1051/1090
f 1186/1052/1091 1184/1050/1089 1185/1051/1090
f 1183/1049/1088 132/132/126 134/134/128
f 1184/1050/1089 139/139/133 1183/1049/1088
f 1184/1050/1089 1186/1052/1091 1187/1053/1092
f 140/140/134 165/165/159 150/150/144
f 166/166/160 159/159/153 163/163/157
f 167/167/161 166/166/160 163/163/157
f 140/140/134 1187/1053/1092 1188/1054/1093
f 165/165/159 1188/1054/1093 167/167/161
f 165/165/159 140/140/134 1188/1054/1093
f 1188/1054/1093 1187/1053/1092 1189/1055/1094
f 1188/1054/1093 1189/1055/1094 1190/1056/1095
f 167/167/161 1188/1054/1093 1190/1056/1095
f 1190/1056/1095 1191/1057/1096 167/167/161
f 1191/1057/1096 166/166/160 167/167/161
f 1190/1056/1095 1189/1055/1094 1192/1058/1097
f 1193/1059/1098 1194/1060/1099 1195/1061/1100
f 1196/1062/1101 1197/1063/1102 1192/1058/1097
f 1197/1063/1102 1198/1064/1103 1199/1065/1104
f 1193/1059/1098 1200/1066/1105 1201/1067/1106
f 1202/1068/1107 1203/1069/1108 1204/1070/1109
f 1203/1069/1108 1205/1071/1110 1204/1070/1109
f 1203/1069/1108 175/175/169 1205/1071/1110
f 1203/1069/1108 1202/1068/1107 175/175/169
f 1202/1068/1107 1206/1072/1111 175/175/169
f 1206/1072/1111 173/173/167 175/175/169
f 1193/1059/1098 1207/1073/1112 1208/1074/1113
f 1209/1075/1114 1205/1071/1110 1199/1065/1104
f 1199/1065/1104 1208/1074/1113 1209/1075/1114
f 1209/1075/1114 1208/1074/1113 1207/1073/1112
f 175/175/169 174/174/168 1205/1071/1110
f 1199/1065/1104 176/176/170 1197/1063/1102
f 176/176/170 177/177/171 1197/1063/1102
f 1197/1063/1102 177/177/171 179/179/173
f 1197/1063/1102 179/179/173 1192/1058/1097
f 180/180/174 181/181/175 178/178/172
f 180/180/174 183/183/177 181/181/175
f 192/192/186 186/186/180 189/189/183
f 193/193/187 192/192/186 189/189/183
f 181/181/175 196/196/190 182/182/176
f 181/181/175 188/188/182 196/196/190
f 195/195/189 188/188/182 192/192/186
f 192/192/186 193/193/187 1210/1076/1115
f 1210/1076/1115 195/195/189 192/192/186
f 198/198/192 193/193/187 194/194/188
f 193/193/187 1211/1077/1116 1210/1076/1115
f 193/193/187 198/198/192 1211/1077/1116
f 1212/1078/1117 198/198/192 197/197/191
f 198/198/192 1212/1078/1117 1211/1077/1116
f 1213/1079/1118 1212/1078/1117 197/197/191
f 1214/1080/1119 1215/1081/1120 1213/1079/1118
f 1214/1080/1119 1216/1082/1121 1217/1083/1122
f 1218/1084/1123 1219/1085/1124 172/172/166
f 1220/1086/1125 1218/1084/1123 172/172/166
f 1220/1086/1125 172/172/166 171/171/165
f 1220/1086/1125 171/171/165 200/200/194
f 1218/1084/1123 1220/1086/1125 200/200/194
f 202/202/196 1218/1084/1123 200/200/194
f 1218/1084/1123 202/202/196 1217/1083/1122
f 202/202/196 1221/1087/1126 1217/1083/1122
f 1212/1078/1117 1215/1081/1120 1222/1088/1127
f 202/202/196 206/206/200 1221/1087/1126
f 166/166/160 1191/1057/1096 206/206/200
f 206/206/200 1191/1057/1096 1223/1089/1128
f 206/206/200 1223/1089/1128 1221/1087/1126
f 1224/1090/1129 1191/1057/1096 1190/1056/1095
f 1191/1057/1096 1224/1090/1129 1223/1089/1128
f 1223/1089/1128 1225/1091/1130 1226/1092/1131
f 1223/1089/1128 1224/1090/1129 1225/1091/1130
f 1227/1093/1132 1224/1090/1129 1190/1056/1095
f 1190/1056/1095 1192/1058/1097 1227/1093/1132
f 1224/1090/1129 1228/1094/1133 1225/1091/1130
f 1228/1094/1133 1224/1090/1129 1227/1093/1132
f 1229/1095/1134 1228/1094/1133 1227/1093/1132
f 1227/1093/1132 1230/1096/1135 1229/1095/1134
f 196/196/190 1231/1097/1136 1232/1098/1137
f 1233/1099/1138 1231/1097/1136 195/195/189
f 195/195/189 1210/1076/1115 1233/1099/1138
f 1233/1099/1138 1234/1100/1139 1235/1101/1140
f 1210/1076/1115 1234/1100/1139 1233/1099/1138
f 1236/1102/1141 1234/1100/1139 1210/1076/1115
f 1234/1100/1139 1236/1102/1141 1237/1103/1142
f 1234/1100/1139 1237/1103/1142 1235/1101/1140
f 1238/1104/1143 1239/1105/1144 1240/1106/1145
f 1229/1095/1134 1241/1107/1146 1238/1104/1143
f 1238/1104/1143 1240/1106/1145 1242/1108/1147
f 1228/1094/1133 1229/1095/1134 1242/1108/1147
f 1229/1095/1134 1238/1104/1143 1242/1108/1147
f 1228/1094/1133 1242/1108/1147 1243/1109/1148
f 1243/1109/1148 1244/1110/1149 1245/1111/1150
f 1236/1102/1141 1246/1112/1151 1237/1103/1142
f 1236/1102/1141 1247/1113/1152 1248/1114/1153
f 1249/929/1154 1250/1115/1155 1251/1116/1156
f 1252/928/1157 1249/929/1154 1251/1116/1156
f 1253/930/1158 1254/1117/1159 1249/929/1154
f 1252/928/1157 1255/1118/1160 209/208/203
f 1255/1118/1160 1256/1119/1161 209/208/203
f 1257/931/1162 1253/930/1158 1249/929/1154
f 1252/928/1157 1257/931/1162 1249/929/1154
f 1258/1120/1163 1259/933/1164 1253/930/1158
f 208/207/202 1257/931/1162 1252/928/1157
f 1253/930/1158 1257/931/1162 1260/1121/1165
f 1258/1120/1163 1253/930/1158 1260/1121/1165
f 1260/1121/1165 1257/931/1162 208/207/202
f 217/215/211 1261/1122/1166 1262/1123/1167
f 1263/1124/1168 217/215/211 1262/1123/1167
f 217/215/211 1263/1124/1168 1264/939/1169
f 208/207/202 207/1/201 211/210/205
f 1260/1121/1165 1265/940/1170 1258/1120/1163
f 1265/940/1170 1260/1121/1165 1266/941/1171
f 1260/1121/1165 211/210/205 1266/941/1171
f 1258/1120/1163 1267/1125/1172 1268/1126/1173
f 1265/940/1170 1267/1125/1172 1258/1120/1163
f 1265/940/1170 1266/941/1171 1269/944/1174
f 1265/940/1170 1269/944/1174 1270/1127/1175
f 1269/944/1174 1271/946/1176 1272/945/1177
f 1266/941/1171 1273/947/1178 1269/944/1174
f 1266/941/1171 1274/1128/1179 1273/947/1178
f 1266/941/1171 211/210/205 1274/1128/1179
f 214/7/208 210/209/204 207/1/201
f 214/7/208 1275/954/1180 1274/1128/1179
f 1276/1129/1168 1277/1130/1181 1278/1131/1182
f 1279/1132/1169 1276/1129/1168 1278/1131/1182
f 217/215/211 215/213/209 213/212/207
f 216/214/210 1280/1133/1183 212/211/206
f 214/7/208 212/211/206 1280/1133/1183
f 1281/1134/1184 214/7/208 1280/1133/1183
f 1282/963/1185 1275/954/1180 1281/1134/1184
f 1283/1135/1186 1284/1136/1187 1282/963/1185
f 1278/1131/1182 1283/1135/1186 1285/958/1188
f 1279/1132/1169 1278/1131/1182 1285/958/1188
f 1286/959/1189 217/215/211 1264/939/1169
f 217/215/211 1286/959/1189 216/214/210
f 216/214/210 1287/960/1190 1280/1133/1183
f 1287/960/1190 216/214/210 1286/959/1189
f 1281/1134/1184 1280/1133/1183 1288/961/1191
f 1287/960/1190 1288/961/1191 1280/1133/1183
f 1289/1137/1192 1281/1134/1184 1288/961/1191
f 1281/1134/1184 1289/1137/1192 1282/963/1185
f 1290/964/1193 1279/1132/1169 1285/958/1188
f 1291/1138/1194 1279/1132/1169 1290/964/1193
f 1264/939/1169 1292/966/1195 1286/959/1189
f 1293/1139/1194 1292/966/1195 1264/939/1169
f 1292/966/1195 1293/1139/1194 1294/1140/1196
f 1294/1140/1196 1295/1141/1197 1292/966/1195
f 1295/1141/1197 1287/960/1190 1286/959/1189
f 1292/966/1195 1295/1141/1197 1286/959/1189
f 1283/1135/1186 1296/1142/1198 1285/958/1188
f 1290/964/1193 1285/958/1188 1296/1142/1198
f 1290/964/1193 1296/1142/1198 1297/1143/1199
f 1297/1143/1199 1291/1138/1194 1290/964/1193
f 1297/1143/1199 1298/10/1200 1291/1138/1194
f 1291/1138/1194 1298/10/1200 1299/1144/1196
f 1299/1144/1196 1298/10/1200 229/220/223
f 1297/1143/1199 1300/1145/1201 1298/10/1200
f 1296/1142/1198 1300/1145/1201 1297/1143/1199
f 1283/1135/1186 1301/974/1202 1296/1142/1198
f 1301/974/1202 1300/1145/1201 1296/1142/1198
f 1301/974/1202 1302/1146/1203 1289/1137/1192
f 1283/1135/1186 1302/1146/1203 1301/974/1202
f 1289/1137/1192 1302/1146/1203 1282/963/1185
f 1282/963/1185 1302/1146/1203 1283/1135/1186
f 1301/974/1202 1289/1137/1192 1303/1147/1204
f 1301/974/1202 1303/1147/1204 1300/1145/1201
f 1289/1137/1192 1288/961/1191 1303/1147/1204
f 1300/1145/1201 1304/1148/1205 1298/10/1200
f 1300/1145/1201 1303/1147/1204 220/17/214
f 1304/1148/1205 1300/1145/1201 220/17/214
f 1288/961/1191 1305/1149/1206 1303/1147/1204
f 1305/1149/1206 220/17/214 1303/1147/1204
f 1298/10/1200 227/9/221 229/220/223
f 1298/10/1200 1304/1148/1205 227/9/221
f 1306/1150/1207 1288/961/1191 1287/960/1190
f 1306/1150/1207 1305/1149/1206 1288/961/1191
f 1304/1148/1205 220/17/214 1307/1151/1208
f 1304/1148/1205 1307/1151/1208 227/9/221
f 1306/1150/1207 1287/960/1190 1308/978/1209
f 1287/960/1190 1295/1141/1197 1308/978/1209
f 1295/1141/1197 1309/979/1210 1308/978/1209
f 1309/979/1210 1295/1141/1197 1294/1140/1196
f 1309/979/1210 1294/1140/1196 1310/980/1211
f 1308/978/1209 1309/979/1210 1310/980/1211
f 1294/1140/1196 1311/1152/1212 1310/980/1211
f 1312/982/1213 1308/978/1209 1310/980/1211
f 1306/1150/1207 1308/978/1209 1312/982/1213
f 221/217/215 1306/1150/1207 1312/982/1213
f 1306/1150/1207 221/217/215 1305/1149/1206
f 221/217/215 218/216/212 1305/1149/1206
f 1305/1149/1206 218/216/212 220/17/214
f 220/17/214 219/26/213 1307/1151/1208
f 225/25/219 1310/980/1211 1311/1152/1212
f 1313/20/231 225/25/219 1311/1152/1212
f 1312/982/1213 1310/980/1211 223/218/217
f 1312/982/1213 223/218/217 221/217/215
f 1310/980/1211 225/25/219 223/218/217
f 1307/1151/1208 230/221/224 227/9/221
f 1307/1151/1208 219/26/213 230/221/224
f 1313/20/231 226/219/220 225/25/219
f 1313/20/231 1314/1153/230 226/219/220
f 1315/983/236 226/219/220 1314/1153/230
f 219/26/213 218/216/212 233/27/227
f 219/26/213 233/27/227 230/221/224
f 226/219/220 1315/983/236 231/222/225
f 231/222/225 1315/983/236 1316/1154/1214
f 1315/983/236 1317/1155/1215 1316/1154/1214
f 1317/1155/1215 1318/1156/1216 1316/1154/1214
f 231/222/225 1319/987/1217 234/29/228
f 1319/987/1217 232/30/226 234/29/228
f 231/222/225 1316/1154/1214 1319/987/1217
f 1318/1156/1216 1320/1157/1218 1316/1154/1214
f 1318/1156/1216 1321/1158/1219 1320/1157/1218
f 1319/987/1217 1322/1159/1220 232/30/226
f 1322/1159/1220 240/225/234 238/224/232
f 240/225/234 235/32/229 238/224/232
f 240/225/234 241/37/235 239/35/233
f 1323/1160/1215 242/226/236 241/37/235
f 1316/1154/1214 1320/1157/1218 1324/1161/1221
f 1316/1154/1214 1324/1161/1221 1319/987/1217
f 240/225/234 1322/1159/1220 1325/1162/1222
f 241/37/235 240/225/234 1325/1162/1222
f 1322/1159/1220 1319/987/1217 1326/992/1223
f 1319/987/1217 1324/1161/1221 1326/992/1223
f 1322/1159/1220 1326/992/1223 1325/1162/1222
f 1327/995/1224 241/37/235 1325/1162/1222
f 1327/995/1224 1323/1160/1215 241/37/235
f 1327/995/1224 1328/996/1225 1323/1160/1215
f 1328/996/1225 1329/997/1216 1323/1160/1215
f 1330/998/1226 1327/995/1224 1325/1162/1222
f 1330/998/1226 1328/996/1225 1327/995/1224
f 1325/1162/1222 1331/999/1227 1330/998/1226
f 1331/999/1227 1325/1162/1222 1326/992/1223
f 1332/1163/1228 1326/992/1223 1324/1161/1221
f 1332/1163/1228 1331/999/1227 1326/992/1223
f 1333/1007/1229 1332/1163/1228 1324/1161/1221
f 1320/1157/1218 1333/1007/1229 1324/1161/1221
f 1329/997/1216 1328/996/1225 1334/1000/1230
f 1335/1003/1231 1336/1001/1219 1337/1164/1232
f 1330/998/1226 1331/999/1227 1338/1165/1233
f 1335/1003/1231 248/74/242 244/227/238
f 1331/999/1227 1339/1166/1234 1338/1165/1233
f 1332/1163/1228 1340/1167/1235 1331/999/1227
f 253/231/247 1341/1008/1236 1342/1015/1237
f 1343/1168/1238 249/75/243 247/228/241
f 251/71/245 250/229/244 253/231/247
f 251/71/245 1343/1168/1238 247/228/241
f 1343/1168/1238 251/71/245 254/67/248
f 251/71/245 252/230/246 254/67/248
f 264/52/258 262/235/256 266/50/260
f 263/55/257 264/52/258 277/243/271
f 272/239/266 253/231/247 1342/1015/1237
f 253/231/247 272/239/266 270/64/264
f 266/50/260 272/239/266 1342/1015/1237
f 264/52/258 273/240/267 277/243/271
f 282/246/276 278/244/272 281/44/275
f 1344/1009/1239 1332/1163/1228 1333/1007/1229
f 1332/1163/1228 1344/1009/1239 1340/1167/1235
f 1344/1009/1239 1333/1007/1229 1345/1169/1240
f 1345/1169/1240 280/245/274 1344/1009/1239
f 282/246/276 1346/39/1241 283/40/277
f 1347/1170/1231 1346/39/1241 282/246/276
f 1348/1013/1242 1347/1170/1231 282/246/276
f 1348/1013/1242 281/44/275 1345/1169/1240
f 1321/1158/1219 1347/1170/1231 1348/1013/1242
f 1348/1013/1242 282/246/276 281/44/275
f 1349/1011/1243 1345/1169/1240 1333/1007/1229
f 1349/1011/1243 1321/1158/1219 1348/1013/1242
f 1320/1157/1218 1349/1011/1243 1333/1007/1229
f 1321/1158/1219 1349/1011/1243 1320/1157/1218
f 1349/1011/1243 1348/1013/1242 1345/1169/1240
f 1350/1171/1055 1351/1172/1244 1352/1173/1245
f 1350/1171/1055 1353/1174/1061 1354/1175/1246
f 1355/1176/1247 1354/1175/1246 1353/1174/1061
f 1356/1177/1063 1355/1176/1247 1353/1174/1061
f 1354/1175/1246 1357/1025/1248 1358/1021/1249
f 1355/1176/1247 1356/1177/1063 285/248/279
f 1356/1177/1063 286/249/80 285/248/279
f 1359/1178/1250 1357/1025/1248 1355/1176/1247
f 1355/1176/1247 285/248/279 1359/1178/1250
f 1360/1179/1251 285/248/279 288/83/280
f 285/248/279 1360/1179/1251 1359/1178/1250
f 1359/1178/1250 1360/1179/1251 1361/1180/1252
f 1362/1028/1253 1360/1179/1251 290/252/282
f 1360/1179/1251 1362/1028/1253 1361/1180/1252
f 1361/1180/1252 1362/1028/1253 1363/1181/1254
f 1361/1180/1252 1363/1181/1254 1364/1182/1255
f 1362/1028/1253 1365/1183/1256 1363/1181/1254
f 296/90/288 1366/1033/1257 1363/1181/1254
f 1365/1183/1256 296/90/288 1363/1181/1254
f 1365/1183/1256 292/254/284 291/253/283
f 296/90/288 1365/1183/1256 291/253/283
f 297/258/289 1367/94/1258 1366/1033/1257
f 296/90/288 297/258/289 1366/1033/1257
f 297/258/289 295/257/287 299/95/291
f 299/95/291 295/257/287 294/256/286
f 301/261/293 299/95/291 1368/1034/1259
f 301/261/293 300/260/292 299/95/291
f 301/261/293 1369/1184/1260 1370/1185/1261
f 301/261/293 1370/1185/1261 302/262/294
f 304/264/296 1371/1186/1262 305/265/297
f 1370/1185/1261 1371/1186/1262 304/264/296
f 313/107/304 308/268/300 307/267/299
f 1372/1187/1077 310/269/104 313/107/304
f 313/107/304 1373/1188/1263 1372/1187/1077
f 1373/1188/1263 302/262/294 1370/1185/1261
f 302/262/294 1373/1188/1263 313/107/304
f 1373/1188/1263 1374/1040/1079 1372/1187/1077
f 1374/1040/1079 1373/1188/1263 1375/1189/1264
f 1375/1189/1264 1370/1185/1261 304/264/296
f 1375/1189/1264 1373/1188/1263 1370/1185/1261
f 1375/1189/1264 304/264/296 1376/1042/1081
f 1376/1042/1081 1374/1040/1079 1375/1189/1264
f 304/264/296 315/273/107 1376/1042/1081
f 315/273/107 304/264/296 303/263/295
f 337/293/320 339/295/322 338/294/321
f 345/300/327 1377/1190/1265 1378/1047/1086
f 346/301/128 345/300/327 1378/1047/1086
f 1377/1190/1265 1379/1050/1266 1380/1191/1267
f 1377/1190/1265 345/300/327 1379/1050/1266
f 1379/1050/1266 1381/1052/1268 1380/1191/1267
f 1381/1052/1268 1382/1192/1269 1383/1193/1270
f 1379/1050/1266 348/303/328 1384/1194/1271
f 1381/1052/1268 1379/1050/1266 1384/1194/1271
f 1381/1052/1268 1384/1194/1271 1385/1195/1272
f 360/313/336 348/303/328 352/307/330
f 360/313/336 1384/1194/1271 348/303/328
f 378/329/351 363/316/339 376/327/349
f 360/313/336 378/329/351 1386/1196/1273
f 379/330/352 380/331/353 376/327/349
f 380/331/353 1386/1196/1273 378/329/351
f 1386/1196/1273 380/331/353 1387/1197/1274
f 1387/1197/1274 380/331/353 1388/1198/1275
f 380/331/353 379/330/352 1388/1198/1275
f 1387/1197/1274 1389/1199/1276 1390/1200/1277
f 1391/1201/1278 1392/1202/1279 1393/1061/1280
f 1394/1062/1281 1389/1199/1276 391/342/362
f 1394/1062/1281 391/342/362 1395/1203/1282
f 1391/1201/1278 1396/1066/1283 1397/1204/1284
f 1398/1205/1285 1399/1206/1286 1400/1207/1287
f 1391/1201/1278 1401/1208/1288 1402/1209/1289
f 1403/1210/1290 1398/1205/1285 1400/1207/1287
f 388/339/359 1403/1210/1290 1404/1211/1291
f 1398/1205/1285 1403/1210/1290 388/339/359
f 387/338/358 1398/1205/1285 388/339/359
f 1391/1201/1278 1405/1212/1292 1406/1213/1293
f 1407/1214/1294 1404/1211/1291 1406/1213/1293
f 390/341/361 386/337/357 1408/1215/1295
f 390/341/361 1408/1215/1295 1404/1211/1291
f 390/341/361 1409/1216/1296 391/342/362
f 390/341/361 1404/1211/1291 1409/1216/1296
f 395/346/366 389/340/360 393/344/364
f 396/347/367 395/346/366 393/344/364
f 396/347/367 393/344/364 1410/1217/1297
f 395/346/366 394/345/365 398/348/369
f 405/354/374 399/349/370 401/351/372
f 405/354/374 406/355/375 402/189/373
f 406/355/375 409/356/188 404/353/185
f 407/196/376 396/347/367 1410/1217/1297
f 408/195/377 401/351/372 407/196/376
f 408/195/377 1411/1218/1298 405/354/374
f 405/354/374 1411/1218/1298 406/355/375
f 410/357/378 406/355/375 1412/1219/1299
f 1411/1218/1298 1412/1219/1299 406/355/375
f 412/359/379 410/357/378 1412/1219/1299
f 1413/1220/1118 411/358/191 412/359/379
f 412/359/379 1414/1221/1300 1413/1220/1118
f 1415/1222/1119 1414/1221/1300 1416/1223/1301
f 1417/1224/1124 1418/1225/1121 1419/1226/1302
f 1417/1224/1124 1419/1226/1302 385/336/166
f 1419/1226/1302 413/360/380 385/336/166
f 413/360/380 1419/1226/1302 414/361/381
f 1419/1226/1302 417/364/384 414/361/381
f 417/364/384 1419/1226/1302 1416/1223/1301
f 1420/1227/1303 416/363/383 417/364/384
f 1420/1227/1303 417/364/384 1421/1228/1304
f 379/330/352 416/363/383 1420/1227/1303
f 1388/1198/1275 379/330/352 1420/1227/1303
f 1388/1198/1275 1420/1227/1303 1422/1229/1305
f 1422/1229/1305 1420/1227/1303 1421/1228/1304
f 1423/1230/1306 1388/1198/1275 1422/1229/1305
f 1388/1198/1275 1423/1230/1306 1387/1197/1274
f 1422/1229/1305 1424/1231/1307 1423/1230/1306
f 1423/1230/1306 1425/1232/1308 1387/1197/1274
f 1423/1230/1306 1426/1233/1309 1425/1232/1308
f 1425/1232/1308 1427/1234/1310 1428/1235/1311
f 1426/1233/1309 1427/1234/1310 1425/1232/1308
f 1427/1234/1310 1429/1236/1312 1428/1235/1311
f 407/196/376 1430/1237/1313 408/195/377
f 1411/1218/1298 408/195/377 1431/1238/1314
f 1432/1239/1315 1431/1238/1314 1433/1240/1316
f 1432/1239/1315 1411/1218/1298 1431/1238/1314
f 1432/1239/1315 1434/1241/1317 1411/1218/1298
f 1434/1241/1317 1412/1219/1299 1411/1218/1298
f 1434/1241/1317 1432/1239/1315 1435/1242/1318
f 1427/1234/1310 1426/1233/1309 1436/1243/1319
f 1437/1244/1320 1427/1234/1310 1436/1243/1319
f 1436/1243/1319 1426/1233/1309 1438/1245/1321
f 1426/1233/1309 1424/1231/1307 1438/1245/1321
f 1436/1243/1319 1438/1245/1321 1439/1246/1322
f 1438/1245/1321 1424/1231/1307 1440/1111/1323
f 1434/1241/1317 1441/1112/1324 1442/1247/1325
f 412/359/379 1443/1248/1326 1444/1249/1327
f 412/359/379 1412/1219/1299 1443/1248/1326
f 427/374/394 426/373/393 1445/1250/494
f 451/398/418 1446/1251/1328 1447/1252/1329
f 451/398/418 1448/1253/1330 1449/1254/1331
f 1450/1255/1332 451/398/418 1447/1252/1329
f 1450/1255/1332 1447/1252/1329 1451/1256/1333
f 1452/1257/1334 430/377/397 1451/1256/1333
f 1452/1257/1334 428/375/395 430/377/397
f 433/380/400 1450/1255/1332 1451/1256/1333
f 430/377/397 433/380/400 1451/1256/1333
f 445/392/412 451/398/418 1450/1255/1332
f 433/380/400 445/392/412 1450/1255/1332
f 445/392/412 449/396/416 451/398/418
f 451/398/418 450/397/417 1448/1253/1330
f 465/412/432 463/410/430 468/415/435
f 1453/1258/1335 1454/1259/1336 1455/1260/1337
f 1456/1261/1338 1457/1262/1339 1454/1259/1336
f 1458/1263/1338 478/425/443 477/424/442
f 483/430/446 478/425/443 1459/1264/1335
f 483/430/446 485/432/448 484/431/447
f 1460/1265/1340 485/432/448 483/430/446
f 1459/1264/1335 1460/1265/1340 483/430/446
f 486/433/449 491/438/452 487/434/450
f 495/442/456 486/433/449 485/432/448
f 495/442/456 493/440/454 486/433/449
f 495/442/456 497/444/458 494/441/455
f 1461/1266/1341 495/442/456 485/432/448
f 495/442/456 1461/1266/1341 497/444/458
f 1461/1266/1341 499/446/460 497/444/458
f 1462/1267/1342 509/456/469 499/446/460
f 1461/1266/1341 1462/1267/1342 499/446/460
f 1462/1267/1342 1463/1268/1343 509/456/469
f 1463/1268/1343 512/459/472 509/456/469
f 485/432/448 1464/1269/1344 1461/1266/1341
f 1464/1269/1344 1462/1267/1342 1461/1266/1341
f 1463/1268/1343 1465/1270/1345 512/459/472
f 1465/1270/1345 513/460/473 512/459/472
f 1463/1268/1343 1462/1267/1342 1466/1271/1346
f 1462/1267/1342 1464/1269/1344 1466/1271/1346
f 1460/1265/1340 1467/1272/1347 485/432/448
f 1467/1272/1347 1464/1269/1344 485/432/448
f 517/464/477 513/460/473 1465/1270/1345
f 513/460/473 517/464/477 514/461/474
f 1463/1268/1343 1466/1271/1346 1468/1273/1348
f 1465/1270/1345 1463/1268/1343 1468/1273/1348
f 1464/1269/1344 1467/1272/1347 1469/1274/1349
f 1466/1271/1346 1464/1269/1344 1469/1274/1349
f 520/467/479 517/464/477 1465/1270/1345
f 520/467/479 1465/1270/1345 1468/1273/1348
f 517/464/477 519/466/478 516/463/476
f 1470/1275/1350 1468/1273/1348 1471/1276/1351
f 1470/1275/1350 520/467/479 1468/1273/1348
f 524/471/483 519/466/478 520/467/479
f 520/467/479 1470/1275/1350 524/471/483
f 1470/1275/1350 1472/1277/1352 524/471/483
f 524/471/483 1472/1277/1352 532/479/490
f 534/481/492 531/478/489 532/479/490
f 534/481/492 532/479/490 539/486/496
f 1472/1277/1352 539/486/496 532/479/490
f 1470/1275/1350 1473/1278/1353 1472/1277/1352
f 534/481/492 538/485/495 535/482/493
f 1472/1277/1352 1474/1279/1354 539/486/496
f 539/486/496 1475/1280/1355 538/485/495
f 542/489/499 1475/1280/1355 1476/1281/1356
f 1467/1272/1347 1477/1282/1357 1478/1283/1358
f 1479/1284/1359 1480/1285/1360 1481/1286/1361
f 1479/1284/1359 1482/1287/1362 1483/1288/1363
f 1479/1284/1359 1483/1288/1363 1484/1289/1364
f 560/507/514 1485/1290/1365 553/500/509
f 560/507/514 566/513/519 1486/1291/1366
f 560/507/514 559/506/513 566/513/519
f 571/518/522 566/513/519 565/512/518
f 571/518/522 1487/1292/1367 566/513/519
f 1488/1293/1368 1489/1294/1369 1487/1292/1367
f 571/518/522 1488/1293/1368 1487/1292/1367
f 571/518/522 570/517/521 575/522/526
f 1488/1293/1368 571/518/522 575/522/526
f 1488/1293/1368 575/522/526 581/528/531
f 581/528/531 1490/1295/1370 1488/1293/1368
f 588/535/536 1491/1296/1371 581/528/531
f 588/535/536 581/528/531 580/527/530
f 588/535/536 587/534/535 589/536/537
f 588/535/536 589/536/537 1492/1297/1372
f 1493/1298/1373 1494/1299/1374 1495/1300/1375
f 1496/1301/1376 1497/1302/1377 1498/1303/1378
f 1499/1304/638 1500/1305/1376 708/620/642
f 1500/1305/1376 1501/1306/1379 708/620/642
f 1499/1304/638 708/620/642 711/623/636
f 708/620/642 1502/1307/1380 709/621/643
f 708/620/642 707/619/641 711/623/636
f 1503/1308/1381 1504/1309/1382 1505/1310/1383
f 1505/1310/1383 1504/1309/1382 716/628/649
f 1506/1311/1381 1507/1312/1383 720/632/653
f 1506/1311/1381 720/632/653 1508/1313/1384
f 720/632/653 1507/1312/1383 721/633/654
f 720/632/653 1509/1314/1385 1508/1313/1384
f 720/632/653 719/631/652 723/635/656
f 1510/1315/1386 1511/1316/1387 1512/1317/1388
f 1513/1318/1389 1511/1316/1387 1510/1315/1386
f 1514/1319/1390 1513/1318/1389 1510/1315/1386
f 1513/1318/1389 1514/1319/1390 1515/1320/1391
f 1516/1321/1392 1514/1319/1390 1510/1315/1386
f 759/671/692 1517/1322/1393 742/654/675
f 759/671/692 742/654/675 1518/1323/1394
f 750/662/683 745/657/678 747/659/680
f 747/659/680 748/660/681 750/662/683
f 750/662/683 753/665/686 745/657/678
f 750/662/683 749/661/682 753/665/686
f 753/665/686 752/664/685 754/666/687
f 753/665/686 755/667/688 745/657/678
f 753/665/686 754/666/687 755/667/688
f 754/666/687 756/668/689 755/667/688
f 759/671/692 760/672/693 1519/1324/1395
f 766/678/699 765/677/698 762/674/695
f 767/679/700 766/678/699 1520/1325/1396
f 770/682/703 767/679/700 1520/1325/1396
f 1520/1325/1396 768/680/701 770/682/703
f 773/685/706 770/682/703 769/681/702
f 770/682/703 773/685/706 767/679/700
f 773/685/706 772/684/705 774/686/707
f 773/685/706 1521/1326/1397 767/679/700
f 773/685/706 774/686/707 1521/1326/1397
f 767/679/700 1521/1326/1397 765/677/698
f 774/686/707 776/688/709 1521/1326/1397
f 1521/1326/1397 775/687/708 765/677/698
f 1521/1326/1397 776/688/709 775/687/708
f 776/688/709 1522/795/1398 763/675/696
f 1522/795/1398 1523/1327/1399 763/675/696
f 781/693/714 784/696/717 1524/1328/1400
f 784/696/717 783/695/716 1525/1329/1401
f 796/708/729 792/704/725 793/705/726
f 796/708/729 793/705/726 797/709/730
f 798/710/731 794/706/727 800/712/733
f 796/708/729 800/712/733 792/704/725
f 798/710/731 800/712/733 796/708/729
f 800/712/733 799/711/732 792/704/725
f 799/711/732 794/706/727 792/704/725
f 1526/1330/1389 1527/1331/1402 1528/1332/1403
f 1529/1333/1404 1527/1331/1402 1530/1334/1405
f 1530/1334/1405 1527/1331/1402 1526/1330/1389
f 1531/1335/1391 1530/1334/1405 1526/1330/1389
f 1530/1334/1405 1531/1335/1391 1532/1336/1406
f 1531/1335/1391 1533/1337/1407 1532/1336/1406
f 1533/1337/1407 1534/1338/1408 1532/1336/1406
f 1534/1338/1408 1533/1337/1407 1535/1339/1409
f 1534/1338/1408 1535/1339/1409 1536/1340/1410
f 1530/1334/1405 1532/1336/1406 1537/1341/1411
f 1537/1341/1411 1529/1333/1404 1530/1334/1405
f 1537/1341/1411 1532/1336/1406 1534/1338/1408
f 1537/1341/1411 1538/1342/1412 1529/1333/1404
f 1538/1342/1412 1539/1343/1413 1529/1333/1404
f 1538/1342/1412 1540/1344/1414 1539/1343/1413
f 1541/1345/1415 1539/1343/1413 1540/1344/1414
f 1542/1346/1416 1541/1345/1415 1543/1347/1417
f 1541/1345/1415 1540/1344/1414 1543/1347/1417
f 1543/1347/1417 1540/1344/1414 1544/1348/1418
f 1540/1344/1414 1538/1342/1412 1544/1348/1418
f 1545/1349/1419 1538/1342/1412 1537/1341/1411
f 1534/1338/1408 1546/821/1420 1537/1341/1411
f 1546/821/1420 1545/1349/1419 1537/1341/1411
f 1545/1349/1419 1546/821/1420 1547/818/1421
f 1538/1342/1412 1545/1349/1419 1547/818/1421
f 1544/1348/1418 1538/1342/1412 1547/818/1421
f 1546/821/1420 1548/1350/1422 1547/818/1421
f 1544/1348/1418 1547/818/1421 1548/1350/1422
f 1546/821/1420 1534/1338/1408 1549/1351/1423
f 1546/821/1420 1549/1351/1423 1548/1350/1422
f 1544/1348/1418 1548/1350/1422 1550/822/1424
f 1550/822/1424 1548/1350/1422 1549/1351/1423
f 1551/1352/1425 1544/1348/1418 1550/822/1424
f 1543/1347/1417 1544/1348/1418 1551/1352/1425
f 1552/1353/1426 1542/1346/1416 1543/1347/1417
f 1552/1353/1426 1543/1347/1417 1551/1352/1425
f 1553/1354/1427 1516/1321/1392 1542/1346/1416
f 1553/1354/1427 1542/1346/1416 1552/1353/1426
f 1553/1354/1427 1552/1353/1426 1551/1352/1425
f 1554/1355/1428 1534/1338/1408 1536/1340/1410
f 1534/1338/1408 1554/1355/1428 1549/1351/1423
f 1554/1355/1428 1536/1340/1410 1555/1356/1429
f 1549/1351/1423 1554/1355/1428 1555/1356/1429
f 1536/1340/1410 1556/1357/1430 1555/1356/1429
f 1550/822/1424 1549/1351/1423 1557/1358/1431
f 1558/1359/1432 1551/1352/1425 1550/822/1424
f 1558/1359/1432 1550/822/1424 1559/1360/1433
f 1551/1352/1425 1558/1359/1432 1560/1361/1434
f 1560/1361/1434 1553/1354/1427 1551/1352/1425
f 1561/1362/1435 1562/1363/1436 1563/1364/1437
f 1564/1365/1438 1563/1364/1437 1565/1366/1439
f 1561/1362/1435 1563/1364/1437 1564/1365/1438
f 1566/1367/1440 1558/1359/1432 1567/1368/1441
f 1558/1359/1432 1566/1367/1440 1560/1361/1434
f 1553/1354/1427 1560/1361/1434 1568/1369/1442
f 1568/1369/1442 1560/1361/1434 1566/1367/1440
f 1569/1370/1443 1516/1321/1392 1553/1354/1427
f 1569/1370/1443 1514/1319/1390 1516/1321/1392
f 1569/1370/1443 1553/1354/1427 1568/1369/1442
f 1569/1370/1443 1568/1369/1442 1570/1371/1444
f 1569/1370/1443 1571/1372/1445 1514/1319/1390
f 1569/1370/1443 1570/1371/1444 1571/1372/1445
f 1571/1372/1445 1570/1371/1444 1515/1320/1391
f 1514/1319/1390 1571/1372/1445 1515/1320/1391
f 1570/1371/1444 1572/1373/1446 1515/1320/1391
f 1573/1374/1409 1572/1373/1446 1570/1371/1444
f 1574/1375/1410 1573/1374/1409 1570/1371/1444
f 1575/1376/1447 1574/1375/1410 1570/1371/1444
f 1566/1367/1440 1575/1376/1447 1568/1369/1442
f 1568/1369/1442 1575/1376/1447 1570/1371/1444
f 1575/1376/1447 1566/1367/1440 1576/1377/1448
f 1566/1367/1440 1577/1378/1449 1576/1377/1448
f 1578/1379/1450 1579/1380/1451 1580/1381/1452
f 1578/1379/1450 1581/1382/1453 1582/1383/1454
f 1581/1382/1453 1583/1384/1455 1582/1383/1454
f 1581/1382/1453 1578/1379/1450 1584/1385/1456
f 1584/1385/1456 1580/1381/1452 1563/1364/1437
f 1578/1379/1450 1580/1381/1452 1584/1385/1456
f 1581/1382/1453 1585/1386/1457 1583/1384/1455
f 1584/1385/1456 1586/1387/1458 1581/1382/1453
f 804/716/731 805/717/736 802/714/735
f 808/720/739 805/717/736 806/718/737
f 808/720/739 1587/1388/1459 1588/1389/1460
f 1589/1390/1461 822/734/680 1590/1391/679
f 1589/1390/1461 820/732/747 822/734/680
f 825/737/751 1589/1390/1461 818/730/746
f 1589/1390/1461 825/737/751 820/732/747
f 825/737/751 823/735/749 820/732/747
f 828/740/687 824/736/750 825/737/751
f 828/740/687 825/737/751 826/738/752
f 830/742/754 829/741/691 826/738/752
f 830/742/754 834/746/757 829/741/691
f 832/744/756 815/727/744 817/729/745
f 832/744/756 830/742/754 815/727/744
f 830/742/754 831/743/755 834/746/757
f 835/747/758 831/743/755 832/744/756
f 1591/1392/1462 835/747/758 832/744/756
f 1591/1392/1462 832/744/756 817/729/745
f 1591/1392/1462 817/729/745 1592/1393/1463
f 836/748/759 1593/1394/699 833/745/695
f 836/748/759 840/752/763 1593/1394/699
f 840/752/763 1594/1395/1464 1593/1394/699
f 1594/1395/1464 840/752/763 839/751/762
f 1591/1392/1462 1595/1396/1465 835/747/758
f 840/752/763 836/748/759 1596/1397/1466
f 835/747/758 1596/1397/1466 836/748/759
f 840/752/763 837/749/760 839/751/762
f 842/754/765 838/750/761 840/752/763
f 842/754/765 840/752/763 1596/1397/1466
f 1597/1398/1467 841/753/764 842/754/765
f 1597/1398/1467 842/754/765 1596/1397/1466
f 1598/1399/709 1597/1398/1467 1596/1397/1466
f 1596/1397/1466 835/747/758 1599/1400/1468
f 1598/1399/709 1596/1397/1466 1599/1400/1468
f 835/747/758 1600/1401/1399 1599/1400/1468
f 1601/1402/1469 1602/1403/1470 1603/1317/1471
f 1604/1404/1472 1605/1319/1473 1601/1402/1469
f 1605/1319/1473 1604/1404/1472 1606/1320/1474
f 1607/1321/1475 1608/1405/1476 1601/1402/1469
f 1605/1319/1473 1607/1321/1475 1601/1402/1469
f 865/671/787 1609/1406/1477 1610/1324/1478
f 1611/1407/1479 1612/658/1480 876/780/798
f 1613/662/1481 1611/1407/1479 876/780/798
f 1611/1407/1479 1613/662/1481 870/776/792
f 1613/662/1481 871/777/793 870/776/792
f 1613/662/1481 875/779/797 871/777/793
f 1613/662/1481 876/780/798 875/779/797
f 875/779/797 873/664/795 871/777/793
f 875/779/797 877/781/799 874/666/796
f 865/671/787 879/783/801 866/772/788
f 865/671/787 1614/1408/865 878/782/800
f 1615/1409/1482 1614/1408/865 865/671/787
f 1615/1409/1482 865/671/787 1610/1324/1478
f 1615/1409/1482 1610/1324/1478 880/784/802
f 1615/1409/1482 880/784/802 883/786/805
f 1616/678/1483 883/786/805 882/785/804
f 1616/678/1483 882/785/804 1617/1410/1484
f 1618/1325/1485 1616/678/1483 1617/1410/1484
f 887/790/809 1618/1325/1485 1617/1410/1484
f 1618/1325/1485 887/790/809 885/788/807
f 887/790/809 886/789/808 885/788/807
f 887/790/809 1617/1410/1484 888/791/810
f 1619/1411/1486 884/787/806 889/792/811
f 888/791/810 1619/1411/1486 889/792/811
f 1617/1410/1484 892/794/814 888/791/810
f 888/791/810 892/794/814 1619/1411/1486
f 892/794/814 1617/1410/1484 882/785/804
f 892/794/814 891/793/813 1619/1411/1486
f 891/793/813 892/794/814 890/687/812
f 895/797/817 893/795/815 881/675/803
f 895/797/817 1620/1412/1487 1621/1413/1488
f 904/804/826 1622/1414/1489 1623/1328/1490
f 904/804/826 1624/1415/1491 905/805/827
f 1624/1415/1491 904/804/826 1623/1328/1490
f 1625/1330/1472 1626/1416/1492 1627/1417/1493
f 915/814/837 1628/705/1494 909/809/831
f 916/815/838 913/812/835 915/814/837
f 915/814/837 909/809/831 917/816/839
f 917/816/839 916/815/838 915/814/837
f 918/817/840 912/811/834 917/816/839
f 1629/1418/1495 1630/1419/1496 1607/1321/1475
f 1631/1345/1497 1632/1420/1498 1629/1418/1495
f 1633/1343/1499 1634/1421/1500 1631/1345/1497
f 1635/1333/1501 1636/1422/1502 1633/1343/1499
f 1637/1331/1503 1627/1417/1493 1635/1333/1501
f 1637/1331/1503 1625/1330/1472 1627/1417/1493
f 1637/1331/1503 1638/1334/1504 1625/1330/1472
f 1637/1331/1503 1635/1333/1501 1638/1334/1504
f 1638/1334/1504 1639/1335/1474 1625/1330/1472
f 1639/1335/1474 1638/1334/1504 1640/1336/1505
f 1641/1337/1506 1639/1335/1474 1640/1336/1505
f 1642/1423/1507 1641/1337/1506 1640/1336/1505
f 1641/1337/1506 1642/1423/1507 1643/1339/1508
f 1643/1339/1508 1642/1423/1507 1644/1340/1509
f 1640/1336/1505 1638/1334/1504 1645/1341/1510
f 1640/1336/1505 1645/1341/1510 1642/1423/1507
f 1635/1333/1501 1645/1341/1510 1638/1334/1504
f 1646/1342/1511 1645/1341/1510 1635/1333/1501
f 1633/1343/1499 1646/1342/1511 1635/1333/1501
f 1647/1424/1512 1646/1342/1511 1633/1343/1499
f 1633/1343/1499 1631/1345/1497 1647/1424/1512
f 1631/1345/1497 1629/1418/1495 1648/1425/1513
f 1647/1424/1512 1631/1345/1497 1648/1425/1513
f 1647/1424/1512 1648/1425/1513 920/819/842
f 1646/1342/1511 1647/1424/1512 920/819/842
f 1646/1342/1511 1649/1426/1514 1645/1341/1510
f 922/821/844 1642/1423/1507 1645/1341/1510
f 1649/1426/1514 922/821/844 1645/1341/1510
f 1649/1426/1514 1646/1342/1511 919/818/841
f 1646/1342/1511 920/819/842 919/818/841
f 922/821/844 1649/1426/1514 919/818/841
f 1642/1423/1507 922/821/844 924/823/846
f 924/823/846 922/821/844 921/820/843
f 920/819/842 1650/1352/1515 923/822/845
f 1650/1352/1515 920/819/842 1648/1425/1513
f 1651/1427/1516 1650/1352/1515 1648/1425/1513
f 1629/1418/1495 1651/1427/1516 1648/1425/1513
f 1651/1427/1516 1652/1428/1517 1650/1352/1515
f 1607/1321/1475 1652/1428/1517 1629/1418/1495
f 1629/1418/1495 1652/1428/1517 1651/1427/1516
f 1642/1423/1507 1653/1355/1518 1644/1340/1509
f 1653/1355/1518 1642/1423/1507 924/823/846
f 1653/1355/1518 1654/1429/1519 1644/1340/1509
f 923/822/845 1655/1359/1520 1656/1430/1521
f 1650/1352/1515 1655/1359/1520 923/822/845
f 1652/1428/1517 1657/1431/1522 1650/1352/1515
f 1655/1359/1520 1650/1352/1515 1657/1431/1522
f 1658/1432/1523 1659/1433/1524 1660/1365/1525
f 1658/1432/1523 1661/1363/1526 1662/1434/1527
f 1663/1435/1528 1658/1432/1523 1660/1365/1525
f 1663/1435/1528 1660/1365/1525 1664/1366/1529
f 1655/1359/1520 1665/1368/1530 1656/1430/1521
f 1666/1436/1531 1655/1359/1520 1657/1431/1522
f 1657/1431/1522 1652/1428/1517 1667/1437/1532
f 1657/1431/1522 1667/1437/1532 1666/1436/1531
f 1668/1381/1533 1663/1435/1528 1664/1366/1529
f 1607/1321/1475 1669/1438/1534 1652/1428/1517
f 1652/1428/1517 1669/1438/1534 1667/1437/1532
f 1605/1319/1473 1669/1438/1534 1607/1321/1475
f 1667/1437/1532 1669/1438/1534 1670/1371/1535
f 1671/1439/1536 1669/1438/1534 1605/1319/1473
f 1671/1439/1536 1605/1319/1473 1606/1320/1474
f 1670/1371/1535 1669/1438/1534 1671/1439/1536
f 1670/1371/1535 1671/1439/1536 1606/1320/1474
f 1672/1440/1537 1670/1371/1535 1606/1320/1474
f 1672/1440/1537 1673/1441/1538 1670/1371/1535
f 1673/1441/1538 1674/1375/1509 1670/1371/1535
f 1675/1442/1539 1667/1437/1532 1670/1371/1535
f 1674/1375/1509 1675/1442/1539 1670/1371/1535
f 1675/1442/1539 1666/1436/1531 1667/1437/1532
f 1674/1375/1509 1676/1443/1540 1675/1442/1539
f 1675/1442/1539 1677/1444/1541 1666/1436/1531
f 1678/1379/1542 1679/1445/1543 1680/1446/1544
f 1678/1379/1542 1680/1446/1544 1681/1382/1545
f 1668/1381/1533 1682/1447/1546 1663/1435/1528
f 1678/1379/1542 1681/1382/1545 1682/1447/1546
f 1668/1381/1533 1678/1379/1542 1682/1447/1546
f 1681/1382/1545 1683/1384/1547 1684/1448/1548
f 1663/1435/1528 1685/1449/1549 1661/1363/1526
f 1682/1447/1546 1685/1449/1549 1663/1435/1528
f 1682/1447/1546 1681/1382/1545 1686/1450/1550
f 1681/1382/1545 1684/1448/1548 1686/1450/1550
f 928/825/849 929/826/850 932/718/835
f 931/828/852 1687/1451/1551 932/718/835
f 1688/1390/1552 946/730/863 1689/1391/1480
f 1690/1452/1479 1688/1390/1552 1689/1391/1480
f 1688/1390/1552 1690/1452/1479 941/732/858
f 1690/1452/1479 942/733/859 941/732/858
f 1688/1390/1552 944/737/861 946/730/863
f 944/737/861 1688/1390/1552 941/732/858
f 944/737/861 943/735/860 945/832/862
f 1691/740/796 944/737/861 945/832/862
f 944/737/861 1691/740/796 947/833/864
f 944/737/861 947/833/864 946/730/863
f 1691/740/796 948/834/800 947/833/864
f 950/742/866 938/727/856 947/833/864
f 954/746/870 950/742/866 949/741/865
f 950/742/866 951/835/867 938/727/856
f 950/742/866 953/836/869 951/835/867
f 954/746/870 1692/1453/805 953/836/869
f 951/835/867 1693/1392/1553 952/729/868
f 1693/1392/1553 1694/1454/1554 952/729/868
f 955/747/871 1693/1392/1553 951/835/867
f 956/837/872 953/836/869 1692/1453/805
f 1695/1455/1483 956/837/872 1692/1453/805
f 958/839/874 956/837/872 1695/1455/1483
f 1696/1395/1555 958/839/874 1695/1455/1483
f 958/839/874 1696/1395/1555 959/840/875
f 956/837/872 1697/1456/1556 955/747/871
f 1697/1456/1556 956/837/872 958/839/874
f 958/839/874 957/838/873 960/750/876
f 1698/754/1557 958/839/874 960/750/876
f 1698/754/1557 1697/1456/1556 958/839/874
f 1698/754/1557 960/750/876 961/841/877
f 1699/1457/1486 1698/754/1557 961/841/877
f 1698/754/1557 1699/1457/1486 1697/1456/1556
f 1699/1457/1486 1700/1458/813 1697/1456/1556
f 1697/1456/1556 1700/1458/813 1701/1400/815
f 955/747/871 1697/1456/1556 1701/1400/815
f 1702/1401/817 955/747/871 1701/1400/815
f 1702/1401/817 1703/1459/1558 955/747/871
f 1702/1401/817 1704/1460/1559 1703/1459/1558
f 993/871/908 990/868/905 982/860/897
f 993/871/908 989/867/904 990/868/905
f 993/871/908 999/877/914 991/869/906
f 1034/908/949 1033/865/948 1021/897/936
f 1020/896/935 1035/867/950 1024/899/939
f 1034/908/949 1037/910/952 1036/909/951
f 1028/903/943 1040/913/955 1042/915/957
f 1705/1461/1560 1706/1462/1561 1707/1463/1562
f 1706/1462/1561 1708/1464/1563 1707/1463/1562
f 1707/1463/1562 1708/1464/1563 1709/1465/1564
f 1708/1464/1563 1706/1462/1561 1710/1466/1565
f 1709/1465/1564 1708/1464/1563 1056/926/971
f 1711/1467/1566 1709/1465/1564 1056/926/971
f 1708/1464/1563 1057/927/972 1056/926/971
f 1057/927/972 1708/1464/1563 1710/1466/1565
f 1710/1466/1565 1712/1468/1567 1057/927/972
f 1712/1468/1567 1059/929/974 1057/927/972
f 1712/1468/1567 1713/1117/1568 1059/929/974
f 1714/1119/1569 1711/1467/1566 1056/926/971
f 1069/938/984 1711/1467/1566 1714/1119/1569
f 1713/1117/1568 1061/930/976 1059/929/974
f 1713/1117/1568 1064/933/979 1061/930/976
f 1060/208/975 1714/1119/1569 1056/926/971
f 1064/933/979 1063/932/978 1061/930/976
f 1060/208/975 1058/928/973 2/2/2
f 1715/1469/1570 1069/938/984 1714/1119/1569
f 1715/1469/1570 1067/936/982 1069/938/984
f 1714/1119/1569 1060/208/975 5/5/5
f 1715/1469/1570 1714/1119/1569 5/5/5
f 1715/1469/1570 5/5/5 1067/936/982
f 1060/208/975 2/2/2 1/1/1
f 5/5/5 1060/208/975 1/1/1
f 3/3/3 2/2/2 1066/935/981
f 1073/942/988 1063/932/978 1065/934/980
f 1073/942/988 1071/940/986 1063/932/978
f 1073/942/988 1065/934/980 1074/943/989
f 1065/934/980 1716/1470/1571 1074/943/989
f 1076/945/991 1074/943/989 1716/1470/1571
f 1717/1471/1572 1076/945/991 1716/1470/1571
f 1076/945/991 1717/1471/1572 1718/1472/1573
f 1717/1471/1572 1719/1473/1574 1718/1472/1573
f 1718/1472/1573 1719/1473/1574 1720/1474/1575
f 1721/1475/1562 1718/1472/1573 1720/1474/1575
f 1721/1475/1562 1722/1476/1576 1718/1472/1573
f 1077/946/992 1718/1472/1573 1722/1476/1576
f 1718/1472/1573 1077/946/992 1076/945/991
f 1077/946/992 1075/944/990 1076/945/991
f 1078/947/993 1072/941/987 1075/944/990
f 1077/946/992 1722/1476/1576 1723/1477/1577
f 1077/946/992 1723/1477/1577 1078/947/993
f 1722/1476/1576 1724/1478/1566 1723/1477/1577
f 3/3/3 1072/941/987 1080/949/995
f 1080/949/995 1072/941/987 1078/947/993
f 1078/947/993 1723/1477/1577 1725/1479/1578
f 1725/1479/1578 1080/949/995 1078/947/993
f 1723/1477/1577 1726/1480/1579 1725/1479/1578
f 1723/1477/1577 1724/1478/1566 1726/1480/1579
f 1724/1478/1566 1727/1481/984 1726/1480/1579
f 1726/1480/1579 1727/1481/984 1081/950/983
f 1079/948/994 1/1/1 3/3/3
f 1079/948/994 3/3/3 1080/949/995
f 1079/948/994 7/7/7 1/1/1
f 1085/954/998 7/7/7 1080/949/995
f 1080/949/995 1725/1479/1578 1085/954/998
f 1725/1479/1578 1088/957/1001 1085/954/998
f 1088/957/1001 1725/1479/1578 1726/1480/1579
f 1728/1482/1580 1088/957/1001 1726/1480/1579
f 1728/1482/1580 1726/1480/1579 1081/950/983
f 1728/1482/1580 1081/950/983 1083/952/996
f 1088/957/1001 1728/1482/1580 1083/952/996
f 5/5/5 6/6/6 1067/936/982
f 1085/954/998 1094/963/1007 1086/955/999
f 1085/954/998 1088/957/1001 1094/963/1007
f 1088/957/1001 1087/956/1000 1094/963/1007
f 30/30/30 23/23/23 14/14/14
f 30/30/30 14/14/14 27/27/27
f 30/30/30 1118/987/1029 29/29/29
f 1137/1004/1043 1133/1000/1040 1134/1001/1031
f 1135/1002/1041 1139/1006/1045 1131/998/1038
f 1137/1004/1043 1729/1483/1581 1133/1000/1040
f 1729/1483/1581 1135/1002/1041 1133/1000/1040
f 74/74/73 1136/1003/1042 1730/227/1582
f 1729/1483/1581 1731/1484/1583 1135/1002/1041
f 1731/1484/1583 1139/1006/1045 1135/1002/1041
f 1732/1485/1584 1132/999/1039 1139/1006/1045
f 1732/1485/1584 1139/1006/1045 1731/1484/1583
f 1148/1015/1053 1732/1485/1584 1731/1484/1583
f 1732/1485/1584 1143/1010/1049 1132/999/1039
f 1732/1485/1584 1148/1015/1053 1143/1010/1049
f 1143/1010/1049 1138/1005/1044 1132/999/1039
f 1137/1004/1043 74/74/73 73/73/72
f 1729/1483/1581 1137/1004/1043 73/73/72
f 1141/1008/1047 1148/1015/1053 1731/1484/1583
f 73/73/72 1141/1008/1047 1729/1483/1581
f 1141/1008/1047 1731/1484/1583 1729/1483/1581
f 1148/1015/1053 1141/1008/1047 70/70/69
f 47/47/46 1145/1012/1051 1142/1009/1048
f 39/39/38 1147/1014/1042 42/42/41
f 44/44/43 1145/1012/1051 47/47/46
f 44/44/43 1146/1013/1052 1145/1012/1051
f 47/47/46 1143/1010/1049 49/49/48
f 1148/1015/1053 49/49/48 1143/1010/1049
f 39/39/38 42/42/41 40/40/39
f 44/44/43 46/46/45 43/43/42
f 47/47/46 49/49/48 46/46/45
f 51/51/50 45/45/44 46/46/45
f 49/49/48 48/48/47 46/46/45
f 73/73/72 72/72/71 71/71/70
f 78/78/77 74/74/73 1730/227/1582
f 78/78/77 72/72/71 74/74/73
f 1730/227/1582 79/79/37 78/78/77
f 1733/1486/1585 1734/1487/1586 1735/1488/1587
f 1734/1487/1586 1736/1489/1574 1735/1488/1587
f 1735/1488/1587 1736/1489/1574 1737/1490/1588
f 1736/1489/1574 1738/1491/1589 1737/1490/1588
f 1738/1491/1589 1736/1489/1574 1739/1492/1590
f 1737/1490/1588 1738/1491/1589 1740/1493/1591
f 1740/1493/1591 1738/1491/1589 1739/1492/1590
f 1741/1494/1592 1737/1490/1588 1740/1493/1591
f 1739/1492/1590 1742/1495/1571 1740/1493/1591
f 1741/1494/1592 1740/1493/1591 1743/1496/1593
f 1742/1495/1571 1743/1496/1593 1740/1493/1591
f 1744/1497/1594 1745/1498/1595 1746/1499/1596
f 1744/1497/1594 1747/1500/1597 1745/1498/1595
f 1748/1501/1598 1749/1502/1599 1750/1503/1600
f 1750/1503/1600 1751/1504/1601 1748/1501/1598
f 1751/1504/1601 1752/1505/1602 1748/1501/1598
f 1752/1505/1602 1751/1504/1601 1753/1506/1603
f 1753/1506/1603 1751/1504/1601 1155/1021/1060
f 1751/1504/1601 1754/1507/1604 1155/1021/1060
f 1754/1507/1604 1751/1504/1601 1750/1503/1600
f 1755/1508/1605 1752/1505/1602 1753/1506/1603
f 1753/1506/1603 1152/1018/1057 1755/1508/1605
f 1753/1506/1603 1155/1021/1060 1152/1018/1057
f 1152/1018/1057 1151/1017/1056 1755/1508/1605
f 1154/1020/1059 1150/1016/1055 1152/1018/1057
f 1155/1021/1060 1154/1020/1059 1152/1018/1057
f 1159/1025/1064 1153/1019/1058 1155/1021/1060
f 1159/1025/1064 1160/1026/1065 1157/1023/1062
f 1159/1025/1064 1155/1021/1060 1165/1031/1070
f 1159/1025/1064 1165/1031/1070 1161/1027/1066
f 1163/1029/1068 83/83/81 85/85/83
f 1756/1509/1606 83/83/81 1163/1029/1068
f 1155/1021/1060 1757/1510/1607 1165/1031/1070
f 1754/1507/1604 1757/1510/1607 1155/1021/1060
f 1165/1031/1070 1757/1510/1607 1167/1033/1072
f 1165/1031/1070 1167/1033/1072 1164/1030/1069
f 1758/1511/1608 1756/1509/1606 1163/1029/1068
f 1163/1029/1068 1166/1032/1071 1758/1511/1608
f 1756/1509/1606 1758/1511/1608 1759/1512/1609
f 87/87/85 1166/1032/1071 1162/1028/1067
f 1164/1030/1069 88/88/86 1162/1028/1067
f 1164/1030/1069 1167/1033/1072 90/90/88
f 1167/1033/1072 94/94/92 93/93/91
f 1760/1513/1610 1761/1514/1611 87/87/85
f 1762/1515/1612 1761/1514/1611 1760/1513/1610
f 1760/1513/1610 87/87/85 1763/255/1613
f 87/87/85 86/86/84 1763/255/1613
f 1763/255/1613 1764/1516/1614 1760/1513/1610
f 1763/255/1613 86/86/84 91/91/89
f 1763/255/1613 91/91/89 1764/1516/1614
f 91/91/89 89/89/87 95/95/93
f 1168/1034/1073 91/91/89 95/95/93
f 91/91/89 1168/1034/1073 1765/1517/1615
f 1766/1518/1616 1765/1517/1615 1168/1034/1073
f 98/98/96 92/92/90 94/94/92
f 98/98/96 94/94/92 1767/1519/1617
f 1767/1519/1617 94/94/92 1754/1507/1604
f 1767/1519/1617 1754/1507/1604 1768/1520/1618
f 1768/1520/1618 1754/1507/1604 1750/1503/1600
f 1769/1521/1619 1770/1522/1620 1771/1523/1621
f 1769/1521/1619 1772/1524/1622 1773/1525/1623
f 1774/1526/1624 1772/1524/1622 113/113/111
f 1774/1526/1624 113/113/111 1775/1527/1625
f 1769/1521/1619 1771/1523/1621 1776/1528/1626
f 113/113/111 1769/1521/1619 1776/1528/1626
f 1750/1503/1600 1747/1500/1597 1777/1529/1627
f 1768/1520/1618 1750/1503/1600 1777/1529/1627
f 1778/1530/1628 1747/1500/1597 1744/1497/1594
f 1744/1497/1594 1743/1496/1593 1779/1531/1629
f 1779/1531/1629 1778/1530/1628 1744/1497/1594
f 1777/1529/1627 1778/1530/1628 1780/1532/1630
f 1778/1530/1628 1779/1531/1629 1780/1532/1630
f 1781/1533/1631 1777/1529/1627 1780/1532/1630
f 1781/1533/1631 1768/1520/1618 1777/1529/1627
f 1782/1534/1632 1743/1496/1593 1742/1495/1571
f 1783/1535/1633 1767/1519/1617 1768/1520/1618
f 1768/1520/1618 1781/1533/1631 1783/1535/1633
f 1779/1531/1629 1782/1534/1632 1784/1536/1634
f 1779/1531/1629 1784/1536/1634 1780/1532/1630
f 1782/1534/1632 1785/1537/1635 1784/1536/1634
f 1782/1534/1632 1742/1495/1571 1785/1537/1635
f 1742/1495/1571 1786/1538/980 1785/1537/1635
f 1787/1539/1636 1781/1533/1631 1780/1532/1630
f 1781/1533/1631 1787/1539/1636 1783/1535/1633
f 1788/1540/1637 98/98/96 1767/1519/1617
f 1767/1519/1617 1783/1535/1633 1788/1540/1637
f 1780/1532/1630 1784/1536/1634 1789/1541/1638
f 1785/1537/1635 1786/1538/980 1790/1542/1639
f 1786/1538/980 1791/1543/979 1790/1542/1639
f 1792/1544/1640 1784/1536/1634 1785/1537/1635
f 1784/1536/1634 1792/1544/1640 1789/1541/1638
f 1790/1542/1639 1792/1544/1640 1785/1537/1635
f 1783/1535/1633 1793/1545/1641 1788/1540/1637
f 1783/1535/1633 1787/1539/1636 1793/1545/1641
f 98/98/96 1794/1546/1642 96/96/94
f 1787/1539/1636 1795/1547/1643 1793/1545/1641
f 1795/1547/1643 1787/1539/1636 1789/1541/1638
f 1796/1548/1644 1795/1547/1643 1789/1541/1638
f 1796/1548/1644 1789/1541/1638 1792/1544/1640
f 1797/1549/1645 1796/1548/1644 1792/1544/1640
f 1797/1549/1645 1792/1544/1640 1790/1542/1639
f 1798/1550/1646 1794/1546/1642 1788/1540/1637
f 1788/1540/1637 1793/1545/1641 1798/1550/1646
f 108/108/106 99/99/97 96/96/94
f 1793/1545/1641 1799/1551/1647 1798/1550/1646
f 1793/1545/1641 1795/1547/1643 1799/1551/1647
f 1800/1552/1648 1795/1547/1643 1796/1548/1644
f 1795/1547/1643 1800/1552/1648 1799/1551/1647
f 1798/1550/1646 104/104/102 1794/1546/1642
f 104/104/102 108/108/106 1794/1546/1642
f 1801/1553/1649 1800/1552/1648 1796/1548/1644
f 1801/1553/1649 1796/1548/1644 1797/1549/1645
f 1802/1554/1650 1790/1542/1639 1791/1543/979
f 1802/1554/1650 1797/1549/1645 1790/1542/1639
f 1800/1552/1648 1801/1553/1649 1803/1555/1651
f 1800/1552/1648 1803/1555/1651 1799/1551/1647
f 1804/1556/1652 104/104/102 1798/1550/1646
f 1799/1551/1647 1804/1556/1652 1798/1550/1646
f 1797/1549/1645 1802/1554/1650 1805/1557/1653
f 1805/1557/1653 1801/1553/1649 1797/1549/1645
f 1803/1555/1651 1806/1558/1654 1799/1551/1647
f 1799/1551/1647 1806/1558/1654 1804/1556/1652
f 104/104/102 1804/1556/1652 105/105/103
f 1806/1558/1654 105/105/103 1804/1556/1652
f 104/104/102 103/103/101 108/108/106
f 1801/1553/1649 1807/1559/1655 1803/1555/1651
f 1807/1559/1655 1801/1553/1649 1805/1557/1653
f 1803/1555/1651 1807/1559/1655 1808/1560/1656
f 1803/1555/1651 1808/1560/1656 1806/1558/1654
f 105/105/103 1806/1558/1654 1809/1561/1657
f 1810/271/303 105/105/103 1809/1561/1657
f 1810/271/303 106/106/104 105/105/103
f 1807/1559/1655 1811/1562/1658 1808/1560/1656
f 108/108/106 107/107/105 99/99/97
f 1812/1563/1659 1807/1559/1655 1805/1557/1653
f 1807/1559/1655 1812/1563/1659 1811/1562/1658
f 1812/1563/1659 1813/1564/1660 1811/1562/1658
f 1814/1565/1661 1776/1528/1626 110/110/108
f 1814/1565/1661 1815/1566/306 113/113/111
f 1815/1566/306 111/111/109 113/113/111
f 113/113/111 112/112/110 1775/1527/1625
f 1816/1567/1662 112/112/110 114/114/112
f 1775/1527/1625 112/112/110 1816/1567/1662
f 1817/1568/1663 1775/1527/1625 1816/1567/1662
f 1816/1567/1662 1818/1569/1664 1817/1568/1663
f 1818/1569/1664 1816/1567/1662 114/114/112
f 1819/1570/1665 1818/1569/1664 114/114/112
f 1818/1569/1664 1820/1571/1666 1817/1568/1663
f 1821/1572/1667 1818/1569/1664 1819/1570/1665
f 1818/1569/1664 1821/1572/1667 1820/1571/1666
f 1822/1573/1668 1821/1572/1667 1819/1570/1665
f 1821/1572/1667 1823/1574/1669 1820/1571/1666
f 1824/1575/1585 1825/1576/1670 1826/1577/1586
f 1825/1576/1670 1827/1578/1671 1826/1577/1586
f 1826/1577/1586 1827/1578/1671 1828/1579/1672
f 1825/1576/1670 1829/1580/1673 1827/1578/1671
f 1828/1579/1672 1827/1578/1671 1830/1581/1565
f 1827/1578/1671 1831/1582/1674 1830/1581/1565
f 1829/1580/1673 1831/1582/1674 1827/1578/1671
f 1829/1580/1673 1832/1583/1675 1831/1582/1674
f 1831/1582/1674 1833/1584/1676 1830/1581/1565
f 1833/1584/1676 1834/1585/1567 1830/1581/1565
f 1831/1582/1674 1835/1586/1677 1833/1584/1676
f 1832/1583/1675 1835/1586/1677 1831/1582/1674
f 1835/1586/1677 1832/1583/1675 1836/1587/1678
f 1837/1588/1679 1802/1554/1650 1791/1543/979
f 1833/1584/1676 1837/1588/1679 1834/1585/1567
f 1837/1588/1679 1838/1589/1680 1834/1585/1567
f 1837/1588/1679 1791/1543/979 1838/1589/1680
f 1837/1588/1679 1839/1590/1681 1802/1554/1650
f 1835/1586/1677 1839/1590/1681 1833/1584/1676
f 1833/1584/1676 1839/1590/1681 1837/1588/1679
f 1840/1591/1682 1835/1586/1677 1836/1587/1678
f 1840/1591/1682 1836/1587/1678 1813/1564/1660
f 1812/1563/1659 1840/1591/1682 1813/1564/1660
f 1835/1586/1677 1840/1591/1682 1839/1590/1681
f 1841/1592/1683 1840/1591/1682 1812/1563/1659
f 1802/1554/1650 1841/1592/1683 1805/1557/1653
f 1805/1557/1653 1841/1592/1683 1812/1563/1659
f 1840/1591/1682 1841/1592/1683 1839/1590/1681
f 1841/1592/1683 1802/1554/1650 1839/1590/1681
f 117/117/115 1842/1593/1684 1843/1594/1685
f 1844/1595/1686 117/117/115 1843/1594/1685
f 1845/1596/1687 1846/1597/1688 117/117/115
f 1845/1596/1687 117/117/115 118/118/81
f 1844/1595/1686 115/115/113 117/117/115
f 117/117/115 116/116/114 118/118/81
f 126/126/121 1179/1045/1084 124/124/119
f 126/126/121 1177/1043/1082 1179/1045/1084
f 1847/1598/1666 1848/1599/1669 1849/1600/1689
f 1849/1600/1689 1850/1601/1690 1851/1602/1691
f 1847/1598/1666 1851/1602/1691 1852/1603/1663
f 1850/1601/1690 1853/1604/1692 1851/1602/1691
f 1853/1604/1692 1850/1601/1690 1854/1605/1693
f 1855/1606/1694 1851/1602/1691 1853/1604/1692
f 1852/1603/1663 1855/1606/1694 1856/1607/1695
f 1857/1608/1696 1853/1604/1692 1854/1605/1693
f 1854/1605/1693 1858/1609/1697 1857/1608/1696
f 1855/1606/1694 1859/1610/1698 1856/1607/1695
f 1856/1607/1695 1859/1610/1698 1860/1611/1699
f 1861/1612/1700 1853/1604/1692 1857/1608/1696
f 1859/1610/1698 1855/1606/1694 1861/1612/1700
f 1861/1612/1700 1855/1606/1694 1853/1604/1692
f 1859/1610/1698 1862/1613/1701 1860/1611/1699
f 1863/1614/1702 1859/1610/1698 1861/1612/1700
f 1862/1613/1701 1859/1610/1698 1863/1614/1702
f 1864/1615/1703 1863/1614/1702 1861/1612/1700
f 1864/1615/1703 1861/1612/1700 1857/1608/1696
f 1858/1609/1697 1865/1616/1704 1857/1608/1696
f 1857/1608/1696 1865/1616/1704 1864/1615/1703
f 1866/1617/1705 1867/1618/1622 1862/1613/1701
f 1866/1617/1705 1868/1619/1706 1869/1620/1623
f 1870/1621/1707 1862/1613/1701 1863/1614/1702
f 1862/1613/1701 1870/1621/1707 1866/1617/1705
f 1871/1622/1708 1866/1617/1705 1870/1621/1707
f 1863/1614/1702 1864/1615/1703 1872/1623/1709
f 1865/1616/1704 1872/1623/1709 1864/1615/1703
f 1865/1616/1704 1858/1609/1697 1873/1624/1710
f 1858/1609/1697 1874/1625/1270 1873/1624/1710
f 1875/1626/1711 1871/1622/1708 1870/1621/1707
f 1875/1626/1711 1876/1627/1712 1871/1622/1708
f 1863/1614/1702 1877/1628/1713 1870/1621/1707
f 1877/1628/1713 1863/1614/1702 1872/1623/1709
f 1865/1616/1704 1873/1624/1710 1878/1629/1714
f 1872/1623/1709 1865/1616/1704 1878/1629/1714
f 1879/1630/1715 1873/1624/1710 1874/1625/1270
f 1880/1631/1279 1879/1630/1715 1874/1625/1270
f 1870/1621/1707 1881/1632/1716 1875/1626/1711
f 1877/1628/1713 1881/1632/1716 1870/1621/1707
f 1878/1629/1714 1882/1633/1717 1872/1623/1709
f 1882/1633/1717 1877/1628/1713 1872/1623/1709
f 1879/1630/1715 1883/1634/1718 1873/1624/1710
f 1883/1634/1718 1878/1629/1714 1873/1624/1710
f 1882/1633/1717 1878/1629/1714 1883/1634/1718
f 1879/1630/1715 1880/1631/1279 1884/1635/1719
f 1880/1631/1279 1885/1636/1284 1884/1635/1719
f 1877/1628/1713 1882/1633/1717 1886/1637/1720
f 1887/1638/1721 1888/1639/1722 1881/1632/1716
f 1887/1638/1721 1889/1640/1723 1888/1639/1722
f 1886/1637/1720 1887/1638/1721 1881/1632/1716
f 1887/1638/1721 1890/1641/1724 1889/1640/1723
f 1890/1641/1724 1887/1638/1721 1886/1637/1720
f 1890/1641/1724 1891/1642/1725 1889/1640/1723
f 1892/1643/1726 1891/1642/1725 1893/1644/1727
f 1894/1645/1728 1890/1641/1724 1886/1637/1720
f 1890/1641/1724 1894/1645/1728 1895/1646/1729
f 1896/1647/1730 1886/1637/1720 1882/1633/1717
f 1886/1637/1720 1896/1647/1730 1894/1645/1728
f 1897/1648/1731 1898/1649/1732 1896/1647/1730
f 1899/1650/1733 1896/1647/1730 1882/1633/1717
f 1899/1650/1733 1882/1633/1717 1883/1634/1718
f 1896/1647/1730 1899/1650/1733 1897/1648/1731
f 1899/1650/1733 1900/1651/1734 1897/1648/1731
f 1901/1652/1735 1883/1634/1718 1879/1630/1715
f 1901/1652/1735 1899/1650/1733 1883/1634/1718
f 1899/1650/1733 1901/1652/1735 1900/1651/1734
f 1901/1652/1735 1884/1635/1719 1902/1653/1736
f 1901/1652/1735 1902/1653/1736 1900/1651/1734
f 1903/1654/1737 1884/1635/1719 1885/1636/1284
f 1904/1655/1738 1903/1654/1737 1885/1636/1284
f 1905/1656/1697 1906/1657/1739 1182/1048/1087
f 1906/1657/1739 1185/1051/1090 1182/1048/1087
f 1185/1051/1090 1180/1046/1085 1182/1048/1087
f 1185/1051/1090 1906/1657/1739 1186/1052/1091
f 139/139/133 132/132/126 1183/1049/1088
f 1906/1657/1739 1907/1192/1740 1186/1052/1091
f 1906/1657/1739 1908/1202/1690 1907/1192/1740
f 139/139/133 1184/1050/1089 1187/1053/1092
f 139/139/133 138/138/132 132/132/126
f 1909/1658/1741 1187/1053/1092 1186/1052/1091
f 1907/1192/1740 1909/1658/1741 1186/1052/1091
f 1187/1053/1092 140/140/134 139/139/133
f 1187/1053/1092 1909/1658/1741 1189/1055/1094
f 1189/1055/1094 1909/1658/1741 1196/1062/1101
f 1189/1055/1094 1196/1062/1101 1192/1058/1097
f 1909/1658/1741 1910/1659/1742 1196/1062/1101
f 1910/1659/1742 1909/1658/1741 1907/1192/1740
f 1195/1061/1100 1910/1659/1742 1907/1192/1740
f 1908/1202/1690 1195/1061/1100 1907/1192/1740
f 1908/1202/1690 1193/1059/1098 1195/1061/1100
f 1908/1202/1690 1911/1660/1689 1193/1059/1098
f 1195/1061/1100 1194/1060/1099 1910/1659/1742
f 1910/1659/1742 1198/1064/1103 1196/1062/1101
f 1194/1060/1099 1198/1064/1103 1910/1659/1742
f 1198/1064/1103 1197/1063/1102 1196/1062/1101
f 1198/1064/1103 1194/1060/1099 1199/1065/1104
f 1200/1066/1105 1193/1059/1098 1911/1660/1689
f 1200/1066/1105 1911/1660/1689 1912/1661/1669
f 1200/1066/1105 1912/1661/1669 1913/1662/1743
f 1913/1662/1743 1204/1070/1109 1200/1066/1105
f 1913/1662/1743 1202/1068/1107 1204/1070/1109
f 1194/1060/1099 1208/1074/1113 1199/1065/1104
f 1194/1060/1099 1193/1059/1098 1208/1074/1113
f 1204/1070/1109 1201/1067/1106 1200/1066/1105
f 1204/1070/1109 1205/1071/1110 1201/1067/1106
f 1207/1073/1112 1193/1059/1098 1201/1067/1106
f 1205/1071/1110 1209/1075/1114 1201/1067/1106
f 1207/1073/1112 1201/1067/1106 1209/1075/1114
f 174/174/168 176/176/170 1205/1071/1110
f 1205/1071/1110 176/176/170 1199/1065/1104
f 179/179/173 178/178/172 182/182/176
f 1215/1081/1120 1212/1078/1117 1213/1079/1118
f 1215/1081/1120 1214/1080/1119 1217/1083/1122
f 1217/1083/1122 1216/1082/1121 1218/1084/1123
f 1216/1082/1121 1219/1085/1124 1218/1084/1123
f 1217/1083/1122 1221/1087/1126 1215/1081/1120
f 1221/1087/1126 1222/1088/1127 1215/1081/1120
f 1221/1087/1126 1226/1092/1131 1222/1088/1127
f 1221/1087/1126 1223/1089/1128 1226/1092/1131
f 1192/1058/1097 1230/1096/1135 1227/1093/1132
f 1230/1096/1135 1192/1058/1097 179/179/173
f 1914/1663/1744 179/179/173 182/182/176
f 1914/1663/1744 1230/1096/1135 179/179/173
f 1241/1107/1146 1230/1096/1135 1914/1663/1744
f 1230/1096/1135 1241/1107/1146 1229/1095/1134
f 182/182/176 196/196/190 1232/1098/1137
f 1914/1663/1744 182/182/176 1232/1098/1137
f 1915/1664/1745 1241/1107/1146 1914/1663/1744
f 1915/1664/1745 1914/1663/1744 1232/1098/1137
f 1231/1097/1136 196/196/190 195/195/189
f 1232/1098/1137 1916/1665/1746 1915/1664/1745
f 1915/1664/1745 1916/1665/1746 1241/1107/1146
f 1231/1097/1136 1917/1666/1747 1232/1098/1137
f 1917/1666/1747 1231/1097/1136 1233/1099/1138
f 1917/1666/1747 1916/1665/1746 1232/1098/1137
f 1917/1666/1747 1235/1101/1140 1916/1665/1746
f 1235/1101/1140 1917/1666/1747 1233/1099/1138
f 1211/1077/1116 1236/1102/1141 1210/1076/1115
f 1916/1665/1746 1235/1101/1140 1240/1106/1145
f 1237/1103/1142 1240/1106/1145 1235/1101/1140
f 1239/1105/1144 1916/1665/1746 1240/1106/1145
f 1916/1665/1746 1239/1105/1144 1241/1107/1146
f 1241/1107/1146 1239/1105/1144 1238/1104/1143
f 1244/1110/1149 1240/1106/1145 1237/1103/1142
f 1240/1106/1145 1244/1110/1149 1242/1108/1147
f 1244/1110/1149 1243/1109/1148 1242/1108/1147
f 1225/1091/1130 1228/1094/1133 1243/1109/1148
f 1225/1091/1130 1243/1109/1148 1245/1111/1150
f 1226/1092/1131 1225/1091/1130 1245/1111/1150
f 1246/1112/1151 1244/1110/1149 1237/1103/1142
f 1245/1111/1150 1918/1667/1748 1226/1092/1131
f 1918/1667/1748 1245/1111/1150 1244/1110/1149
f 1246/1112/1151 1918/1667/1748 1244/1110/1149
f 1246/1112/1151 1236/1102/1141 1248/1114/1153
f 1918/1667/1748 1246/1112/1151 1248/1114/1153
f 1226/1092/1131 1918/1667/1748 1248/1114/1153
f 1226/1092/1131 1248/1114/1153 1222/1088/1127
f 1247/1113/1152 1212/1078/1117 1222/1088/1127
f 1211/1077/1116 1212/1078/1117 1247/1113/1152
f 1247/1113/1152 1222/1088/1127 1248/1114/1153
f 1211/1077/1116 1247/1113/1152 1236/1102/1141
f 1919/1462/1749 1920/1668/1750 1921/1669/1751
f 1922/1670/1752 1919/1462/1749 1921/1669/1751
f 1922/1670/1752 1921/1669/1751 1923/1671/1753
f 1919/1462/1749 1922/1670/1752 1924/1672/1754
f 1922/1670/1752 1923/1671/1753 1255/1118/1160
f 1923/1671/1753 1925/1673/1755 1255/1118/1160
f 1922/1670/1752 1251/1116/1156 1924/1672/1754
f 1251/1116/1156 1922/1670/1752 1255/1118/1160
f 1250/1115/1155 1924/1672/1754 1251/1116/1156
f 1254/1117/1159 1250/1115/1155 1249/929/1154
f 1925/1673/1755 1256/1119/1161 1255/1118/1160
f 1925/1673/1755 1262/1123/1167 1256/1119/1161
f 1251/1116/1156 1255/1118/1160 1252/928/1157
f 1259/933/1164 1254/1117/1159 1253/930/1158
f 1259/933/1164 1258/1120/1163 1268/1126/1173
f 209/208/203 208/207/202 1252/928/1157
f 1262/1123/1167 1261/1122/1166 1256/1119/1161
f 1256/1119/1161 1261/1122/1166 213/212/207
f 1261/1122/1166 217/215/211 213/212/207
f 209/208/203 1256/1119/1161 213/212/207
f 213/212/207 207/1/201 209/208/203
f 211/210/205 1260/1121/1165 208/207/202
f 1267/1125/1172 1265/940/1170 1270/1127/1175
f 1268/1126/1173 1267/1125/1172 1270/1127/1175
f 1926/1674/1756 1268/1126/1173 1270/1127/1175
f 1270/1127/1175 1272/945/1177 1926/1674/1756
f 1270/1127/1175 1269/944/1174 1272/945/1177
f 1272/945/1177 1927/1675/1757 1926/1674/1756
f 1272/945/1177 1928/1472/1758 1927/1675/1757
f 1928/1472/1758 1929/1676/1759 1927/1675/1757
f 1929/1676/1759 1928/1472/1758 1930/1474/1760
f 1928/1472/1758 1931/1677/1751 1930/1474/1760
f 1932/1476/1761 1931/1677/1751 1928/1472/1758
f 1271/946/1176 1928/1472/1758 1272/945/1177
f 1928/1472/1758 1271/946/1176 1932/1476/1761
f 1271/946/1176 1269/944/1174 1273/947/1178
f 1933/1678/1762 1271/946/1176 1273/947/1178
f 1932/1476/1761 1271/946/1176 1933/1678/1762
f 1934/1679/1763 1932/1476/1761 1933/1678/1762
f 1274/1128/1179 1935/1680/1764 1273/947/1178
f 1273/947/1178 1935/1680/1764 1933/1678/1762
f 1933/1678/1762 1936/1480/1765 1934/1679/1763
f 1935/1680/1764 1936/1480/1765 1933/1678/1762
f 1936/1480/1765 1937/1481/1167 1934/1679/1763
f 1937/1481/1167 1936/1480/1765 1276/1129/1168
f 211/210/205 210/209/204 1274/1128/1179
f 210/209/204 214/7/208 1274/1128/1179
f 1935/1680/1764 1274/1128/1179 1275/954/1180
f 1284/1136/1187 1935/1680/1764 1275/954/1180
f 1936/1480/1765 1935/1680/1764 1284/1136/1187
f 1936/1480/1765 1277/1130/1181 1276/1129/1168
f 1277/1130/1181 1936/1480/1765 1284/1136/1187
f 1277/1130/1181 1284/1136/1187 1278/1131/1182
f 1275/954/1180 214/7/208 1281/1134/1184
f 1284/1136/1187 1275/954/1180 1282/963/1185
f 1284/1136/1187 1283/1135/1186 1278/1131/1182
f 232/30/226 1322/1159/1220 238/224/232
f 1334/1000/1230 1336/1001/1219 1329/997/1216
f 1938/1002/1766 1328/996/1225 1330/998/1226
f 1334/1000/1230 1328/996/1225 1938/1002/1766
f 1334/1000/1230 1337/1164/1232 1336/1001/1219
f 1338/1165/1233 1938/1002/1766 1330/998/1226
f 1939/1681/1767 1337/1164/1232 1334/1000/1230
f 1938/1002/1766 1939/1681/1767 1334/1000/1230
f 248/74/242 1335/1003/1231 1337/1164/1232
f 1338/1165/1233 1940/1484/1768 1938/1002/1766
f 1940/1484/1768 1939/1681/1767 1938/1002/1766
f 1338/1165/1233 1339/1166/1234 1940/1484/1768
f 1940/1484/1768 1339/1166/1234 1342/1015/1237
f 1340/1167/1235 1339/1166/1234 1331/999/1227
f 1342/1015/1237 1339/1166/1234 1340/1167/1235
f 250/229/244 248/74/242 1337/1164/1232
f 1939/1681/1767 250/229/244 1337/1164/1232
f 1341/1008/1236 1940/1484/1768 1342/1015/1237
f 1341/1008/1236 250/229/244 1939/1681/1767
f 1940/1484/1768 1341/1008/1236 1939/1681/1767
f 250/229/244 1341/1008/1236 253/231/247
f 248/74/242 245/78/239 244/227/238
f 250/229/244 247/228/241 248/74/242
f 245/78/239 247/228/241 246/77/240
f 274/241/268 266/50/260 1342/1015/1237
f 274/241/268 1342/1015/1237 1340/1167/1235
f 274/241/268 273/240/267 266/50/260
f 277/243/271 273/240/267 275/46/269
f 274/241/268 280/245/274 275/46/269
f 1340/1167/1235 280/245/274 274/241/268
f 1340/1167/1235 1344/1009/1239 280/245/274
f 280/245/274 1345/1169/1240 281/44/275
f 1346/39/1241 1941/38/237 283/40/277
f 1942/1682/1750 1943/1683/1585 1944/1684/1587
f 1945/1685/1759 1942/1682/1750 1944/1684/1587
f 1945/1685/1759 1944/1684/1587 1946/1686/1588
f 1947/1687/1769 1945/1685/1759 1946/1686/1588
f 1945/1685/1759 1947/1687/1769 1948/1688/1770
f 1947/1687/1769 1946/1686/1588 1949/1689/1771
f 1947/1687/1769 1949/1689/1771 1948/1688/1770
f 1946/1686/1588 1950/1690/1592 1949/1689/1771
f 1951/1691/1756 1948/1688/1770 1949/1689/1771
f 1949/1689/1771 1950/1690/1592 1952/1692/1772
f 1950/1690/1592 1953/1693/1596 1952/1692/1772
f 1954/1694/1773 1952/1692/1772 1953/1693/1596
f 1955/1695/1595 1954/1694/1773 1953/1693/1596
f 1956/1696/1774 1957/1697/1775 1958/1698/1599
f 1959/1699/1598 1956/1696/1774 1958/1698/1599
f 1960/1700/1776 1956/1696/1774 1959/1699/1598
f 1961/1505/1602 1960/1700/1776 1959/1699/1598
f 1962/1701/1777 1960/1700/1776 1961/1505/1602
f 1963/1508/1605 1962/1701/1777 1961/1505/1602
f 1960/1700/1776 1962/1701/1777 1358/1021/1249
f 1352/1173/1245 1962/1701/1777 1963/1508/1605
f 1962/1701/1777 1352/1173/1245 1358/1021/1249
f 1964/1017/1056 1352/1173/1245 1963/1508/1605
f 1964/1017/1056 1350/1171/1055 1352/1173/1245
f 1352/1173/1245 1351/1172/1244 1358/1021/1249
f 1351/1172/1244 1354/1175/1246 1358/1021/1249
f 1351/1172/1244 1350/1171/1055 1354/1175/1246
f 1965/1702/1778 1960/1700/1776 1358/1021/1249
f 1960/1700/1776 1965/1702/1778 1956/1696/1774
f 1357/1025/1248 1354/1175/1246 1355/1176/1247
f 1357/1025/1248 1359/1178/1250 1361/1180/1252
f 1358/1021/1249 1357/1025/1248 1364/1182/1255
f 1364/1182/1255 1357/1025/1248 1361/1180/1252
f 290/252/282 1360/1179/1251 288/83/280
f 289/251/281 1966/1703/1726 290/252/282
f 292/254/284 1967/1704/1779 1968/1705/1780
f 1363/1181/1254 1366/1033/1257 1364/1182/1255
f 292/254/284 1365/1183/1256 1362/1028/1253
f 1965/1702/1778 1969/1706/1781 1367/94/1258
f 1970/1513/1782 292/254/284 1968/1705/1780
f 1970/1513/1782 1971/1707/1783 1972/1708/1784
f 292/254/284 1970/1513/1782 293/255/285
f 293/255/285 1970/1513/1782 1972/1708/1784
f 294/256/286 293/255/285 1972/1708/1784
f 294/256/286 1972/1708/1784 1973/1709/1785
f 1368/1034/1259 294/256/286 1973/1709/1785
f 1973/1709/1785 1974/1710/1786 1368/1034/1259
f 1368/1034/1259 299/95/291 294/256/286
f 1974/1710/1786 1369/1184/1260 1368/1034/1259
f 1975/98/1787 1367/94/1258 298/259/290
f 1975/98/1787 298/259/290 300/260/292
f 1974/1710/1786 1976/1711/1788 1371/1186/1262
f 1977/1712/1789 1965/1702/1778 1367/94/1258
f 1977/1712/1789 1367/94/1258 1975/98/1787
f 1965/1702/1778 1978/1713/1790 1956/1696/1774
f 1965/1702/1778 1977/1712/1789 1978/1713/1790
f 319/277/307 1979/1521/1791 1980/1524/1732
f 1981/1714/1731 319/277/307 1980/1524/1732
f 319/277/307 1981/1714/1731 321/279/309
f 1979/1521/1791 319/277/307 316/274/305
f 1956/1696/1774 1982/1715/1792 1957/1697/1775
f 1956/1696/1774 1978/1713/1790 1982/1715/1792
f 1982/1715/1792 1983/1716/1793 1957/1697/1775
f 1983/1716/1793 1984/1717/1794 1954/1694/1773
f 1983/1716/1793 1982/1715/1792 1985/1718/1795
f 1984/1717/1794 1983/1716/1793 1985/1718/1795
f 1978/1713/1790 1986/1533/1796 1982/1715/1792
f 1982/1715/1792 1986/1533/1796 1985/1718/1795
f 1987/1534/1797 1952/1692/1772 1984/1717/1794
f 1977/1712/1789 1988/1535/1798 1978/1713/1790
f 1986/1533/1796 1978/1713/1790 1988/1535/1798
f 1989/1719/1799 1984/1717/1794 1985/1718/1795
f 1987/1534/1797 1984/1717/1794 1989/1719/1799
f 1990/1720/1800 1987/1534/1797 1989/1719/1799
f 1987/1534/1797 1990/1720/1800 1951/1691/1756
f 1990/1720/1800 1991/1721/1173 1951/1691/1756
f 1992/1722/1801 1986/1533/1796 1988/1535/1798
f 1985/1718/1795 1986/1533/1796 1992/1722/1801
f 1993/1723/1802 1977/1712/1789 1975/98/1787
f 1988/1535/1798 1977/1712/1789 1993/1723/1802
f 1989/1719/1799 1985/1718/1795 1994/1724/1803
f 1990/1720/1800 1995/1542/1804 1991/1721/1173
f 1995/1542/1804 1996/1725/1164 1991/1721/1173
f 1990/1720/1800 1989/1719/1799 1997/1726/1805
f 1995/1542/1804 1990/1720/1800 1997/1726/1805
f 1997/1726/1805 1989/1719/1799 1994/1724/1803
f 1992/1722/1801 1988/1535/1798 1998/1727/1806
f 1998/1727/1806 1988/1535/1798 1993/1723/1802
f 1993/1723/1802 1975/98/1787 1999/1728/1807
f 2000/1729/1808 1992/1722/1801 1998/1727/1806
f 2001/1730/1809 1994/1724/1803 2000/1729/1808
f 1997/1726/1805 2002/1731/1810 1995/1542/1804
f 2001/1730/1809 2002/1731/1810 1997/1726/1805
f 1995/1542/1804 2003/1732/1811 1996/1725/1164
f 2002/1731/1810 2003/1732/1811 1995/1542/1804
f 1993/1723/1802 2004/1550/1812 1998/1727/1806
f 2004/1550/1812 1993/1723/1802 1999/1728/1807
f 2004/1550/1812 2005/1551/1813 1998/1727/1806
f 2000/1729/1808 1998/1727/1806 2005/1551/1813
f 2001/1730/1809 2000/1729/1808 2006/1733/1814
f 2006/1733/1814 2000/1729/1808 2005/1551/1813
f 2007/1734/1815 2001/1730/1809 2006/1733/1814
f 2001/1730/1809 2007/1734/1815 2002/1731/1810
f 307/267/299 309/104/301 1999/1728/1807
f 309/104/301 2004/1550/1812 1999/1728/1807
f 2007/1734/1815 2008/1735/1816 2002/1731/1810
f 2002/1731/1810 2008/1735/1816 2003/1732/1811
f 2006/1733/1814 2005/1551/1813 2009/1555/1817
f 2006/1733/1814 2009/1555/1817 2007/1734/1815
f 2005/1551/1813 2004/1550/1812 2010/1736/1818
f 2004/1550/1812 309/104/301 2010/1736/1818
f 2005/1551/1813 2011/1737/1819 2009/1555/1817
f 2011/1737/1819 2005/1551/1813 2010/1736/1818
f 2009/1555/1817 2012/1738/1820 2007/1734/1815
f 2007/1734/1815 2012/1738/1820 2008/1735/1816
f 311/270/302 2011/1737/1819 2010/1736/1818
f 2010/1736/1818 309/104/301 311/270/302
f 309/104/301 308/268/300 311/270/302
f 2012/1738/1820 2009/1555/1817 2013/1739/1656
f 2014/1740/1657 2011/1737/1819 311/270/302
f 2014/1740/1657 2013/1739/1656 2011/1737/1819
f 312/271/303 2014/1740/1657 311/270/302
f 2015/1741/1658 2012/1738/1820 2013/1739/1656
f 307/267/299 302/262/294 313/107/304
f 2016/1742/1821 2012/1738/1820 2015/1741/1658
f 2012/1738/1820 2016/1742/1821 2008/1735/1816
f 319/277/307 318/276/306 2017/1743/1661
f 321/279/309 2018/1744/1736 323/281/310
f 323/281/310 2019/1745/1822 322/280/112
f 2019/1745/1822 323/281/310 2018/1744/1736
f 2019/1745/1822 2020/1746/1665 322/280/112
f 2021/1747/1737 2019/1745/1822 2018/1744/1736
f 2022/1748/1823 2019/1745/1822 2021/1747/1737
f 2019/1745/1822 2022/1748/1823 2020/1746/1665
f 2022/1748/1823 2023/1749/1668 2020/1746/1665
f 2024/1574/1738 2022/1748/1823 2021/1747/1737
f 2025/1750/1670 2026/1751/1585 2027/1577/1750
f 2028/1752/1824 2025/1750/1670 2027/1577/1750
f 2028/1752/1824 2027/1577/1750 2029/1753/1825
f 2030/1754/1673 2025/1750/1670 2028/1752/1824
f 2028/1752/1824 2029/1753/1825 2031/1755/1754
f 2032/1756/1826 2028/1752/1824 2031/1755/1754
f 2032/1756/1826 2030/1754/1673 2028/1752/1824
f 2033/1757/1675 2030/1754/1673 2032/1756/1826
f 2034/1758/1827 2032/1756/1826 2031/1755/1754
f 2035/1759/1155 2034/1758/1827 2031/1755/1754
f 2032/1756/1826 2034/1758/1827 2036/1760/1828
f 2036/1760/1828 2033/1757/1675 2032/1756/1826
f 2033/1757/1675 2036/1760/1828 2037/1761/1678
f 2003/1732/1811 2038/1762/1829 1996/1725/1164
f 2038/1762/1829 2034/1758/1827 2035/1759/1155
f 1996/1725/1164 2038/1762/1829 2039/1589/1830
f 2039/1589/1830 2038/1762/1829 2035/1759/1155
f 2040/1763/1831 2038/1762/1829 2003/1732/1811
f 2040/1763/1831 2034/1758/1827 2038/1762/1829
f 2034/1758/1827 2040/1763/1831 2036/1760/1828
f 2037/1761/1678 2041/1591/1832 2042/1764/1660
f 2041/1591/1832 2036/1760/1828 2040/1763/1831
f 2041/1591/1832 2016/1742/1821 2042/1764/1660
f 2036/1760/1828 2041/1591/1832 2037/1761/1678
f 2016/1742/1821 2041/1591/1832 2043/1592/1833
f 2008/1735/1816 2043/1592/1833 2003/1732/1811
f 2008/1735/1816 2016/1742/1821 2043/1592/1833
f 2003/1732/1811 2043/1592/1833 2040/1763/1831
f 2043/1592/1833 2041/1591/1832 2040/1763/1831
f 326/284/312 2044/1765/1686 2045/1766/1685
f 2046/1596/1834 324/282/280 326/284/312
f 2044/1765/1686 326/284/312 328/286/113
f 326/284/312 325/283/311 328/286/113
f 335/291/318 336/292/319 338/294/321
f 1383/1193/1270 2047/1767/1697 2048/1768/1087
f 1380/1191/1267 1383/1193/1270 2048/1768/1087
f 1380/1191/1267 2048/1768/1087 1377/1190/1265
f 2048/1768/1087 1378/1047/1086 1377/1190/1265
f 1380/1191/1267 1381/1052/1268 1383/1193/1270
f 348/303/328 1379/1050/1266 345/300/327
f 1383/1193/1270 1382/1192/1269 1392/1202/1279
f 1382/1192/1269 1381/1052/1268 1385/1195/1272
f 1384/1194/1271 360/313/336 1386/1196/1273
f 1385/1195/1272 1384/1194/1271 1390/1200/1277
f 1384/1194/1271 1386/1196/1273 1390/1200/1277
f 1390/1200/1277 1386/1196/1273 1387/1197/1274
f 1385/1195/1272 1390/1200/1277 1394/1062/1281
f 1389/1199/1276 1394/1062/1281 1390/1200/1277
f 2049/1769/1835 1385/1195/1272 1394/1062/1281
f 1382/1192/1269 1385/1195/1272 2049/1769/1835
f 1393/1061/1280 1382/1192/1269 2049/1769/1835
f 1382/1192/1269 1393/1061/1280 1392/1202/1279
f 1397/1204/1284 1392/1202/1279 1391/1201/1278
f 1401/1208/1288 1391/1201/1278 1393/1061/1280
f 1401/1208/1288 1393/1061/1280 2049/1769/1835
f 1395/1203/1282 1401/1208/1288 2049/1769/1835
f 2049/1769/1835 1394/1062/1281 1395/1203/1282
f 1395/1203/1282 391/342/362 1409/1216/1296
f 1401/1208/1288 1395/1203/1282 1409/1216/1296
f 1397/1204/1284 1396/1066/1283 2050/1770/1738
f 2050/1770/1738 1396/1066/1283 1399/1206/1286
f 1400/1207/1287 1399/1206/1286 1396/1066/1283
f 1402/1209/1289 1401/1208/1288 1409/1216/1296
f 1396/1066/1283 1391/1201/1278 1406/1213/1293
f 1406/1213/1293 1400/1207/1287 1396/1066/1283
f 1404/1211/1291 1400/1207/1287 1406/1213/1293
f 1404/1211/1291 1403/1210/1290 1400/1207/1287
f 1405/1212/1292 1391/1201/1278 1402/1209/1289
f 1406/1213/1293 1405/1212/1292 1407/1214/1294
f 1404/1211/1291 1407/1214/1294 1409/1216/1296
f 1402/1209/1289 1407/1214/1294 1405/1212/1292
f 1402/1209/1289 1409/1216/1296 1407/1214/1294
f 1408/1215/1295 388/339/359 1404/1211/1291
f 1408/1215/1295 386/337/357 388/339/359
f 1389/1199/1276 392/343/363 391/342/362
f 1410/1217/1297 393/344/364 392/343/363
f 1414/1221/1300 1415/1222/1119 1413/1220/1118
f 1418/1225/1121 1415/1222/1119 1416/1223/1301
f 1418/1225/1121 1416/1223/1301 1419/1226/1302
f 1416/1223/1301 1414/1221/1300 1421/1228/1304
f 1421/1228/1304 417/364/384 1416/1223/1301
f 1414/1221/1300 412/359/379 1444/1249/1327
f 1414/1221/1300 1444/1249/1327 1421/1228/1304
f 1421/1228/1304 1444/1249/1327 2051/1771/1836
f 1421/1228/1304 2051/1771/1836 1422/1229/1305
f 2051/1771/1836 1424/1231/1307 1422/1229/1305
f 1389/1199/1276 1387/1197/1274 1425/1232/1308
f 1424/1231/1307 1426/1233/1309 1423/1230/1306
f 1389/1199/1276 1428/1235/1311 392/343/363
f 1428/1235/1311 1389/1199/1276 1425/1232/1308
f 1428/1235/1311 2052/1772/1837 392/343/363
f 2052/1772/1837 1410/1217/1297 392/343/363
f 1428/1235/1311 1429/1236/1312 2052/1772/1837
f 1410/1217/1297 2053/1773/1838 407/196/376
f 2053/1773/1838 1410/1217/1297 2052/1772/1837
f 2054/1774/1839 2053/1773/1838 2052/1772/1837
f 1429/1236/1312 2054/1774/1839 2052/1772/1837
f 2053/1773/1838 1430/1237/1313 407/196/376
f 2055/1665/1840 2053/1773/1838 2054/1774/1839
f 2055/1665/1840 2054/1774/1839 1429/1236/1312
f 1430/1237/1313 1431/1238/1314 408/195/377
f 1430/1237/1313 2056/1775/1841 1431/1238/1314
f 2055/1665/1840 2056/1775/1841 2053/1773/1838
f 2056/1775/1841 1430/1237/1313 2053/1773/1838
f 1433/1240/1316 2056/1775/1841 2055/1665/1840
f 2056/1775/1841 1433/1240/1316 1431/1238/1314
f 1435/1242/1318 1432/1239/1315 1433/1240/1316
f 2057/1776/1842 1435/1242/1318 1433/1240/1316
f 1433/1240/1316 2055/1665/1840 2057/1776/1842
f 2055/1665/1840 2058/1777/1843 2057/1776/1842
f 2058/1777/1843 2055/1665/1840 1429/1236/1312
f 2058/1777/1843 1429/1236/1312 1437/1244/1320
f 1429/1236/1312 1427/1234/1310 1437/1244/1320
f 2058/1777/1843 1437/1244/1320 2057/1776/1842
f 2057/1776/1842 1437/1244/1320 1436/1243/1319
f 2057/1776/1842 1439/1246/1322 1435/1242/1318
f 2057/1776/1842 1436/1243/1319 1439/1246/1322
f 1424/1231/1307 2051/1771/1836 1440/1111/1323
f 1439/1246/1322 1438/1245/1321 1440/1111/1323
f 1439/1246/1322 1441/1112/1324 1435/1242/1318
f 1441/1112/1324 1434/1241/1317 1435/1242/1318
f 2059/1778/1844 1441/1112/1324 1439/1246/1322
f 1440/1111/1323 2059/1778/1844 1439/1246/1322
f 2059/1778/1844 1440/1111/1323 2051/1771/1836
f 2059/1778/1844 2051/1771/1836 1442/1247/1325
f 1441/1112/1324 2059/1778/1844 1442/1247/1325
f 1444/1249/1327 1442/1247/1325 2051/1771/1836
f 1443/1248/1326 1434/1241/1317 1442/1247/1325
f 1443/1248/1326 1412/1219/1299 1434/1241/1317
f 1444/1249/1327 1443/1248/1326 1442/1247/1325
f 2060/1779/1845 2061/1780/1846 2062/1781/1847
f 2060/1779/1845 2062/1781/1847 2063/1782/1848
f 2062/1781/1847 2064/1783/1849 2063/1782/1848
f 2065/1784/1850 2066/1785/1851 2067/1786/1845
f 2065/1784/1850 2067/1786/1845 2068/1787/1848
f 2065/1784/1850 2069/1788/1852 2070/1789/1853
f 2071/1790/1854 2066/1785/1851 2072/1791/1855
f 2073/1792/1856 2074/1793/1857 2075/1794/1858
f 2073/1792/1856 2076/1795/1859 2074/1793/1857
f 1449/1254/1331 2077/1796/1860 2078/1797/1861
f 1446/1251/1328 2079/1798/1862 1447/1252/1329
f 1449/1254/1331 2079/1798/1862 1446/1251/1328
f 1446/1251/1328 451/398/418 1449/1254/1331
f 1449/1254/1331 1448/1253/1330 2077/1796/1860
f 1448/1253/1330 2080/1799/1863 2077/1796/1860
f 2076/1795/1859 2081/1800/1864 2074/1793/1857
f 2082/1801/1865 2081/1800/1864 2076/1795/1859
f 2082/1801/1865 2083/1802/1866 2081/1800/1864
f 2083/1802/1866 2082/1801/1865 2084/1803/1867
f 2083/1802/1866 2085/1804/1868 2081/1800/1864
f 2081/1800/1864 2085/1804/1868 2074/1793/1857
f 2085/1804/1868 2086/1805/1869 2074/1793/1857
f 2087/1806/1870 2088/1807/1871 1451/1256/1333
f 1447/1252/1329 2087/1806/1870 1451/1256/1333
f 2089/1808/1872 1452/1257/1334 1451/1256/1333
f 1448/1253/1330 450/397/417 2090/1809/1873
f 2090/1809/1873 2091/1810/1874 1448/1253/1330
f 1448/1253/1330 2091/1810/1874 2080/1799/1863
f 2091/1810/1874 2092/1811/1875 2080/1799/1863
f 2092/1811/1875 2091/1810/1874 454/401/421
f 2091/1810/1874 455/402/422 454/401/421
f 1454/1259/1336 2093/1812/1876 1455/1260/1337
f 1457/1262/1339 2093/1812/1876 1454/1259/1336
f 1457/1262/1339 1456/1261/1338 2094/1813/1877
f 2094/1813/1877 2095/1814/1878 1457/1262/1339
f 2095/1814/1878 2094/1813/1877 2096/1815/1879
f 2097/1816/1880 2095/1814/1878 2096/1815/1879
f 2095/1814/1878 2098/1817/1881 1457/1262/1339
f 1457/1262/1339 2098/1817/1881 2093/1812/1876
f 2099/1818/1882 2095/1814/1878 2097/1816/1880
f 2095/1814/1878 2099/1818/1882 2098/1817/1881
f 2100/1819/1883 2099/1818/1882 2097/1816/1880
f 2099/1818/1882 2100/1819/1883 2101/1820/1884
f 2100/1819/1883 2102/1821/1885 2101/1820/1884
f 2102/1821/1885 2103/1822/1886 2101/1820/1884
f 2104/1823/1887 2103/1822/1886 2102/1821/1885
f 2103/1822/1886 2104/1823/1887 2105/1824/1888
f 2106/1825/1889 2099/1818/1882 2101/1820/1884
f 2101/1820/1884 2103/1822/1886 2106/1825/1889
f 2107/1826/1890 2103/1822/1886 2105/1824/1888
f 2105/1824/1888 2108/1827/1891 2107/1826/1890
f 2109/1828/1892 2103/1822/1886 2107/1826/1890
f 2103/1822/1886 2109/1828/1892 2106/1825/1889
f 2099/1818/1882 2106/1825/1889 2110/1829/1893
f 2099/1818/1882 2110/1829/1893 2098/1817/1881
f 2110/1829/1893 2111/1830/1894 2098/1817/1881
f 2112/1831/1895 2106/1825/1889 2109/1828/1892
f 2106/1825/1889 2112/1831/1895 2110/1829/1893
f 2108/1827/1891 2113/1832/1896 2107/1826/1890
f 2113/1832/1896 2109/1828/1892 2107/1826/1890
f 2112/1831/1895 2114/1833/1897 2110/1829/1893
f 2114/1833/1897 2111/1830/1894 2110/1829/1893
f 2109/1828/1892 2113/1832/1896 2115/1834/1898
f 2112/1831/1895 2115/1834/1898 2114/1833/1897
f 2115/1834/1898 2112/1831/1895 2109/1828/1892
f 2108/1827/1891 2116/1835/1899 2113/1832/1896
f 2113/1832/1896 2116/1835/1899 2115/1834/1898
f 2108/1827/1891 2117/1836/1900 2116/1835/1899
f 2117/1836/1900 2108/1827/1891 2118/1837/1901
f 2116/1835/1899 2117/1836/1900 2119/1838/1902
f 2117/1836/1900 2118/1837/1901 2119/1838/1902
f 2115/1834/1898 2119/1838/1902 2114/1833/1897
f 2115/1834/1898 2116/1835/1899 2119/1838/1902
f 2119/1838/1902 2120/1839/1903 2114/1833/1897
f 2118/1837/1901 2120/1839/1903 2119/1838/1902
f 2111/1830/1894 2121/1840/1904 2098/1817/1881
f 2098/1817/1881 2121/1840/1904 2093/1812/1876
f 2122/1841/1905 2121/1840/1904 2111/1830/1894
f 2122/1841/1905 1455/1260/1337 2093/1812/1876
f 2121/1840/1904 2122/1841/1905 2093/1812/1876
f 2123/1842/1906 1455/1260/1337 2122/1841/1905
f 2123/1842/1906 2124/1843/1907 1455/1260/1337
f 2125/1844/1908 2122/1841/1905 2111/1830/1894
f 2122/1841/1905 2125/1844/1908 2123/1842/1906
f 2114/1833/1897 2126/1845/1909 2111/1830/1894
f 2120/1839/1903 2126/1845/1909 2114/1833/1897
f 2127/1846/1910 2111/1830/1894 2126/1845/1909
f 2111/1830/1894 2127/1846/1910 2125/1844/1908
f 2126/1845/1909 2120/1839/1903 2127/1846/1910
f 2125/1844/1908 2127/1846/1910 2128/1847/1911
f 2125/1844/1908 2128/1847/1911 2123/1842/1906
f 2124/1843/1907 2123/1842/1906 2128/1847/1911
f 2120/1839/1903 2129/1848/1912 2127/1846/1910
f 2129/1848/1912 2120/1839/1903 2130/1849/1913
f 2127/1846/1910 2131/1850/1914 2128/1847/1911
f 2131/1850/1914 2127/1846/1910 2129/1848/1912
f 2132/1851/1915 2129/1848/1912 2130/1849/1913
f 2130/1849/1913 2133/1852/1916 2132/1851/1915
f 2129/1848/1912 2132/1851/1915 2134/1853/1917
f 2134/1853/1917 2131/1850/1914 2129/1848/1912
f 2131/1850/1914 2134/1853/1917 2135/1854/1918
f 2131/1850/1914 2135/1854/1918 2128/1847/1911
f 2136/1855/1919 2124/1843/1907 2128/1847/1911
f 2135/1854/1918 2136/1855/1919 2128/1847/1911
f 2132/1851/1915 2133/1852/1916 2137/1856/1920
f 2132/1851/1915 2137/1856/1920 2134/1853/1917
f 2138/1857/1880 2124/1843/1907 2136/1855/1919
f 2138/1857/1880 2139/1858/1921 2124/1843/1907
f 2140/1859/1922 2138/1857/1880 2136/1855/1919
f 2141/1860/1923 2136/1855/1919 2135/1854/1918
f 2140/1859/1922 2136/1855/1919 2141/1860/1923
f 2140/1859/1922 2141/1860/1923 2142/1861/1924
f 2135/1854/1918 2143/1862/1925 2141/1860/1923
f 2143/1862/1925 2134/1853/1917 2137/1856/1920
f 2134/1853/1917 2143/1862/1925 2135/1854/1918
f 2142/1861/1924 2141/1860/1923 2144/1863/1926
f 2143/1862/1925 2144/1863/1926 2141/1860/1923
f 2145/1864/1887 2142/1861/1924 2144/1863/1926
f 2144/1863/1926 2146/1865/1927 2145/1864/1887
f 2146/1865/1927 2144/1863/1926 2143/1862/1925
f 2147/1866/1913 2146/1865/1927 2133/1852/1916
f 2146/1865/1927 2147/1866/1913 2145/1864/1887
f 2148/1867/1928 2133/1852/1916 2146/1865/1927
f 2148/1867/1928 2137/1856/1920 2133/1852/1916
f 2148/1867/1928 2146/1865/1927 2143/1862/1925
f 2148/1867/1928 2143/1862/1925 2137/1856/1920
f 478/425/443 483/430/446 479/426/444
f 1469/1274/1349 1471/1276/1351 1466/1271/1346
f 1471/1276/1351 1468/1273/1348 1466/1271/1346
f 532/479/490 523/470/482 524/471/483
f 1473/1278/1353 1470/1275/1350 1471/1276/1351
f 541/488/498 2149/1868/1929 537/484/494
f 1473/1278/1353 1474/1279/1354 1472/1277/1352
f 1471/1276/1351 1469/1274/1349 2150/1869/1930
f 1471/1276/1351 2150/1869/1930 1473/1278/1353
f 1474/1279/1354 1475/1280/1355 539/486/496
f 2149/1868/1929 541/488/498 2151/1870/1931
f 2152/1871/1932 2149/1868/1929 2151/1870/1931
f 2151/1870/1931 541/488/498 542/489/499
f 1475/1280/1355 542/489/499 538/485/495
f 2151/1870/1931 2153/1872/1933 2152/1871/1932
f 1475/1280/1355 1474/1279/1354 2154/1873/1934
f 2150/1869/1930 2155/1874/1935 1473/1278/1353
f 1474/1279/1354 1473/1278/1353 2155/1874/1935
f 2156/1875/1936 2157/1876/1937 2158/1877/1938
f 2155/1874/1935 2159/1878/1939 2154/1873/1934
f 2159/1878/1939 2160/1879/1940 2154/1873/1934
f 2150/1869/1930 2161/1880/1941 2155/1874/1935
f 2161/1880/1941 2159/1878/1939 2155/1874/1935
f 2161/1880/1941 2162/1881/1942 2159/1878/1939
f 2162/1881/1942 2163/1882/1943 2159/1878/1939
f 1469/1274/1349 1467/1272/1347 1478/1283/1358
f 2161/1880/1941 2150/1869/1930 1478/1283/1358
f 1469/1274/1349 1478/1283/1358 2150/1869/1930
f 2164/1883/1944 2161/1880/1941 1478/1283/1358
f 2161/1880/1941 2164/1883/1944 2162/1881/1942
f 1477/1282/1357 1467/1272/1347 1460/1265/1340
f 2164/1883/1944 1478/1283/1358 1477/1282/1357
f 2165/1884/1945 1477/1282/1357 1460/1265/1340
f 2165/1884/1945 1460/1265/1340 1459/1264/1335
f 2166/1885/1946 2165/1884/1945 1459/1264/1335
f 2165/1884/1945 2166/1885/1946 2167/1886/1947
f 2168/1887/1948 2164/1883/1944 1477/1282/1357
f 1477/1282/1357 2165/1884/1945 2168/1887/1948
f 2165/1884/1945 2169/1888/1949 2168/1887/1948
f 2169/1888/1949 2165/1884/1945 2167/1886/1947
f 2169/1888/1949 2167/1886/1947 2170/1889/1861
f 2169/1888/1949 2171/1890/1950 1480/1285/1360
f 2168/1887/1948 2169/1888/1949 1480/1285/1360
f 2164/1883/1944 2172/1891/1951 2162/1881/1942
f 2172/1891/1951 2164/1883/1944 1484/1289/1364
f 2173/1892/1860 2174/1893/1952 2171/1890/1950
f 2175/1894/1953 2174/1893/1952 2173/1892/1860
f 1481/1286/1361 2174/1893/1952 2175/1894/1953
f 2176/1895/1954 2175/1894/1953 2173/1892/1860
f 2176/1895/1954 2177/1896/1875 2175/1894/1953
f 2177/1896/1875 544/491/501 2175/1894/1953
f 544/491/501 2177/1896/1875 545/492/502
f 2178/1897/1955 2175/1894/1953 544/491/501
f 2178/1897/1955 1481/1286/1361 2175/1894/1953
f 548/495/505 2178/1897/1955 544/491/501
f 548/495/505 544/491/501 543/490/500
f 2179/1898/1956 1479/1284/1359 1481/1286/1361
f 2178/1897/1955 2179/1898/1956 1481/1286/1361
f 550/497/507 548/495/505 547/494/504
f 548/495/505 550/497/507 2178/1897/1955
f 550/497/507 2179/1898/1956 2178/1897/1955
f 550/497/507 549/496/506 552/499/508
f 550/497/507 552/499/508 2180/1899/1957
f 2179/1898/1956 550/497/507 2180/1899/1957
f 2179/1898/1956 2180/1899/1957 1479/1284/1359
f 2180/1899/1957 1482/1287/1362 1479/1284/1359
f 2172/1891/1951 1484/1289/1364 1483/1288/1363
f 554/501/510 1482/1287/1362 2180/1899/1957
f 2181/1900/417 554/501/510 2180/1899/1957
f 554/501/510 2181/1900/417 555/502/416
f 1482/1287/1362 2182/1901/1958 1483/1288/1363
f 1482/1287/1362 554/501/510 2182/1901/1958
f 2183/1902/1959 2172/1891/1951 1483/1288/1363
f 2182/1901/1958 2183/1902/1959 1483/1288/1363
f 554/501/510 1485/1290/1365 2182/1901/1958
f 2183/1902/1959 2182/1901/1958 1485/1290/1365
f 554/501/510 553/500/509 1485/1290/1365
f 2183/1902/1959 2184/1903/1960 2172/1891/1951
f 2172/1891/1951 2184/1903/1960 2162/1881/1942
f 2185/1904/1961 2162/1881/1942 2184/1903/1960
f 2185/1904/1961 2186/1905/1962 2162/1881/1942
f 2185/1904/1961 2184/1903/1960 1489/1294/1369
f 2185/1904/1961 1489/1294/1369 2186/1905/1962
f 2184/1903/1960 1487/1292/1367 1489/1294/1369
f 1487/1292/1367 2184/1903/1960 2183/1902/1959
f 1486/1291/1366 2183/1902/1959 1485/1290/1365
f 1486/1291/1366 1487/1292/1367 2183/1902/1959
f 1486/1291/1366 1485/1290/1365 560/507/514
f 1487/1292/1367 1486/1291/1366 566/513/519
f 1490/1295/1370 1489/1294/1369 1488/1293/1368
f 1489/1294/1369 1490/1295/1370 2186/1905/1962
f 2187/1906/1963 2188/1907/1964 2186/1905/1962
f 2187/1906/1963 2186/1905/1962 1490/1295/1370
f 2187/1906/1963 2189/1908/1965 2158/1877/1938
f 2190/1909/1966 2156/1875/1936 2158/1877/1938
f 1491/1296/1371 1490/1295/1370 581/528/531
f 2187/1906/1963 1491/1296/1371 2189/1908/1965
f 1491/1296/1371 2187/1906/1963 1490/1295/1370
f 2191/1910/1967 2190/1909/1966 2189/1908/1965
f 2156/1875/1936 2190/1909/1966 2191/1910/1967
f 2189/1908/1965 1491/1296/1371 1492/1297/1372
f 1491/1296/1371 588/535/536 1492/1297/1372
f 1492/1297/1372 2192/1911/1872 2189/1908/1965
f 1492/1297/1372 589/536/537 2192/1911/1872
f 2193/1912/1869 2191/1910/1967 2189/1908/1965
f 2194/1913/1968 2191/1910/1967 2193/1912/1869
f 2194/1913/1968 2195/1914/1969 2191/1910/1967
f 2196/1915/1970 2194/1913/1968 2193/1912/1869
f 2195/1914/1969 2194/1913/1968 1493/1298/1373
f 2194/1913/1968 2196/1915/1970 1493/1298/1373
f 2196/1915/1970 2197/1916/1866 1493/1298/1373
f 2197/1916/1866 1494/1299/1374 1493/1298/1373
f 1495/1300/1375 2195/1914/1969 1493/1298/1373
f 2198/1917/1865 1495/1300/1375 1494/1299/1374
f 2195/1914/1969 1495/1300/1375 2198/1917/1865
f 2199/1918/1859 2195/1914/1969 2198/1917/1865
f 2199/1918/1859 2200/1919/1856 2195/1914/1969
f 2195/1914/1969 2201/1920/1971 2191/1910/1967
f 2201/1920/1971 2200/1919/1856 2202/1921/1972
f 2200/1919/1856 2201/1920/1971 2195/1914/1969
f 2201/1920/1971 2156/1875/1936 2191/1910/1967
f 2156/1875/1936 2201/1920/1971 2202/1921/1972
f 1497/1302/1377 2203/1922/1973 2204/1923/1974
f 1497/1302/1377 2204/1923/1974 1498/1303/1378
f 2205/1924/643 2203/1922/1973 1497/1302/1377
f 2206/1925/1975 1497/1302/1377 1496/1301/1376
f 2206/1925/1975 2205/1924/643 1497/1302/1377
f 2206/1925/1975 1496/1301/1376 704/616/638
f 2205/1924/643 2206/1925/1975 703/615/637
f 2206/1925/1975 704/616/638 703/615/637
f 2205/1924/643 703/615/637 2207/1926/1976
f 706/618/640 703/615/637 702/614/636
f 703/615/637 706/618/640 2207/1926/1976
f 2207/1926/1976 706/618/640 2208/1927/1977
f 2208/1927/1977 706/618/640 705/617/639
f 1501/1306/1379 1502/1307/1380 708/620/642
f 1502/1307/1380 1501/1306/1379 2209/1928/1978
f 1502/1307/1380 2209/1928/1978 2210/1929/1979
f 1502/1307/1380 2210/1929/1979 709/621/643
f 709/621/643 713/625/646 710/622/644
f 714/626/647 712/624/645 710/622/644
f 2211/1930/1980 2212/1931/1981 2213/1932/1982
f 2213/1932/1982 2212/1931/1981 2214/1933/1983
f 2212/1931/1981 1503/1308/1381 2214/1933/1983
f 2211/1930/1980 2215/1924/656 2212/1931/1981
f 2212/1931/1981 1504/1309/1382 1503/1308/1381
f 2215/1924/656 1504/1309/1382 2212/1931/1981
f 1504/1309/1382 2215/1924/656 716/628/649
f 2215/1924/656 2216/1934/1984 716/628/649
f 716/628/649 715/627/648 1505/1310/1383
f 2216/1934/1984 717/629/650 716/628/649
f 717/629/650 2216/1934/1984 2217/1935/1985
f 717/629/650 2217/1935/1985 718/630/651
f 1508/1313/1384 1509/1314/1385 2218/1928/1986
f 2218/1928/1986 1509/1314/1385 2219/1936/1987
f 2219/1936/1987 1509/1314/1385 723/635/656
f 1509/1314/1385 720/632/653 723/635/656
f 725/637/658 722/634/655 726/638/659
f 2220/1937/719 727/639/660 2221/1938/1988
f 2222/1939/1989 2220/1937/719 2221/1938/1988
f 2221/1938/1988 2223/1940/1990 2222/1939/1989
f 2223/1940/1990 1512/1317/1388 2222/1939/1989
f 2223/1940/1990 1510/1315/1386 1512/1317/1388
f 2221/1938/1988 727/639/660 729/641/662
f 2224/1941/1991 2223/1940/1990 2221/1938/1988
f 729/641/662 2224/1941/1991 2221/1938/1988
f 2225/1942/1992 1510/1315/1386 2223/1940/1990
f 2224/1941/1991 2225/1942/1992 2223/1940/1990
f 2225/1942/1992 1516/1321/1392 1510/1315/1386
f 2225/1942/1992 2226/1943/1993 1516/1321/1392
f 2225/1942/1992 2224/1941/1991 2226/1943/1993
f 729/641/662 728/640/661 734/646/667
f 2224/1941/1991 729/641/662 734/646/667
f 730/642/663 731/643/664 728/640/661
f 730/642/663 2227/768/1994 731/643/664
f 2228/1944/1995 2224/1941/1991 734/646/667
f 2224/1941/1991 2228/1944/1995 2226/1943/1993
f 734/646/667 733/645/666 741/653/674
f 741/653/674 2229/1945/1996 734/646/667
f 2229/1945/1996 2228/1944/1995 734/646/667
f 740/652/673 733/645/666 732/644/665
f 2230/1946/1997 740/652/673 732/644/665
f 1518/1323/1394 742/654/675 737/649/670
f 746/658/679 1518/1323/1394 737/649/670
f 2230/1946/1997 732/644/665 744/656/677
f 2230/1946/1997 744/656/677 778/690/711
f 1518/1323/1394 746/658/679 745/657/678
f 1518/1323/1394 745/657/678 755/667/688
f 757/669/690 756/668/689 759/671/692
f 757/669/690 759/671/692 1518/1323/1394
f 757/669/690 1518/1323/1394 755/667/688
f 744/656/677 743/655/676 2231/1947/1998
f 744/656/677 2231/1947/1998 2232/1948/1999
f 2233/1949/2000 2234/1412/2001 2235/795/2002
f 2236/1950/2003 778/690/711 744/656/677
f 2236/1950/2003 2232/1948/1999 2237/1951/2004
f 2233/1949/2000 2238/1952/2005 2239/1953/2006
f 2239/1953/2006 2238/1952/2005 2240/1954/2007
f 2241/1955/2008 2240/1954/2007 2242/1956/2009
f 2243/1957/2010 2241/1955/2008 2242/1956/2009
f 2241/1955/2008 2244/1958/2011 2240/1954/2007
f 2241/1955/2008 2243/1957/2010 2244/1958/2011
f 2243/1957/2010 2245/1959/2012 2244/1958/2011
f 2245/1959/2012 2246/1960/2013 2244/1958/2011
f 2239/1953/2006 2240/1954/2007 2247/1961/2014
f 2244/1958/2011 2247/1961/2014 2240/1954/2007
f 2246/1960/2013 2247/1961/2014 2244/1958/2011
f 2239/1953/2006 2248/1962/2015 2233/1949/2000
f 2249/1963/2016 2236/1950/2003 2250/1964/2017
f 2249/1963/2016 2250/1964/2017 2251/1965/2018
f 2236/1950/2003 779/691/712 778/690/711
f 2249/1963/2016 779/691/712 2236/1950/2003
f 2252/801/2019 779/691/712 2249/1963/2016
f 2252/801/2019 2249/1963/2016 2253/1966/2020
f 2254/1967/2021 2253/1966/2020 2251/1965/2018
f 2252/801/2019 777/689/710 779/691/712
f 2255/1968/2022 2254/1967/2021 2256/1969/767
f 2257/1970/2023 2258/802/2024 2252/801/2019
f 2259/1971/2025 2257/1970/2023 2252/801/2019
f 2260/1972/2026 778/690/711 2261/1973/2027
f 2230/1946/1997 778/690/711 2260/1972/2026
f 2262/1974/2028 2252/801/2019 2253/1966/2020
f 2262/1974/2028 2259/1971/2025 2252/801/2019
f 2255/1968/2022 2263/1975/2029 2253/1966/2020
f 2263/1975/2029 2262/1974/2028 2253/1966/2020
f 2263/1975/2029 2259/1971/2025 2262/1974/2028
f 1525/1329/1401 2259/1971/2025 2263/1975/2029
f 1524/1328/1400 2263/1975/2029 2255/1968/2022
f 1524/1328/1400 1525/1329/1401 2263/1975/2029
f 782/694/715 2255/1968/2022 2256/1969/767
f 782/694/715 1524/1328/1400 2255/1968/2022
f 2256/1969/767 780/692/713 782/694/715
f 782/694/715 781/693/714 1524/1328/1400
f 1524/1328/1400 784/696/717 1525/1329/1401
f 740/652/673 2230/1946/1997 787/699/720
f 740/652/673 787/699/720 2264/1976/2030
f 741/653/674 740/652/673 2264/1976/2030
f 2265/1977/2031 2229/1945/1996 741/653/674
f 2264/1976/2030 2265/1977/2031 741/653/674
f 2264/1976/2030 787/699/720 2266/1978/1989
f 787/699/720 786/698/719 2266/1978/1989
f 2267/1979/2032 2265/1977/2031 2264/1976/2030
f 2266/1978/1989 2267/1979/2032 2264/1976/2030
f 2230/1946/1997 788/700/721 787/699/720
f 2268/807/740 785/697/718 788/700/721
f 2269/1980/2033 2268/807/740 788/700/721
f 2260/1972/2026 2269/1980/2033 2230/1946/1997
f 2269/1980/2033 788/700/721 2230/1946/1997
f 2269/1980/2033 2270/1981/2034 2268/807/740
f 2265/1977/2031 2267/1979/2032 1528/1332/1403
f 2267/1979/2032 2271/1416/2035 1528/1332/1403
f 2271/1416/2035 1526/1330/1389 1528/1332/1403
f 2272/1982/2036 2273/1983/2037 2270/1981/2034
f 2274/1984/2038 2275/1985/2039 2273/1983/2037
f 2272/1982/2036 2276/1986/2040 2277/1987/2041
f 2273/1983/2037 2272/1982/2036 2277/1987/2041
f 2276/1986/2040 797/709/730 2277/1987/2041
f 2274/1984/2038 2273/1983/2037 2278/1988/2042
f 2278/1988/2042 2273/1983/2037 2277/1987/2041
f 790/702/723 2274/1984/2038 2278/1988/2042
f 2278/1988/2042 2277/1987/2041 791/703/724
f 2278/1988/2042 791/703/724 790/702/723
f 793/705/726 2277/1987/2041 797/709/730
f 2277/1987/2041 793/705/726 791/703/724
f 2265/1977/2031 1528/1332/1403 2279/1422/2043
f 2229/1945/1996 2265/1977/2031 2279/1422/2043
f 2229/1945/1996 2279/1422/2043 2280/1421/2044
f 2229/1945/1996 2280/1421/2044 2228/1944/1995
f 2281/1420/2045 2226/1943/1993 2228/1944/1995
f 2280/1421/2044 2281/1420/2045 2228/1944/1995
f 2226/1943/1993 2281/1420/2045 1542/1346/1416
f 2226/1943/1993 1542/1346/1416 1516/1321/1392
f 2281/1420/2045 2280/1421/2044 1541/1345/1415
f 2281/1420/2045 1541/1345/1415 1542/1346/1416
f 2280/1421/2044 2279/1422/2043 1539/1343/1413
f 2280/1421/2044 1539/1343/1413 1541/1345/1415
f 2279/1422/2043 1529/1333/1404 1539/1343/1413
f 2279/1422/2043 1528/1332/1403 1529/1333/1404
f 1528/1332/1403 1527/1331/1402 1529/1333/1404
f 1557/1358/1431 1549/1351/1423 1555/1356/1429
f 1555/1356/1429 1556/1357/1430 2282/1989/2046
f 1555/1356/1429 2282/1989/2046 1557/1358/1431
f 2282/1989/2046 1565/1366/1439 1557/1358/1431
f 1556/1357/1430 2283/1990/2047 2282/1989/2046
f 2282/1989/2046 2284/1991/2048 1565/1366/1439
f 2282/1989/2046 2283/1990/2047 2284/1991/2048
f 2283/1990/2047 2285/1992/2049 2284/1991/2048
f 2284/1991/2048 2285/1992/2049 2286/1993/2050
f 1557/1358/1431 1565/1366/1439 1559/1360/1433
f 1559/1360/1433 1550/822/1424 1557/1358/1431
f 2284/1991/2048 2287/1994/2051 1561/1362/1435
f 2284/1991/2048 1564/1365/1438 1565/1366/1439
f 2284/1991/2048 1561/1362/1435 1564/1365/1438
f 1562/1363/1436 1561/1362/1435 2287/1994/2051
f 2288/1995/2052 1562/1363/1436 2287/1994/2051
f 1565/1366/1439 2289/1996/2053 1559/1360/1433
f 1567/1368/1441 1558/1359/1432 1559/1360/1433
f 1559/1360/1433 2289/1996/2053 1567/1368/1441
f 1565/1366/1439 1563/1364/1437 1580/1381/1452
f 2289/1996/2053 1565/1366/1439 1580/1381/1452
f 2289/1996/2053 1579/1380/1451 1567/1368/1441
f 1579/1380/1451 2289/1996/2053 1580/1381/1452
f 2290/1443/1430 1574/1375/1410 1575/1376/1447
f 1576/1377/1448 2290/1443/1430 1575/1376/1447
f 2291/1997/2047 2290/1443/1430 1576/1377/1448
f 1577/1378/1449 1566/1367/1440 1567/1368/1441
f 1567/1368/1441 1579/1380/1451 1577/1378/1449
f 1576/1377/1448 1577/1378/1449 2292/1998/2054
f 2292/1998/2054 2291/1997/2047 1576/1377/1448
f 2293/1999/2049 2291/1997/2047 2292/1998/2054
f 1577/1378/1449 2294/2000/2055 2292/1998/2054
f 1579/1380/1451 2294/2000/2055 1577/1378/1449
f 2295/2001/2056 2292/1998/2054 2294/2000/2055
f 2295/2001/2056 2293/1999/2049 2292/1998/2054
f 2296/2002/2057 2293/1999/2049 2295/2001/2056
f 2297/2003/2058 2296/2002/2057 2295/2001/2056
f 2295/2001/2056 2298/2004/2059 2297/2003/2058
f 2298/2004/2059 2295/2001/2056 2294/2000/2055
f 2298/2004/2059 2299/2005/1788 2297/2003/2058
f 2294/2000/2055 1579/1380/1451 1582/1383/1454
f 2294/2000/2055 1582/1383/1454 2298/2004/2059
f 2300/2006/2060 2298/2004/2059 1582/1383/1454
f 2300/2006/2060 2301/2007/2061 2299/2005/1788
f 2300/2006/2060 1583/1384/1455 2301/2007/2061
f 2300/2006/2060 1582/1383/1454 1583/1384/1455
f 1579/1380/1451 1578/1379/1450 1582/1383/1454
f 1583/1384/1455 2302/2008/2062 2301/2007/2061
f 2302/2008/2062 2303/2009/2063 2301/2007/2061
f 1585/1386/1457 2302/2008/2062 1583/1384/1455
f 2304/2010/2064 1563/1364/1437 1562/1363/1436
f 2304/2010/2064 1584/1385/1456 1563/1364/1437
f 1586/1387/1458 1585/1386/1457 1581/1382/1453
f 1586/1387/1458 1584/1385/1456 2304/2010/2064
f 2302/2008/2062 2305/2011/2065 2303/2009/2063
f 2305/2011/2065 2306/2012/2066 2303/2009/2063
f 2307/2013/2067 2304/2010/2064 1562/1363/1436
f 2307/2013/2067 1562/1363/1436 2288/1995/2052
f 2308/2014/2068 2305/2011/2065 2302/2008/2062
f 1585/1386/1457 2308/2014/2068 2302/2008/2062
f 1586/1387/1458 2309/2015/2069 1585/1386/1457
f 2309/2015/2069 2308/2014/2068 1585/1386/1457
f 2309/2015/2069 1586/1387/1458 2310/2016/2070
f 2310/2016/2070 2304/2010/2064 2307/2013/2067
f 2310/2016/2070 1586/1387/1458 2304/2010/2064
f 2311/2017/2071 2310/2016/2070 2307/2013/2067
f 2311/2017/2071 2307/2013/2067 2288/1995/2052
f 2308/2014/2068 2312/2018/2072 2305/2011/2065
f 2312/2018/2072 2313/2019/2073 2305/2011/2065
f 2308/2014/2068 2309/2015/2069 2312/2018/2072
f 2314/2020/2074 2315/2021/1729 2313/2019/2073
f 2316/2022/2075 2317/2023/2076 2314/2020/2074
f 2316/2022/2075 2311/2017/2071 2318/2024/2077
f 2319/2025/2078 2309/2015/2069 2310/2016/2070
f 2319/2025/2078 2310/2016/2070 2311/2017/2071
f 2316/2022/2075 2319/2025/2078 2311/2017/2071
f 2320/2026/2079 2312/2018/2072 2309/2015/2069
f 2312/2018/2072 2320/2026/2079 2314/2020/2074
f 2320/2026/2079 2309/2015/2069 2319/2025/2078
f 2320/2026/2079 2319/2025/2078 2316/2022/2075
f 2314/2020/2074 2320/2026/2079 2316/2022/2075
f 807/719/738 808/720/739 1588/1389/1460
f 807/719/738 1588/1389/1460 803/715/722
f 1588/1389/1460 2321/2027/723 803/715/722
f 2322/2028/730 1587/1388/1459 806/718/737
f 1588/1389/1460 1587/1388/1459 2323/2029/2080
f 2324/2030/2040 2325/2031/2081 2323/2029/2080
f 1588/1389/1460 2326/2032/2082 2321/2027/723
f 2327/2033/2083 811/723/741 2328/2034/2084
f 810/722/740 2329/2035/2039 811/723/741
f 812/724/742 811/723/741 2327/2033/2083
f 812/724/742 809/721/718 811/723/741
f 2330/2036/663 814/726/743 812/724/742
f 812/724/742 2327/2033/2083 2331/2037/2085
f 812/724/742 2331/2037/2085 2330/2036/663
f 2332/2038/2023 2333/2039/2025 2334/2040/2086
f 818/730/746 1590/1391/679 819/731/670
f 2333/2039/2025 2335/2041/2087 2334/2040/2086
f 2333/2039/2025 2336/2042/1401 2335/2041/2087
f 818/730/746 1589/1390/1461 1590/1391/679
f 818/730/746 815/727/744 826/738/752
f 2337/2043/2088 1595/1396/1465 1591/1392/1462
f 2338/2044/2009 2339/2045/2005 2340/2046/2089
f 2338/2044/2009 2340/2046/2089 2341/2047/2090
f 2342/2048/2010 2338/2044/2009 2341/2047/2090
f 2341/2047/2090 2340/2046/2089 2343/2049/2091
f 2341/2047/2090 2343/2049/2091 2342/2048/2010
f 2343/2049/2091 2344/2050/2012 2342/2048/2010
f 2340/2046/2089 2345/2051/2092 2343/2049/2091
f 2340/2046/2089 2346/2052/2093 2345/2051/2092
f 2343/2049/2091 2345/2051/2092 2344/2050/2012
f 2345/2051/2092 2347/2053/2094 2344/2050/2012
f 2345/2051/2092 2348/2054/2095 2347/2053/2094
f 2337/2043/2088 2348/2054/2095 2346/2052/2093
f 2337/2043/2088 2349/2055/2096 2348/2054/2095
f 2350/2056/2097 2351/2057/2098 2352/2058/2021
f 2351/2057/2098 2350/2056/2097 2335/2041/2087
f 2351/2057/2098 845/757/767 2352/2058/2021
f 2351/2057/2098 843/755/766 845/757/767
f 2351/2057/2098 848/760/770 843/755/766
f 848/760/770 2351/2057/2098 2335/2041/2087
f 2336/2042/1401 848/760/770 2335/2041/2087
f 2336/2042/1401 847/759/769 848/760/770
f 848/760/770 846/758/768 843/755/766
f 850/762/772 2353/1939/2099 851/763/773
f 1602/1403/1470 851/763/773 2353/1939/2099
f 1603/1317/1471 1602/1403/1470 2353/1939/2099
f 2354/2059/2100 1601/1402/1469 1603/1317/1471
f 2354/2059/2100 1604/1404/1472 1601/1402/1469
f 1602/1403/1470 2355/2060/2101 851/763/773
f 2355/2060/2101 852/764/774 851/763/773
f 1602/1403/1470 1601/1402/1469 1608/1405/1476
f 2355/2060/2101 1602/1403/1470 1608/1405/1476
f 856/642/778 849/761/771 853/640/775
f 1608/1405/1476 1630/1419/1496 2355/2060/2101
f 1630/1419/1496 1608/1405/1476 1607/1321/1475
f 854/646/776 852/764/774 2355/2060/2101
f 856/642/778 855/765/777 860/768/782
f 2356/2061/2102 854/646/776 2355/2060/2101
f 1630/1419/1496 2356/2061/2102 2355/2060/2101
f 2356/2061/2102 2357/1945/2103 854/646/776
f 2357/1945/2103 862/769/784 854/646/776
f 863/770/785 858/767/780 862/769/784
f 863/770/785 868/774/790 857/766/779
f 1612/658/1480 867/773/789 866/772/788
f 869/775/791 868/774/790 898/799/820
f 1612/658/1480 866/772/788 876/780/798
f 866/772/788 879/783/801 877/781/799
f 879/783/801 865/671/787 878/782/800
f 897/798/819 2358/2062/2104 869/775/791
f 2359/2063/2105 2360/2064/2106 2361/2065/2107
f 2360/2064/2106 2362/2066/2108 2361/2065/2107
f 2360/2064/2106 2363/1955/2109 2362/2066/2108
f 2363/1955/2109 2364/2067/2110 2362/2066/2108
f 2364/2067/2110 2363/1955/2109 2365/1958/2111
f 2363/1955/2109 2360/2064/2106 2365/1958/2111
f 2366/2068/2112 2364/2067/2110 2365/1958/2111
f 2366/2068/2112 2365/1958/2111 2367/2069/2113
f 2365/1958/2111 2368/2070/2114 2367/2069/2113
f 2368/2070/2114 2360/2064/2106 2359/2063/2105
f 2360/2064/2106 2368/2070/2114 2365/1958/2111
f 2367/2069/2113 2368/2070/2114 2369/2071/2115
f 897/798/819 2370/2072/2116 2371/2073/2117
f 897/798/819 899/800/821 2370/2072/2116
f 899/800/821 900/801/822 2372/1966/2118
f 2373/1967/2119 2374/2074/2120 2372/1966/2118
f 2373/1967/2119 2372/1966/2118 2375/2075/2121
f 2376/2076/2122 2373/1967/2119 2375/2075/2121
f 900/801/822 2377/2077/2123 2378/2078/2124
f 2379/2079/2125 900/801/822 2378/2078/2124
f 900/801/822 2379/2079/2125 2372/1966/2118
f 2379/2079/2125 2380/2080/2126 2372/1966/2118
f 2378/2078/2124 2380/2080/2126 2379/2079/2125
f 2380/2080/2126 2375/2075/2121 2372/1966/2118
f 2380/2080/2126 2378/2078/2124 2381/1329/2127
f 1622/1414/1489 2376/2076/2122 2375/2075/2121
f 2376/2076/2122 1622/1414/1489 903/803/825
f 1622/1414/1489 2375/2075/2121 1623/1328/1490
f 2375/2075/2121 2380/2080/2126 1623/1328/1490
f 1623/1328/1490 2380/2080/2126 2381/1329/2127
f 1622/1414/1489 904/804/826 903/803/825
f 2381/1329/2127 905/805/827 1624/1415/1491
f 1623/1328/1490 2381/1329/2127 1624/1415/1491
f 868/774/790 863/770/785 2382/699/2128
f 2382/699/2128 863/770/785 2383/1976/2129
f 863/770/785 862/769/784 2383/1976/2129
f 2357/1945/2103 2384/1977/2130 862/769/784
f 2384/1977/2130 2383/1976/2129 862/769/784
f 2382/699/2128 2383/1976/2129 2385/2081/2099
f 2386/2082/772 2382/699/2128 2385/2081/2099
f 2384/1977/2130 2387/2083/2131 2383/1976/2129
f 2387/2083/2131 2385/2081/2099 2383/1976/2129
f 2386/2082/772 906/806/828 2382/699/2128
f 2382/699/2128 906/806/828 908/808/830
f 908/808/830 868/774/790 2382/699/2128
f 907/807/829 2388/2084/2132 908/808/830
f 868/774/790 908/808/830 2388/2084/2132
f 2389/2085/2133 868/774/790 2388/2084/2132
f 2389/2085/2133 2388/2084/2132 2390/2086/2134
f 2387/2083/2131 2384/1977/2130 1627/1417/1493
f 1626/1416/1492 2387/2083/2131 1627/1417/1493
f 2389/2085/2133 2391/2087/2135 2392/2088/2136
f 2393/2089/2137 2391/2087/2135 2390/2086/2134
f 2393/2089/2137 2394/2090/2138 2392/2088/2136
f 2395/1983/2139 2393/2089/2137 2390/2086/2134
f 2395/1983/2139 2390/2086/2134 2396/1985/2140
f 2397/1984/2141 2395/1983/2139 2396/1985/2140
f 2393/2089/2137 2395/1983/2139 2398/1987/2142
f 2393/2089/2137 2398/1987/2142 2394/2090/2138
f 2398/1987/2142 914/813/836 2394/2090/2138
f 2395/1983/2139 2397/1984/2141 2399/2091/2143
f 2395/1983/2139 2399/2091/2143 2398/1987/2142
f 2397/1984/2141 2400/2092/2144 2399/2091/2143
f 2399/2091/2143 910/810/832 2398/1987/2142
f 910/810/832 2399/2091/2143 2400/2092/2144
f 910/810/832 2400/2092/2144 911/701/833
f 910/810/832 1628/705/1494 2398/1987/2142
f 2398/1987/2142 1628/705/1494 914/813/836
f 1628/705/1494 910/810/832 909/809/831
f 914/813/836 1628/705/1494 915/814/837
f 2384/1977/2130 2357/1945/2103 1636/1422/1502
f 1627/1417/1493 2384/1977/2130 1636/1422/1502
f 1634/1421/1500 2357/1945/2103 2356/2061/2102
f 1636/1422/1502 2357/1945/2103 1634/1421/1500
f 1632/1420/1498 1634/1421/1500 2356/2061/2102
f 1630/1419/1496 1632/1420/1498 2356/2061/2102
f 1632/1420/1498 1630/1419/1496 1629/1418/1495
f 1634/1421/1500 1632/1420/1498 1631/1345/1497
f 1636/1422/1502 1634/1421/1500 1633/1343/1499
f 1627/1417/1493 1636/1422/1502 1635/1333/1501
f 1654/1429/1519 1653/1355/1518 924/823/846
f 1654/1429/1519 2401/2093/1540 1644/1340/1509
f 2402/2094/2145 924/823/846 923/822/845
f 2402/2094/2145 1654/1429/1519 924/823/846
f 2401/2093/1540 1654/1429/1519 2403/1989/2146
f 2403/1989/2146 1654/1429/1519 2402/2094/2145
f 1664/1366/1529 2403/1989/2146 2402/2094/2145
f 2404/2095/2147 2401/2093/1540 2403/1989/2146
f 2404/2095/2147 2403/1989/2146 1659/1433/1524
f 2403/1989/2146 1664/1366/1529 1659/1433/1524
f 2405/1992/2148 2404/2095/2147 1659/1433/1524
f 2405/1992/2148 1659/1433/1524 2406/2096/2149
f 1659/1433/1524 2407/2097/2150 2406/2096/2149
f 1656/1430/1521 2402/2094/2145 923/822/845
f 1664/1366/1529 2402/2094/2145 1656/1430/1521
f 1662/1434/1527 2407/2097/2150 1659/1433/1524
f 2408/2098/2151 2407/2097/2150 1662/1434/1527
f 1662/1434/1527 1659/1433/1524 1658/1432/1523
f 1664/1366/1529 1660/1365/1525 1659/1433/1524
f 1661/1363/1526 2408/2098/2151 1662/1434/1527
f 1661/1363/1526 1658/1432/1523 1663/1435/1528
f 2409/2099/2152 1664/1366/1529 1656/1430/1521
f 1656/1430/1521 1665/1368/1530 2409/2099/2152
f 1665/1368/1530 1655/1359/1520 1666/1436/1531
f 2409/2099/2152 1668/1381/1533 1664/1366/1529
f 2409/2099/2152 1679/1445/1543 1668/1381/1533
f 1665/1368/1530 1679/1445/1543 2409/2099/2152
f 1676/1443/1540 1677/1444/1541 1675/1442/1539
f 1677/1444/1541 1676/1443/1540 2410/2100/2147
f 1679/1445/1543 1665/1368/1530 2411/2101/2153
f 2411/2101/2153 1665/1368/1530 1666/1436/1531
f 1677/1444/1541 2411/2101/2153 1666/1436/1531
f 1677/1444/1541 2412/2102/2154 2411/2101/2153
f 2412/2102/2154 1677/1444/1541 2410/2100/2147
f 2412/2102/2154 2410/2100/2147 2413/2103/2148
f 2412/2102/2154 2414/2104/2155 2411/2101/2153
f 2414/2104/2155 1679/1445/1543 2411/2101/2153
f 2415/2001/2156 2412/2102/2154 2413/2103/2148
f 2412/2102/2154 2415/2001/2156 2414/2104/2155
f 2413/2103/2148 2416/2002/2157 2415/2001/2156
f 2416/2002/2157 2417/2003/2158 2415/2001/2156
f 2415/2001/2156 2418/2105/2159 2414/2104/2155
f 2418/2105/2159 2415/2001/2156 2417/2003/2158
f 1679/1445/1543 2414/2104/2155 1680/1446/1544
f 1680/1446/1544 2414/2104/2155 2418/2105/2159
f 2418/2105/2159 2419/2005/2160 2420/2006/2161
f 2418/2105/2159 2420/2006/2161 1680/1446/1544
f 1680/1446/1544 2420/2006/2161 1683/1384/1547
f 1683/1384/1547 2420/2006/2161 2421/2007/2162
f 1679/1445/1543 1678/1379/1542 1668/1381/1533
f 1680/1446/1544 1683/1384/1547 1681/1382/1545
f 2422/2008/2163 1683/1384/1547 2421/2007/2162
f 1683/1384/1547 2422/2008/2163 1684/1448/1548
f 1685/1449/1549 1682/1447/1546 1686/1450/1550
f 2423/2011/2164 2422/2008/2163 2424/2106/2165
f 1685/1449/1549 2425/2107/2166 1661/1363/1526
f 1661/1363/1526 2425/2107/2166 2408/2098/2151
f 2422/2008/2163 2423/2011/2164 2426/2108/2167
f 1684/1448/1548 2422/2008/2163 2426/2108/2167
f 1684/1448/1548 2426/2108/2167 2427/2109/2168
f 1686/1450/1550 1684/1448/1548 2427/2109/2168
f 2428/2016/2169 1686/1450/1550 2427/2109/2168
f 2425/2107/2166 1685/1449/1549 2428/2016/2169
f 2428/2016/2169 1685/1449/1549 1686/1450/1550
f 2429/2110/2170 2425/2107/2166 2428/2016/2169
f 2425/2107/2166 2429/2110/2170 2408/2098/2151
f 2429/2110/2170 2430/2111/2171 2408/2098/2151
f 2423/2011/2164 2431/2019/2172 2432/2018/2173
f 2427/2109/2168 2426/2108/2167 2432/2018/2173
f 2426/2108/2167 2423/2011/2164 2432/2018/2173
f 2432/2018/2173 2431/2019/2172 2433/2112/2174
f 2433/2112/2174 2434/2113/1706 2435/2114/2175
f 2436/2115/2176 2433/2112/2174 2435/2114/2175
f 2436/2115/2176 2435/2114/2175 2430/2111/2171
f 2429/2110/2170 2436/2115/2176 2430/2111/2171
f 2437/2025/2177 2436/2115/2176 2429/2110/2170
f 2437/2025/2177 2428/2016/2169 2427/2109/2168
f 2428/2016/2169 2437/2025/2177 2429/2110/2170
f 2438/2116/2178 2432/2018/2173 2433/2112/2174
f 2427/2109/2168 2438/2116/2178 2437/2025/2177
f 2432/2018/2173 2438/2116/2178 2427/2109/2168
f 2437/2025/2177 2438/2116/2178 2436/2115/2176
f 2438/2116/2178 2433/2112/2174 2436/2115/2176
f 930/827/851 925/824/847 927/715/833
f 930/827/851 931/828/852 929/826/850
f 2439/1389/2179 930/827/851 927/715/833
f 930/827/851 2439/1389/2179 931/828/852
f 2440/2117/2144 2439/1389/2179 927/715/833
f 2439/1389/2179 1687/1451/1551 931/828/852
f 2441/2118/2138 2442/2119/836 1687/1451/1551
f 2443/2120/2141 2444/2121/2180 2440/2117/2144
f 2445/2033/2181 2446/2122/2182 2447/2123/2183
f 935/723/854 2445/2033/2181 2447/2123/2183
f 2448/722/2184 933/829/828 935/723/854
f 935/723/854 934/724/853 2445/2033/2181
f 934/724/853 933/829/828 2449/2124/772
f 2449/2124/772 936/726/855 934/724/853
f 2445/2033/2181 934/724/853 2450/2037/2185
f 934/724/853 937/830/778 2450/2037/2185
f 937/830/778 2451/2125/782 2450/2037/2185
f 2445/2033/2181 2450/2037/2185 952/729/868
f 2452/2039/2124 2453/2126/2123 2454/2040/2186
f 946/730/863 938/727/856 940/831/789
f 1689/1391/1480 946/730/863 940/831/789
f 2455/2127/2187 2452/2039/2124 2454/2040/2186
f 2456/2042/2127 2452/2039/2124 2455/2127/2187
f 2457/2128/2188 1694/1454/1554 1693/1392/1553
f 2458/2129/2189 2455/2127/2187 2454/2040/2186
f 2459/2130/2190 2460/2131/2191 2461/2044/2108
f 2462/2048/2110 2459/2130/2190 2461/2044/2108
f 2459/2130/2190 2463/2049/2192 2460/2131/2191
f 2459/2130/2190 2462/2048/2110 2463/2049/2192
f 2462/2048/2110 2464/2132/2112 2463/2049/2192
f 2463/2049/2192 2464/2132/2112 2465/2133/2193
f 2463/2049/2192 2465/2133/2193 2460/2131/2191
f 2464/2132/2112 2466/2134/2194 2465/2133/2193
f 2457/2128/2188 2467/2135/2116 2468/2136/2195
f 2458/2129/2189 2468/2136/2195 2469/2058/2119
f 2470/2057/2196 2458/2129/2189 2469/2058/2119
f 2455/2127/2187 2458/2129/2189 2470/2057/2196
f 2471/2137/2122 2470/2057/2196 2469/2058/2119
f 2470/2057/2196 2471/2137/2122 962/755/878
f 2471/2137/2122 963/842/825 962/755/878
f 965/844/880 2455/2127/2187 2470/2057/2196
f 965/844/880 2456/2042/2127 2455/2127/2187
f 2470/2057/2196 962/755/878 965/844/880
f 2456/2042/2127 965/844/880 966/759/881
f 965/844/880 964/843/879 966/759/881
f 975/853/890 971/849/886 986/864/901
f 977/855/892 973/851/888 976/854/891
f 986/864/901 2472/2138/2197 990/868/905
f 2472/2138/2197 980/858/895 990/868/905
f 990/868/905 980/858/895 982/860/897
f 988/866/903 977/855/892 976/854/891
f 988/866/903 987/865/902 991/869/906
f 988/866/903 992/870/907 977/855/892
f 999/877/914 993/871/908 982/860/897
f 999/877/914 982/860/897 1000/878/915
f 982/860/897 981/859/896 1000/878/915
f 999/877/914 998/876/913 991/869/906
f 1015/849/930 1022/853/937 1020/896/935
f 1015/849/930 1017/893/932 1022/853/937
f 1746/1499/1596 1741/1494/1592 1743/1496/1593
f 1743/1496/1593 1744/1497/1594 1746/1499/1596
f 1747/1500/1597 1749/1502/1599 1745/1498/1595
f 1749/1502/1599 1747/1500/1597 1750/1503/1600
f 94/94/92 1757/1510/1607 1754/1507/1604
f 1757/1510/1607 94/94/92 1167/1033/1072
f 2473/2139/2198 1756/1509/1606 1759/1512/1609
f 2473/2139/2198 1759/1512/1609 1876/1627/1712
f 1876/1627/1712 1759/1512/1609 1871/1622/1708
f 2474/2140/2199 2473/2139/2198 1876/1627/1712
f 2474/2140/2199 1876/1627/1712 2475/2141/2200
f 2476/2142/2201 1759/1512/1609 1758/1511/1608
f 1759/1512/1609 2476/2142/2201 1871/1622/1708
f 1166/1032/1071 1761/1514/1611 1758/1511/1608
f 1761/1514/1611 2476/2142/2201 1758/1511/1608
f 1761/1514/1611 1166/1032/1071 87/87/85
f 2477/2143/2202 1871/1622/1708 2476/2142/2201
f 2478/2144/2203 2477/2143/2202 2476/2142/2201
f 2476/2142/2201 1761/1514/1611 2478/2144/2203
f 2478/2144/2203 1761/1514/1611 1762/1515/1612
f 2477/2143/2202 1868/1619/1706 1871/1622/1708
f 1764/1516/1614 1762/1515/1612 1760/1513/1610
f 1764/1516/1614 91/91/89 1765/1517/1615
f 1169/1035/1074 1766/1518/1616 1168/1034/1073
f 1169/1035/1074 1171/1037/1076 1766/1518/1616
f 1171/1037/1076 2479/2145/2160 1766/1518/1616
f 2480/2146/2204 2479/2145/2160 1171/1037/1076
f 101/101/99 2480/2146/2204 1171/1037/1076
f 2480/2146/2204 101/101/99 2481/2147/2165
f 101/101/99 1171/1037/1076 102/102/100
f 101/101/99 1771/1523/1621 2481/2147/2165
f 1770/1522/1620 2481/2147/2165 1771/1523/1621
f 1771/1523/1621 101/101/99 100/100/98
f 1770/1522/1620 1769/1521/1619 1773/1525/1623
f 1772/1524/1622 1769/1521/1619 113/113/111
f 1776/1528/1626 1771/1523/1621 100/100/98
f 1747/1500/1597 1778/1530/1628 1777/1529/1627
f 1743/1496/1593 1782/1534/1632 1779/1531/1629
f 1789/1541/1638 1787/1539/1636 1780/1532/1630
f 1794/1546/1642 98/98/96 1788/1540/1637
f 1794/1546/1642 108/108/106 96/96/94
f 1808/1560/1656 1809/1561/1657 1806/1558/1654
f 1776/1528/1626 100/100/98 110/110/108
f 1776/1528/1626 1814/1565/1661 113/113/111
f 2482/2148/2205 1843/1594/1685 2483/2149/2199
f 1843/1594/1685 1842/1593/1684 2483/2149/2199
f 1846/1597/1688 1842/1593/1684 117/117/115
f 1846/1597/1688 2483/2149/2199 1842/1593/1684
f 1851/1602/1691 1847/1598/1666 1849/1600/1689
f 1851/1602/1691 1855/1606/1694 1852/1603/1663
f 1867/1618/1622 1860/1611/1699 1862/1613/1701
f 1868/1619/1706 1866/1617/1705 1871/1622/1708
f 1867/1618/1622 1866/1617/1705 1869/1620/1623
f 1876/1627/1712 1875/1626/1711 1888/1639/1722
f 1876/1627/1712 1888/1639/1722 2475/2141/2200
f 1881/1632/1716 1888/1639/1722 1875/1626/1711
f 2475/2141/2200 1888/1639/1722 1889/1640/1723
f 2484/2150/2206 2475/2141/2200 1889/1640/1723
f 2484/2150/2206 1889/1640/1723 2485/2151/2207
f 1881/1632/1716 1877/1628/1713 1886/1637/1720
f 1889/1640/1723 1891/1642/1725 2485/2151/2207
f 2485/2151/2207 1891/1642/1725 2486/2152/1834
f 1891/1642/1725 1892/1643/1726 2486/2152/1834
f 1893/1644/1727 1891/1642/1725 1890/1641/1724
f 2487/2153/1780 1892/1643/1726 1893/1644/1727
f 2487/2153/1780 1893/1644/1727 2488/2154/2208
f 2487/2153/1780 2488/2154/2208 2489/2155/2209
f 1893/1644/1727 1890/1641/1724 2490/2156/2210
f 2488/2154/2208 1893/1644/1727 2490/2156/2210
f 2490/2156/2210 1890/1641/1724 1895/1646/1729
f 2491/2157/2211 1895/1646/1729 1894/1645/1728
f 1898/1649/1732 2491/2157/2211 1894/1645/1728
f 1898/1649/1732 1894/1645/1728 1896/1647/1730
f 1884/1635/1719 1901/1652/1735 1879/1630/1715
f 1884/1635/1719 1903/1654/1737 1902/1653/1736
f 1952/1692/1772 1951/1691/1756 1949/1689/1771
f 1957/1697/1775 1954/1694/1773 1955/1695/1595
f 1958/1698/1599 1957/1697/1775 1955/1695/1595
f 1967/1704/1779 290/252/282 1966/1703/1726
f 1967/1704/1779 1362/1028/1253 290/252/282
f 1968/1705/1780 1967/1704/1779 1966/1703/1726
f 1967/1704/1779 292/254/284 1362/1028/1253
f 1969/1706/1781 1358/1021/1249 1364/1182/1255
f 1969/1706/1781 1965/1702/1778 1358/1021/1249
f 1969/1706/1781 1364/1182/1255 1366/1033/1257
f 1367/94/1258 1969/1706/1781 1366/1033/1257
f 1968/1705/1780 1971/1707/1783 1970/1513/1782
f 1367/94/1258 297/258/289 298/259/290
f 1369/1184/1260 301/261/293 1368/1034/1259
f 1369/1184/1260 1974/1710/1786 1371/1186/1262
f 1976/1711/1788 2492/2158/2212 1371/1186/1262
f 1369/1184/1260 1371/1186/1262 1370/1185/1261
f 2492/2158/2212 305/265/297 1371/1186/1262
f 305/265/297 2492/2158/2212 2493/2147/2063
f 306/266/298 305/265/297 2493/2147/2063
f 2493/2147/2063 2494/2159/2066 306/266/298
f 2494/2159/2066 1979/1521/1791 306/266/298
f 2494/2159/2066 2495/2160/2211 1979/1521/1791
f 2495/2160/2211 1980/1524/1732 1979/1521/1791
f 306/266/298 1979/1521/1791 316/274/305
f 316/274/305 303/263/295 306/266/298
f 1957/1697/1775 1983/1716/1793 1954/1694/1773
f 1952/1692/1772 1954/1694/1773 1984/1717/1794
f 1952/1692/1772 1987/1534/1797 1951/1691/1756
f 1994/1724/1803 1985/1718/1795 1992/1722/1801
f 1999/1728/1807 1975/98/1787 300/260/292
f 1994/1724/1803 1992/1722/1801 2000/1729/1808
f 1994/1724/1803 2001/1730/1809 1997/1726/1805
f 1999/1728/1807 300/260/292 307/267/299
f 2013/1739/1656 2009/1555/1817 2011/1737/1819
f 2042/1764/1660 2016/1742/1821 2015/1741/1658
f 316/274/305 319/277/307 2017/1743/1661
f 316/274/305 2017/1743/1661 314/272/108
f 2496/2161/2205 2497/2162/2206 2045/1766/1685
f 2497/2162/2206 2498/2163/2213 2045/1766/1685
f 2498/2163/2213 326/284/312 2045/1766/1685
f 2497/2162/2206 2499/2164/2214 2498/2163/2213
f 2498/2163/2213 2499/2164/2214 326/284/312
f 2499/2164/2214 2046/1596/1834 326/284/312
f 2061/1780/1846 427/374/394 1445/1250/494
f 2061/1780/1846 1445/1250/494 2062/1781/1847
f 2063/1782/1848 2064/1783/1849 2500/2165/2215
f 2501/2166/2216 2063/1782/1848 2500/2165/2215
f 2501/2166/2216 2500/2165/2215 2502/2167/2217
f 2066/1785/1851 2503/2168/1846 2067/1786/1845
f 2068/1787/1848 2504/2169/2218 2065/1784/1850
f 2504/2169/2218 2069/1788/1852 2065/1784/1850
f 2069/1788/1852 2504/2169/2218 2505/2170/2219
f 2066/1785/1851 2065/1784/1850 2070/1789/1853
f 2506/2171/2220 2070/1789/1853 2069/1788/1852
f 2507/2172/2221 2506/2171/2220 2069/1788/1852
f 2507/2172/2221 2069/1788/1852 2505/2170/2219
f 2505/2170/2219 2508/2173/1972 2507/2172/2221
f 2508/2173/1972 2075/1794/1858 2507/2172/2221
f 2507/2172/2221 2075/1794/1858 2506/2171/2220
f 2508/2173/1972 2073/1792/1856 2075/1794/1858
f 2066/1785/1851 2070/1789/1853 2072/1791/1855
f 2509/2174/2222 2071/1790/1854 2072/1791/1855
f 2510/2175/2223 2072/1791/1855 2070/1789/1853
f 2506/2171/2220 2510/2175/2223 2070/1789/1853
f 2072/1791/1855 2510/2175/2223 2509/2174/2222
f 2510/2175/2223 2506/2171/2220 1447/1252/1329
f 2510/2175/2223 2079/1798/1862 2509/2174/2222
f 2079/1798/1862 2510/2175/2223 1447/1252/1329
f 2079/1798/1862 2078/1797/1861 2509/2174/2222
f 2078/1797/1861 2511/2176/2224 2509/2174/2222
f 2079/1798/1862 1449/1254/1331 2078/1797/1861
f 2075/1794/1858 2074/1793/1857 2086/1805/1869
f 2075/1794/1858 2088/1807/1871 2506/2171/2220
f 2088/1807/1871 2075/1794/1858 2086/1805/1869
f 2506/2171/2220 2087/1806/1870 1447/1252/1329
f 2088/1807/1871 2087/1806/1870 2506/2171/2220
f 2088/1807/1871 2089/1808/1872 1451/1256/1333
f 2512/2177/2225 2151/1870/1931 542/489/499
f 2153/1872/1933 2151/1870/1931 2512/2177/2225
f 2153/1872/1933 2513/2178/2226 2152/1871/1932
f 2513/2178/2226 2153/1872/1933 2514/2179/2217
f 2515/2180/2227 2153/1872/1933 2512/2177/2225
f 2515/2180/2227 2514/2179/2217 2153/1872/1933
f 2516/2181/2228 2515/2180/2227 2512/2177/2225
f 2512/2177/2225 2517/2182/2229 2516/2181/2228
f 2512/2177/2225 542/489/499 1476/1281/1356
f 1476/1281/1356 1475/1280/1355 2154/1873/1934
f 1476/1281/1356 2518/2183/2230 2512/2177/2225
f 2518/2183/2230 2517/2182/2229 2512/2177/2225
f 2517/2182/2229 2518/2183/2230 2157/1876/1937
f 2519/2184/2231 2517/2182/2229 2157/1876/1937
f 2518/2183/2230 2520/2185/2232 2157/1876/1937
f 2520/2185/2232 2518/2183/2230 1476/1281/1356
f 2519/2184/2231 2157/1876/1937 2156/1875/1936
f 2202/1921/1972 2519/2184/2231 2156/1875/1936
f 2154/1873/1934 1474/1279/1354 2155/1874/1935
f 1476/1281/1356 2154/1873/1934 2160/1879/1940
f 2520/2185/2232 1476/1281/1356 2160/1879/1940
f 2520/2185/2232 2158/1877/1938 2157/1876/1937
f 2160/1879/1940 2188/1907/1964 2520/2185/2232
f 2188/1907/1964 2158/1877/1938 2520/2185/2232
f 2160/1879/1940 2159/1878/1939 2163/1882/1943
f 2188/1907/1964 2160/1879/1940 2163/1882/1943
f 2163/1882/1943 2162/1881/1942 2186/1905/1962
f 2188/1907/1964 2163/1882/1943 2186/1905/1962
f 2171/1890/1950 2169/1888/1949 2170/1889/1861
f 2170/1889/1861 2173/1892/1860 2171/1890/1950
f 1480/1285/1360 1484/1289/1364 2168/1887/1948
f 1484/1289/1364 2164/1883/1944 2168/1887/1948
f 2171/1890/1950 2174/1893/1952 1481/1286/1361
f 1480/1285/1360 2171/1890/1950 1481/1286/1361
f 1480/1285/1360 1479/1284/1359 1484/1289/1364
f 2188/1907/1964 2187/1906/1963 2158/1877/1938
f 2158/1877/1938 2189/1908/1965 2190/1909/1966
f 2521/2186/1871 2189/1908/1965 2192/1911/1872
f 2521/2186/1871 2193/1912/1869 2189/1908/1965
f 2227/768/1994 736/648/669 731/643/664
f 738/650/671 736/648/669 2227/768/1994
f 735/647/668 736/648/669 738/650/671
f 739/651/672 738/650/671 2227/768/1994
f 1517/1322/1393 738/650/671 742/654/675
f 735/647/668 738/650/671 1517/1322/1393
f 735/647/668 1517/1322/1393 1519/1324/1395
f 1517/1322/1393 759/671/692 1519/1324/1395
f 743/655/676 735/647/668 1519/1324/1395
f 1519/1324/1395 760/672/693 761/673/694
f 764/676/697 1519/1324/1395 761/673/694
f 764/676/697 743/655/676 1519/1324/1395
f 743/655/676 764/676/697 2231/1947/1998
f 2231/1947/1998 764/676/697 763/675/696
f 2231/1947/1998 763/675/696 1523/1327/1399
f 2234/1412/2001 2231/1947/1998 1523/1327/1399
f 2234/1412/2001 1523/1327/1399 2235/795/2002
f 2234/1412/2001 2232/1948/1999 2231/1947/1998
f 2237/1951/2004 2232/1948/1999 2234/1412/2001
f 2237/1951/2004 2234/1412/2001 2233/1949/2000
f 2238/1952/2005 2233/1949/2000 2235/795/2002
f 2232/1948/1999 2236/1950/2003 744/656/677
f 2238/1952/2005 2242/1956/2009 2240/1954/2007
f 2248/1962/2015 2247/1961/2014 2246/1960/2013
f 2248/1962/2015 2239/1953/2006 2247/1961/2014
f 2522/2187/2233 2248/1962/2015 2246/1960/2013
f 2248/1962/2015 2522/2187/2233 2523/2188/2234
f 2248/1962/2015 2523/2188/2234 2233/1949/2000
f 2523/2188/2234 2522/2187/2233 2237/1951/2004
f 2523/2188/2234 2237/1951/2004 2233/1949/2000
f 2522/2187/2233 2524/2189/2096 2237/1951/2004
f 2250/1964/2017 2236/1950/2003 2237/1951/2004
f 2524/2189/2096 2250/1964/2017 2237/1951/2004
f 2253/1966/2020 2249/1963/2016 2251/1965/2018
f 2253/1966/2020 2254/1967/2021 2255/1968/2022
f 2258/802/2024 777/689/710 2252/801/2019
f 778/690/711 777/689/710 2258/802/2024
f 2261/1973/2027 778/690/711 2258/802/2024
f 2261/1973/2027 2525/2190/2235 2260/1972/2026
f 2270/1981/2034 2269/1980/2033 2260/1972/2026
f 2270/1981/2034 2275/1985/2039 2268/807/740
f 2526/2087/2236 2270/1981/2034 2260/1972/2026
f 2525/2190/2235 2526/2087/2236 2260/1972/2026
f 2526/2087/2236 2272/1982/2036 2270/1981/2034
f 2526/2087/2236 2525/2190/2235 2272/1982/2036
f 2525/2190/2235 2276/1986/2040 2272/1982/2036
f 2275/1985/2039 2270/1981/2034 2273/1983/2037
f 2527/2191/2237 2284/1991/2048 2286/1993/2050
f 2527/2191/2237 2287/1994/2051 2284/1991/2048
f 2527/2191/2237 2288/1995/2052 2287/1994/2051
f 2299/2005/1788 2298/2004/2059 2300/2006/2060
f 2318/2024/2077 2311/2017/2071 2288/1995/2052
f 2306/2012/2066 2305/2011/2065 2313/2019/2073
f 2528/2192/2238 2306/2012/2066 2313/2019/2073
f 2315/2021/1729 2528/2192/2238 2313/2019/2073
f 2313/2019/2073 2312/2018/2072 2314/2020/2074
f 2317/2023/2076 2315/2021/1729 2314/2020/2074
f 2317/2023/2076 2316/2022/2075 2318/2024/2077
f 1587/1388/1459 808/720/739 806/718/737
f 1587/1388/1459 2322/2028/730 2324/2030/2040
f 2323/2029/2080 1587/1388/1459 2324/2030/2040
f 2326/2032/2082 1588/1389/1460 2323/2029/2080
f 2326/2032/2082 2529/2120/2038 2321/2027/723
f 2326/2032/2082 2328/2034/2084 2529/2120/2038
f 2328/2034/2084 2326/2032/2082 2323/2029/2080
f 2328/2034/2084 2329/2035/2039 2529/2120/2038
f 2530/2193/2239 2328/2034/2084 2323/2029/2080
f 2325/2031/2081 2530/2193/2239 2323/2029/2080
f 2531/2194/2240 2530/2193/2239 2325/2031/2081
f 2530/2193/2239 2327/2033/2083 2328/2034/2084
f 2530/2193/2239 2531/2194/2240 2327/2033/2083
f 2532/2195/2241 2531/2194/2240 2325/2031/2081
f 2532/2195/2241 2533/2196/2024 2531/2194/2240
f 2329/2035/2039 2328/2034/2084 811/723/741
f 2331/2037/2085 2534/2125/1994 2330/2036/663
f 817/729/745 2331/2037/2085 2327/2033/2083
f 2534/2125/1994 2331/2037/2085 817/729/745
f 816/728/672 2534/2125/1994 817/729/745
f 2535/2197/2242 817/729/745 2327/2033/2083
f 2531/2194/2240 2535/2197/2242 2327/2033/2083
f 2535/2197/2242 2531/2194/2240 1592/1393/1463
f 817/729/745 2535/2197/2242 1592/1393/1463
f 816/728/672 815/727/744 819/731/670
f 2531/2194/2240 2536/2198/2243 1592/1393/1463
f 2533/2196/2024 2536/2198/2243 2531/2194/2240
f 2536/2198/2243 2533/2196/2024 2332/2038/2023
f 2334/2040/2086 2536/2198/2243 2332/2038/2023
f 1592/1393/1463 2536/2198/2243 2334/2040/2086
f 1592/1393/1463 2337/2043/2088 1591/1392/1462
f 1592/1393/1463 2537/2199/2244 2337/2043/2088
f 2537/2199/2244 1592/1393/1463 2334/2040/2086
f 2334/2040/2086 2335/2041/2087 2350/2056/2097
f 2537/2199/2244 2334/2040/2086 2350/2056/2097
f 1595/1396/1465 1600/1401/1399 835/747/758
f 2538/2200/2245 1600/1401/1399 1595/1396/1465
f 2538/2200/2245 1595/1396/1465 2339/2045/2005
f 1595/1396/1465 2346/2052/2093 2339/2045/2005
f 1595/1396/1465 2337/2043/2088 2346/2052/2093
f 2339/2045/2005 2346/2052/2093 2340/2046/2089
f 2346/2052/2093 2348/2054/2095 2345/2051/2092
f 2348/2054/2095 2539/2201/2246 2347/2053/2094
f 2349/2055/2096 2539/2201/2246 2348/2054/2095
f 2540/2135/2017 2337/2043/2088 2537/2199/2244
f 2540/2135/2017 2349/2055/2096 2337/2043/2088
f 2537/2199/2244 2541/2202/2018 2540/2135/2017
f 2541/2202/2018 2537/2199/2244 2352/2058/2021
f 2537/2199/2244 2350/2056/2097 2352/2058/2021
f 860/768/782 859/648/781 2542/650/2247
f 2543/651/857 860/768/782 2542/650/2247
f 2542/650/2247 867/773/789 2543/651/857
f 859/648/781 861/647/783 2542/650/2247
f 859/648/781 855/765/777 861/647/783
f 2542/650/2247 864/771/786 867/773/789
f 2542/650/2247 861/647/783 1609/1406/1477
f 2542/650/2247 1609/1406/1477 864/771/786
f 1609/1406/1477 865/671/787 864/771/786
f 1609/1406/1477 861/647/783 1610/1324/1478
f 861/647/783 2544/2203/2248 1610/1324/1478
f 861/647/783 857/766/779 2544/2203/2248
f 2544/2203/2248 857/766/779 869/775/791
f 1610/1324/1478 2545/2204/2249 880/784/802
f 2544/2203/2248 2545/2204/2249 1610/1324/1478
f 2545/2204/2249 881/675/803 880/784/802
f 2545/2204/2249 2544/2203/2248 894/796/816
f 2545/2204/2249 894/796/816 881/675/803
f 2544/2203/2248 869/775/791 894/796/816
f 894/796/816 1620/1412/1487 895/797/817
f 894/796/816 869/775/791 2358/2062/2104
f 2358/2062/2104 1620/1412/1487 894/796/816
f 2358/2062/2104 2371/2073/2117 1620/1412/1487
f 1620/1412/1487 2371/2073/2117 2546/2205/2250
f 1621/1413/1488 1620/1412/1487 2546/2205/2250
f 2361/2065/2107 1621/1413/1488 2546/2205/2250
f 2358/2062/2104 897/798/819 2371/2073/2117
f 898/799/820 897/798/819 869/775/791
f 2361/2065/2107 2546/2205/2250 2359/2063/2105
f 2369/2071/2115 2359/2063/2105 2546/2205/2250
f 2369/2071/2115 2368/2070/2114 2359/2063/2105
f 2547/2206/2251 2367/2069/2113 2369/2071/2115
f 2548/2207/2252 2371/2073/2117 2547/2206/2251
f 2548/2207/2252 2369/2071/2115 2546/2205/2250
f 2547/2206/2251 2369/2071/2115 2548/2207/2252
f 2371/2073/2117 2548/2207/2252 2546/2205/2250
f 2371/2073/2117 2549/2208/2253 2547/2206/2251
f 2370/2072/2116 2549/2208/2253 2371/2073/2117
f 2370/2072/2116 899/800/821 2374/2074/2120
f 2374/2074/2120 899/800/821 2372/1966/2118
f 898/799/820 901/689/823 896/691/818
f 902/802/824 2377/2077/2123 900/801/822
f 898/799/820 2550/2209/2254 902/802/824
f 898/799/820 2389/2085/2133 2550/2209/2254
f 898/799/820 868/774/790 2389/2085/2133
f 2550/2209/2254 2389/2085/2133 2392/2088/2136
f 2390/2086/2134 2388/2084/2132 907/807/829
f 2396/1985/2140 2390/2086/2134 907/807/829
f 2391/2087/2135 2389/2085/2133 2390/2086/2134
f 2391/2087/2135 2393/2089/2137 2392/2088/2136
f 2419/2005/2160 2418/2105/2159 2417/2003/2158
f 2421/2007/2162 2420/2006/2161 2419/2005/2160
f 2424/2106/2165 2422/2008/2163 2421/2007/2162
f 2551/2012/1620 2423/2011/2164 2424/2106/2165
f 2431/2019/2172 2423/2011/2164 2551/2012/1620
f 2552/2192/2255 2431/2019/2172 2551/2012/1620
f 2552/2192/2255 2434/2113/1706 2431/2019/2172
f 2434/2113/1706 2433/2112/2174 2431/2019/2172
f 1687/1451/1551 2442/2119/836 932/718/835
f 2553/2029/2256 2441/2118/2138 1687/1451/1551
f 2553/2029/2256 1687/1451/1551 2439/1389/2179
f 2554/2031/2257 2441/2118/2138 2553/2029/2256
f 2444/2121/2180 2439/1389/2179 2440/2117/2144
f 2444/2121/2180 2553/2029/2256 2439/1389/2179
f 2447/2123/2183 2444/2121/2180 2443/2120/2141
f 2553/2029/2256 2444/2121/2180 2447/2123/2183
f 2555/2210/2140 2447/2123/2183 2443/2120/2141
f 2446/2122/2182 2553/2029/2256 2447/2123/2183
f 2446/2122/2182 2554/2031/2257 2553/2029/2256
f 2554/2031/2257 2446/2122/2182 2556/2194/2258
f 2556/2194/2258 2446/2122/2182 2445/2033/2181
f 2557/2211/2259 2554/2031/2257 2556/2194/2258
f 2558/2196/824 2557/2211/2259 2556/2194/2258
f 2447/2123/2183 2555/2210/2140 935/723/854
f 2555/2210/2140 2448/722/2184 935/723/854
f 2450/2037/2185 2451/2125/782 952/729/868
f 2451/2125/782 939/728/857 952/729/868
f 2559/2212/2260 2556/2194/2258 2445/2033/2181
f 2559/2212/2260 2445/2033/2181 952/729/868
f 2559/2212/2260 1694/1454/1554 2556/2194/2258
f 1694/1454/1554 2559/2212/2260 952/729/868
f 939/728/857 938/727/856 952/729/868
f 1694/1454/1554 2560/2198/2261 2556/2194/2258
f 2560/2198/2261 2558/2196/824 2556/2194/2258
f 2558/2196/824 2560/2198/2261 2453/2126/2123
f 2560/2198/2261 1694/1454/1554 2454/2040/2186
f 2560/2198/2261 2454/2040/2186 2453/2126/2123
f 1703/1459/1558 1693/1392/1553 955/747/871
f 1703/1459/1558 2457/2128/2188 1693/1392/1553
f 1694/1454/1554 2468/2136/2195 2454/2040/2186
f 2468/2136/2195 1694/1454/1554 2457/2128/2188
f 2468/2136/2195 2458/2129/2189 2454/2040/2186
f 1703/1459/1558 1704/1460/1559 2561/2045/2107
f 1703/1459/1558 2562/2213/2262 2457/2128/2188
f 2562/2213/2262 1703/1459/1558 2561/2045/2107
f 2562/2213/2262 2561/2045/2107 2460/2131/2191
f 2561/2045/2107 2461/2044/2108 2460/2131/2191
f 2562/2213/2262 2460/2131/2191 2465/2133/2193
f 2563/2214/2263 2465/2133/2193 2466/2134/2194
f 2562/2213/2262 2563/2214/2263 2457/2128/2188
f 2563/2214/2263 2562/2213/2262 2465/2133/2193
f 2564/2201/2251 2563/2214/2263 2466/2134/2194
f 2565/2055/2253 2457/2128/2188 2563/2214/2263
f 2564/2201/2251 2565/2055/2253 2563/2214/2263
f 2565/2055/2253 2467/2135/2116 2457/2128/2188
f 2566/2202/2120 2468/2136/2195 2467/2135/2116
f 2468/2136/2195 2566/2202/2120 2469/2058/2119
f 971/849/886 969/847/884 2472/2138/2197
f 971/849/886 2472/2138/2197 986/864/901
